work,0.3519,1.6766,0.9427,2.3703,0.9159,1.1602
obey,0.9118,-0.2515,-1.0531,1.8509,4.4365,1.8215
dispute,-0.0637,1.3963,1.5644,2.1571,1.3054,1.7336
grin at,2.3993,1.7102,-0.0551,1.4751,1.5018,4.0018
eye,-0.4420,0.3680,-0.6234,1.3076,1.8583,1.7831
misinform,-2.3827,0.9243,0.3440,0.7263,2.9526,2.1451
bargain with,1.1439,1.2561,1.0708,1.7261,1.4581,1.4757
sexually proposition,-1.1354,1.2186,0.7289,3.5699,3.1518,3.4133
confer with,1.5604,1.4814,0.0128,1.6284,1.2522,2.5495
injure,-3.0193,1.6498,1.3580,1.9912,4.6717,2.7429
evade,-0.8790,-0.2037,-0.2853,1.6190,2.7456,3.8758
jolt,-1.0538,1.3538,1.9902,1.5109,1.3472,1.3799
double-cross,-3.0044,1.3054,0.4756,0.9551,4.7487,4.2974
corrupt,-3.1449,2.2210,-0.1223,1.4153,3.7671,5.3693
converse with,2.2495,1.6620,0.9187,0.8829,1.6636,2.7041
glare at,-1.4200,0.7502,-0.9217,1.3713,1.9409,2.4149
rebuke,-0.5967,1.5015,1.2127,2.2359,1.9190,0.8649
murder,-4.1525,2.4138,1.0288,0.1289,7.8654,8.3186
tell off,-1.1125,1.3066,2.0479,2.1553,3.0201,1.7723
praise,2.6095,2.0246,0.8082,1.7878,1.9969,2.4347
exalt,0.3211,1.1208,1.2815,3.7097,3.4235,1.5823
detain,-1.0100,1.9933,0.5627,2.7485,1.7646,3.6344
blind,-3.2987,1.9282,0.5984,1.2825,5.9145,4.3661
execute,-2.5850,2.7840,1.3557,2.7797,4.0225,6.9040
discipline,0.9571,2.1692,1.1466,2.3051,1.5528,1.6409
test,0.2817,1.3597,0.1233,1.7277,1.0740,1.9037
teach,2.9689,2.9069,0.3006,1.1699,1.1258,3.9496
overwork,-2.2187,1.3243,1.2495,2.4045,2.8734,3.2769
steal from,-3.5013,0.7787,0.1997,0.7088,6.3729,4.7033
enrapture,0.2688,2.0730,0.5777,3.1565,1.7977,2.8509
ask about,1.7315,0.8145,0.1351,2.0577,1.6195,1.4440
exile,-2.0482,2.2771,0.8049,2.3459,2.8633,3.9657
begrudge,-1.7098,0.4677,-0.3060,1.6476,3.8545,3.4667
inspect,-0.0293,1.0365,-0.3345,1.8110,1.3885,2.6315
prompt,0.5721,0.8786,0.1842,1.2363,1.2425,2.3559
back,2.2117,2.0818,0.8625,1.2905,1.3483,2.9502
outdo,0.7197,1.8248,1.3553,2.9612,1.7689,1.9651
bury,-0.7481,1.1390,-1.6135,4.4622,5.4830,3.6408
wrestle with,-0.1871,1.3180,2.4729,2.2538,3.0560,1.9474
pray for,3.0589,2.2747,-1.7274,2.4711,4.7679,3.9981
deprive,-2.4512,1.1807,-0.4231,3.0658,5.4024,3.5785
pacify,0.9116,1.2466,-0.7084,4.5123,3.5722,3.0508
wheedle,-1.2643,0.5346,0.1370,1.2266,2.9024,2.7810
hurt,-3.3318,1.3705,0.8512,0.9787,6.2852,5.3587
commend,2.2254,1.9557,0.4064,2.2873,2.1066,2.9726
punch,-2.6559,1.5210,2.4997,2.2801,4.6579,2.2609
pull away from,-0.8234,1.1146,-0.5912,1.2895,2.1275,3.3480
upset,-2.5868,1.1732,0.8783,1.6361,3.6385,3.3982
fire from a job,-1.2586,2.1322,0.6743,1.9679,2.8561,2.8514
hush,-0.7661,0.9465,0.1502,1.6300,1.7457,3.1937
ostracize,-2.7490,1.1026,0.6057,1.3094,4.9463,5.6276
astound,1.6477,1.9853,1.4032,1.9918,1.8389,1.8099
reproach,-0.7448,0.6514,0.6148,1.9812,2.4596,1.7065
identify,1.3129,1.2217,0.1451,1.3779,1.5180,2.1079
idolize,-0.2600,-0.1607,0.1888,3.0219,3.9818,2.8514
incarcerate,-0.5175,2.3000,0.4811,3.8205,1.6748,3.3596
shove,-2.5363,1.1163,1.7956,1.4828,3.2557,2.1626
corner,-1.7479,1.9317,1.0462,3.0652,2.0531,3.3998
desire,1.2298,0.8403,0.0254,2.1631,4.2314,3.8755
stab,-3.7285,1.9993,2.2237,1.2599,5.9844,4.4343
indulge,0.9200,0.9583,0.6169,1.9958,1.1867,0.9605
arouse,1.9935,2.0528,1.0734,1.6891,2.0531,3.7331
lend money to,1.6865,1.7668,-0.0715,1.9146,1.7489,2.5937
stroke,1.4228,0.8166,-0.9079,2.0755,2.4503,3.7551
scowl at,-1.9685,0.3468,-0.2024,1.4139,3.1041,3.9369
guide,2.7321,2.3097,-0.5364,1.3813,1.7952,3.0040
strangle,-3.9679,2.2604,0.4457,0.5031,5.2531,8.8290
giggle with,2.9622,1.8815,2.0236,0.9298,1.4907,2.6320
abduct,-3.7661,1.7993,1.0393,0.6736,6.1662,6.7612
cajole,-0.6009,0.6826,0.8748,2.8565,1.6350,1.7191
observe,0.6079,0.5697,-1.4518,1.1710,1.5735,1.5053
frighten,-1.3871,1.2043,1.4039,1.6366,2.7355,2.1997
haggle with,-0.3234,0.8313,1.2751,2.2481,1.6332,1.9976
query,0.4949,0.4688,-0.0870,0.9878,1.6233,1.1434
constrain,-1.9607,1.1877,0.3535,1.9514,4.7506,2.8399
underestimate,-1.8732,-0.7779,-0.5875,1.5068,3.5160,2.1905
order,-0.5761,1.7925,1.4397,2.5385,2.3366,1.4749
need,0.6839,0.1892,0.0282,3.4405,4.3304,2.7885
hunt for,-1.1873,1.0826,-0.0935,2.4201,2.2135,4.4210
alert,2.1811,2.0879,2.1121,1.2231,1.8047,1.8340
box,-1.0400,1.3359,2.0176,2.6133,3.1172,2.0881
cuddle,3.2397,1.8861,-1.4411,0.7437,2.4263,3.4251
adore,2.5972,1.9525,0.2793,1.4399,2.8668,3.6774
mortify,-2.6218,1.3407,1.0451,1.9822,4.4770,3.9601
dare,-0.5032,0.8943,1.4254,1.6303,1.6209,0.8567
reward,2.6811,2.2943,0.7532,1.0705,1.1304,2.4344
heckle,-1.8736,0.3420,1.8300,0.9175,3.6089,1.6755
appease,0.6255,0.6482,-0.1490,1.6231,2.4974,2.2355
approve of,2.0782,2.0282,-0.1618,1.6861,1.1821,1.8167
beat up,-3.2575,1.2811,2.1568,0.9730,5.3866,3.5481
tempt,-1.4236,0.8496,-0.0821,2.4907,2.8454,2.4986
denounce,-2.0075,0.8575,0.8132,1.8570,3.5019,2.6632
protect,3.4843,3.1296,0.8261,0.6212,0.7858,3.6498
confront,0.4754,1.9364,1.3029,3.2443,1.5661,2.1030
expose,-1.4411,1.2246,0.9278,1.8962,3.0914,2.2749
whine to,-2.0121,-1.3657,1.3993,1.1881,2.1076,2.5052
admire,2.2986,1.5811,-0.1782,1.5375,1.8559,2.2687
interest,2.0682,1.8425,0.6772,1.5146,2.1092,1.8836
punish,-0.7946,1.5073,1.0231,1.8179,2.0195,2.0750
drink to,1.3919,1.1500,1.6881,2.9266,2.2018,1.2751
con,-2.8092,1.1354,0.7158,1.4814,4.1934,3.3223
honor,3.1200,2.9135,0.0858,1.5208,1.4330,2.1738
ignore,-1.7519,0.3262,-1.3046,1.5110,3.5122,2.2697
browbeat,-1.7955,0.8884,0.8303,2.3901,2.7450,2.1107
misjudge,-2.3035,0.4012,0.4300,1.2648,4.2081,2.4206
greet,2.6235,1.9396,1.3881,1.8936,1.4886,1.9220
banish,-2.2827,2.0166,0.9385,1.6873,3.9233,3.9473
authorize,1.3289,2.1315,0.3761,0.9507,1.4296,1.4965
enjoy,3.0665,2.0723,0.7973,0.9786,1.3466,1.8616
chat with,2.2596,1.1946,1.0504,1.1970,1.4139,1.8202
brawl with,-2.0369,0.6950,2.7416,2.2179,4.3204,1.0022
nag,-2.0238,-0.4254,2.0754,1.4224,3.1628,1.6265
trap,-2.7569,1.3350,0.8465,1.1813,4.5784,3.5705
massage,2.3139,0.9011,-1.5473,1.4011,2.2087,2.3293
strip,-1.4721,1.3294,0.9102,3.3395,2.1745,2.3798
exhaust,-0.7185,0.9000,1.0258,1.8157,1.6146,2.1160
distress,-2.1771,0.9065,0.9645,2.1363,2.6496,1.7057
summon,0.0235,1.8116,0.6146,1.2617,1.0073,2.0817
forsake,-2.2179,0.7837,-0.0388,1.5238,3.8593,3.0125
assist,3.2985,2.5712,0.5627,0.9771,1.4822,2.0880
dote on,0.5850,0.5282,0.3175,2.9061,1.9018,1.1095
victimize,-3.2514,0.8208,0.9279,1.4351,6.2474,3.0119
trick,-1.9288,0.6965,0.1881,1.2324,2.4987,2.6817
whisper to,0.4446,0.1154,-2.4481,0.6463,2.2809,1.6692
peek at,-1.3879,-0.6420,-0.9855,1.6933,2.0180,2.0602
evict,-1.7896,1.9662,0.8027,2.0570,1.4299,2.7016
reason with,2.7765,2.2169,-0.3442,1.0665,1.3995,2.4124
pay,2.1004,1.8685,-0.0285,1.6062,1.1090,2.6142
toast,1.9856,1.5760,1.6664,2.5005,1.7421,1.9849
welcome,3.1296,2.2000,1.2185,1.0165,1.6738,2.1395
provoke,-1.7831,1.0685,1.6054,1.5228,2.3069,1.5548
comply with,1.1082,0.0397,-0.5432,1.2950,2.6940,1.3747
scare,-1.4000,1.1898,1.7382,1.2423,2.3820,2.2751
harm,-3.2993,1.5036,1.2982,0.8914,6.3496,2.7971
terrorize,-3.7102,1.9618,1.6346,0.5781,6.1725,5.0370
free,2.7644,2.5003,0.4578,1.6898,2.4345,2.8021
enslave,-3.8007,2.2486,1.4729,0.9192,5.6360,4.3080
consult,1.8953,1.2186,-0.1000,1.1831,2.0836,1.1399
shock,-0.6411,1.3902,1.8789,1.7946,1.9670,1.3928
compensate,2.3564,1.5518,-0.0129,0.9619,1.5509,1.8955
remember,2.3564,1.9279,-0.0039,1.4294,1.3287,2.2319
question,0.6404,1.4713,0.5665,1.5030,1.2289,1.5140
seize,-1.9113,1.8362,1.7389,2.4342,2.7191,2.7048
hoodwink,-1.6746,0.6491,0.3737,1.1185,2.9940,2.7850
worship,0.1889,0.7311,0.2870,4.6530,7.0550,2.5139
interrogate,-0.8154,1.9904,0.9746,1.2688,2.2527,2.4207
grapple with,-0.8019,0.7981,1.5127,1.6285,2.1178,2.2323
consider,1.8950,1.3604,-0.1729,1.5983,1.6346,2.2196
look at,0.7706,0.5724,-0.2236,0.9465,1.4089,1.7810
disconcert,-1.3505,0.5169,0.0589,0.9509,1.8278,1.4094
fall in love with,3.0086,2.6490,0.7729,1.5637,4.2107,4.8454
hug,2.9851,2.1313,-0.2262,1.2421,1.6334,2.9815
grab,-1.2346,1.3954,1.6882,1.6315,2.1348,2.0224
cripple,-3.2832,1.7139,1.0871,2.3398,5.9403,4.9717
soothe,2.9226,2.1070,-1.6404,0.9015,1.4935,3.1132
bully,-3.5353,0.8949,1.5778,0.7667,7.9531,3.6861
hit,-2.6738,1.3873,2.1924,1.5891,3.9669,2.6625
scold,-1.2607,1.4418,1.5266,1.8046,1.9116,1.8917
charge,-0.6835,1.3327,1.2581,1.4614,1.8406,1.3204
abet,0.0913,0.5965,-0.0295,1.3472,0.4133,0.5887
doubt,-0.8400,0.4807,-0.4956,1.8578,2.7663,1.4822
overwhelm,-1.0993,1.6214,1.7280,1.9343,2.1308,1.9053
approach,1.5900,1.5193,0.7489,1.2656,1.5941,1.5714
transact business with,1.4393,1.5164,0.5727,1.4629,1.4283,2.2748
elect,1.8608,2.7462,1.7562,2.8188,1.0335,2.4592
contradict,-0.3115,0.6677,0.7115,1.2746,1.5359,2.3644
avoid,-1.4146,-0.3100,-0.6231,0.9717,3.4611,3.3590
trust,3.3438,3.0354,-0.0615,0.9816,1.6795,4.3541
haunt,-2.6015,1.8731,-0.8769,1.7642,3.6929,4.3224
humiliate,-3.2438,0.8185,1.2723,1.1892,7.6419,4.2035
captivate,2.2677,2.9208,1.4754,1.8471,1.9520,2.5528
wait on,0.6531,-0.7069,-1.7877,4.5868,3.8332,3.0509
gratify,2.6454,2.3738,0.8823,1.6101,1.4253,3.0327
abhor,-2.1276,0.8962,0.6229,2.7946,4.9022,3.4304
negotiate with,2.1477,2.3131,1.1131,1.0321,1.6216,2.9067
slug,-2.7208,1.0640,1.4544,1.5979,5.3095,4.4982
hypnotize,-0.1062,1.9208,-0.7885,1.4664,3.2984,4.3274
give medical treatment to,3.0785,2.8008,1.5662,1.6526,3.9515,4.1513
eat with,2.7069,1.2454,0.9962,1.5325,2.6927,2.7510
degrade,-3.5238,0.7500,0.1831,0.9592,9.1125,5.2126
kill,-4.2646,1.9523,-0.1092,0.0261,9.4948,10.4578
sleep with,1.1528,2.2064,1.2512,2.9408,1.7487,4.1341
belittle,-3.3685,0.0123,-0.1177,1.1323,8.7667,6.9231
turn to,1.9100,1.1423,-0.1731,3.5339,3.4623,2.0902
speak to,2.3138,1.5192,1.6869,1.8016,3.3762,1.6963
rouse,0.6336,1.1360,1.3520,2.7914,2.2148,2.1169
laugh at,-0.5600,0.8454,1.9877,2.5527,3.8448,1.2086
push,-1.8262,1.0362,1.5015,2.1987,3.0333,1.8162
cut,-3.0654,1.6169,0.6015,1.5006,4.7177,6.0482
destroy,-3.7262,2.2831,1.8400,0.6813,6.6208,7.1712
argue with,-1.5692,1.1785,2.2162,2.2576,2.8551,2.7078
bicker with,-1.8546,0.3023,2.1138,1.4793,4.6903,1.9442
thrill,2.5654,2.1569,2.8562,0.8396,1.6298,0.9030
gawk at,-1.3708,-0.2762,-0.0277,1.7568,2.7707,3.0926
sing to,2.2754,1.7369,1.6600,2.0292,2.6025,2.8629
bestow something to,2.0746,2.1108,0.5200,1.4217,1.3617,2.2116
prosecute,-0.4269,2.6631,1.2054,3.9932,1.4078,2.5045
cure,3.6741,3.5904,0.2697,0.5560,0.6364,3.6948
irritate,-2.3586,0.5890,1.8352,1.0627,2.6398,2.2957
bother,-2.0724,0.4931,1.7510,1.3692,2.1235,2.0162
grasp,0.4859,1.4498,0.8368,2.5249,1.9869,1.7216
avenge,-0.0996,2.1607,0.9834,4.1572,1.7787,3.8616
like,2.5145,1.9197,0.7493,0.9670,2.3791,3.0831
stammer at,-0.9227,-0.6596,0.5931,0.8773,1.6976,1.9394
notice,2.1138,1.5641,0.1483,1.6980,1.9430,2.7032
accuse,-1.5648,1.2459,1.3676,1.6337,2.8451,1.6965
sneer at,-2.0484,-0.2280,0.0487,2.1098,2.6815,2.7907
propose marriage to,2.9652,3.1297,1.0865,1.7762,2.4211,5.6937
cheer,3.0484,2.5775,2.4319,1.2363,1.8186,1.7501
expel,-1.7507,2.7924,1.2114,2.0938,1.0385,2.7950
harangue,-1.4695,0.3343,1.2362,0.9839,2.0347,1.5187
collaborate with,2.2686,2.1672,0.8545,1.9431,1.2857,2.2686
stare down,-1.4310,1.4028,-1.4131,1.0948,2.2535,1.3391
needle,-1.5000,0.2429,0.1581,1.9417,2.0487,2.3821
demoralize,-3.1231,1.3856,0.6579,1.1222,4.6979,4.0646
fib to,-1.9674,0.5333,-0.0077,1.7822,3.6024,1.8093
bellow at,-1.0585,0.8146,1.9073,2.0247,2.5814,1.8638
entrust,2.4309,2.4145,-0.7058,1.5328,2.1098,3.3155
conspire with,-0.3912,1.4561,-0.1141,2.1585,1.5751,3.0435
leave,-1.8242,1.7951,-0.0800,2.2429,3.8086,3.3060
urge,0.6186,1.5204,1.3642,1.2437,1.0697,1.8479
guard,2.5652,2.7503,0.0500,1.3217,1.1003,4.1418
mother,2.8496,2.9266,0.3572,2.3049,2.2243,5.5737
choose,1.9924,2.4417,0.0462,2.0346,1.1908,2.9221
attract,2.4966,2.6072,0.7407,1.5061,1.5596,2.6008
defy,-1.1218,1.5186,0.7747,2.6952,2.2905,2.2026
spoil,-0.6973,1.2100,1.0076,3.6549,2.3696,1.7666
help,3.5190,3.2621,0.6463,0.7478,0.9879,3.4277
awe,2.0914,1.9607,0.3079,1.4746,2.4859,3.7249
pamper,1.0140,1.2547,0.0891,3.6365,2.3631,2.9533
interrupt,-2.0291,0.4639,1.8067,0.9232,3.0419,2.3382
divorce,-2.1326,1.3449,0.0540,1.4846,5.1618,4.7603
club,-2.7785,1.8848,1.7819,1.8133,3.1763,3.7910
wrong,-2.9304,0.8775,0.3007,1.2732,4.3776,2.6035
hate,-2.8312,0.9646,-0.1526,2.0272,7.0833,4.8949
assassinate,-3.3719,2.6625,0.9197,2.7554,4.6040,8.3993
please,2.3691,1.7126,0.3119,1.3325,1.9484,2.6079
humor,2.2923,1.8825,1.2340,1.9827,1.6912,2.1187
criticize,-0.9197,0.9782,1.0326,2.8685,3.3234,1.5280
chew out,-2.0404,1.4347,2.3025,2.2188,3.8767,1.9940
bill,-0.2800,1.3264,-0.1893,1.5072,1.1705,2.0281
rebuff,-0.5014,1.0550,0.7345,1.9391,2.9546,2.0271
disqualify,-1.0947,1.5323,0.7144,1.8308,1.8909,1.3601
laud,1.0800,1.0045,0.9897,3.7209,1.2785,1.0452
cave in to,-1.2600,-1.1875,-0.6922,1.5616,3.1384,2.5575
drone on at,-2.1019,-0.4251,-0.1940,0.9028,2.3404,5.4646
inspire,3.4102,3.2804,0.5902,0.5582,0.8294,3.8882
drug,-3.4267,1.4007,-0.2621,1.7830,6.2298,4.8928
endanger,-3.2118,1.2032,1.2107,1.2053,5.4941,2.9290
appoint,1.7429,2.3011,0.4150,1.1866,1.2019,2.2671
confound,-0.2684,1.0560,0.3698,2.5213,2.7801,1.7772
discomfort,-2.2902,0.7677,0.4888,1.3278,3.1652,2.3506
entreat,0.9000,0.7935,-0.0530,1.8666,1.9848,1.0263
share something with,2.5246,2.0400,0.1954,1.5554,1.9011,2.3466
serenade,2.1970,1.6162,-0.0654,1.3777,1.2225,3.5863
rescue,3.4277,3.3130,2.1060,1.8988,1.1681,1.9727
blabber to,-1.2924,-0.3327,1.7545,0.9464,2.2341,2.6015
stare at,-0.7947,0.4102,-1.5804,1.3064,2.1080,1.7855
outwit,1.2362,1.9053,0.9049,2.1893,2.4693,2.5900
discuss something with,1.6993,1.5179,0.3470,1.6622,1.8039,2.0883
wed,2.9576,2.9074,0.7867,1.1987,1.2297,3.0773
discharge,-0.4360,1.5222,0.3396,1.7368,2.1981,1.4293
disenchant,-1.4550,0.3768,-0.2863,1.3772,2.9559,2.3287
kiss,2.4298,2.2948,0.1189,1.4192,1.6056,4.6839
confess to,1.6919,1.7400,-0.0873,1.5571,2.4322,2.6321
backstab,-3.3981,0.8423,0.3366,0.9400,6.5178,5.9382
rib,-1.1365,0.0924,1.0262,2.2513,2.6674,2.0490
blame,-2.2581,-0.5196,1.0761,1.9415,4.5561,3.1293
rebel against,-0.0004,1.9457,1.9555,2.6897,2.0308,2.3719
liberate,2.9133,2.8216,0.9522,1.8538,2.3758,3.8880
disable,-2.7446,0.5577,0.6531,1.8101,5.7489,2.3890
prod,-0.8943,0.1786,0.6429,0.9878,1.1578,2.0842
boss,-1.2102,1.6570,1.5804,1.7731,1.8722,1.5967
compete with,1.4589,1.5611,1.8723,1.4500,1.1501,1.2022
bribe,-1.4581,0.8457,0.5064,2.0543,3.0546,2.7421
shun,-2.4446,0.6669,-0.2969,1.5092,5.3966,3.5427
marry,2.3619,2.1385,0.2879,2.1332,3.3329,4.0954
haze,-2.9125,1.0804,1.5861,1.3404,4.8145,4.5058
disobey,-1.4181,0.9211,0.6600,2.2116,2.7622,1.9133
disregard,-2.0160,0.0420,-0.6470,0.9061,4.1748,1.8259
flee,-0.5608,0.1350,1.1723,1.6887,3.0401,3.3195
bless,2.3900,1.8962,-0.0946,2.1561,3.3693,3.3247
deride,-1.5800,0.0450,0.7875,2.5375,2.7268,2.2248
drink with,1.0223,0.5812,1.2627,2.0269,1.1301,1.7321
cling to,-0.9435,-1.4058,-0.2435,3.2911,3.0483,3.0367
compromise with,2.1702,2.0008,-0.1336,1.3518,2.2816,2.4685
taunt,-2.5004,0.2038,1.4589,1.3355,4.1159,1.8768
coax,-0.1711,0.9430,0.0141,1.2965,0.9820,2.2188
betray,-3.4316,0.5208,0.1339,0.9580,7.6085,4.0756
talk down to,-2.9842,-0.5898,1.1725,1.1118,5.6392,2.8032
baptize,1.6242,1.9273,0.1804,3.0719,3.1716,3.0072
talk to,2.2483,1.7555,0.9192,1.2938,1.5427,2.1337
reform,0.6548,1.6956,-0.2612,2.1905,1.2099,2.5769
persuade,0.7888,1.9292,0.6165,1.4540,1.6969,1.8384
fix,1.5648,2.2837,0.0263,3.7355,1.6773,3.9875
control,-2.0051,2.3389,0.2484,2.1143,3.0113,3.6785
demand,-1.3927,1.4135,1.5055,1.2970,2.4810,1.6098
jostle,-1.0357,0.8339,1.5313,0.7585,2.2256,1.3523
escape,1.5891,1.9447,0.6076,2.2667,2.0126,5.0628
convince,1.1182,2.1931,0.5447,1.3791,2.1278,1.6446
exorcise,-0.8687,1.3061,1.7370,4.1525,3.9965,2.5689
abort,-1.9204,1.3374,-0.3192,3.2338,6.0121,5.7303
smother,-1.9869,0.8429,0.3909,2.5422,4.5315,5.0824
mimic,-1.0000,-0.4164,0.9862,1.7841,2.9047,1.8441
curtsey to,1.5450,0.1004,-0.7742,1.9881,3.3895,2.9223
ask someone out,2.3905,1.9549,0.4705,1.4694,2.3371,3.1877
jest,-0.4982,0.1800,1.5055,2.2879,2.2530,1.7730
endure,0.5830,0.6947,-0.7993,2.4587,2.5766,1.7910
spurn,-1.4786,0.0013,0.9373,1.8007,3.3026,2.9606
accommodate,2.6175,1.7487,0.5084,1.4543,1.6004,1.4399
alienate,-2.9145,1.1287,-0.4633,0.9892,5.0722,4.1355
combat,-1.2102,1.3840,2.0095,2.1932,2.5842,2.3750
bequeath to,0.4542,1.1381,0.1458,3.6437,2.1293,1.5950
cut the pay of,-2.3320,1.9422,-0.0363,1.4318,3.1633,3.6380
penalize,-0.5782,1.8691,0.3585,2.4181,1.7797,2.2296
curse,-2.5004,0.4927,1.2105,1.4022,4.6408,4.2954
neglect,-3.2567,0.8622,-1.1833,1.0402,7.1604,4.0888
molest,-4.0425,1.0684,0.6687,0.3028,10.8919,6.1567
butter-up,0.1478,1.0422,0.4007,3.0311,2.1373,1.8291
charm,2.0833,2.0345,0.6382,1.6608,1.4340,3.1578
slay,-3.2359,1.9478,1.3481,1.7676,6.2170,5.7372
endorse,1.9108,1.6863,1.0115,1.4688,1.9743,1.3466
confide in,2.0011,1.8360,-1.1636,1.6678,3.3766,2.5360
deter,-1.1565,1.0420,0.1981,1.9447,3.1024,1.9283
hold,2.8585,2.3476,-1.1320,1.3093,1.9316,4.5200
brief,1.1615,1.1219,0.3962,1.3048,0.9790,1.5553
tackle,-0.6607,2.3421,2.8604,2.3449,1.5577,1.0383
whip,-3.3514,2.2345,2.4804,1.3289,4.2594,3.0531
convert,0.0907,2.0579,-0.0517,2.4105,2.4851,3.0114
disturb,-2.1300,1.0793,1.7338,1.4447,2.4990,2.2290
repulse,-2.4000,0.8557,0.5786,1.6584,3.9357,2.6480
cue,1.0864,1.4034,0.3136,1.0677,1.2236,2.3378
bawl-out,-1.0866,0.6600,1.3111,1.8603,3.6954,2.0373
undress,1.1073,1.9128,0.0445,2.2172,2.0959,3.4264
oppose,-0.1121,1.6021,1.2341,1.2591,1.4315,1.2455
curry favor from,0.2974,0.1057,0.4161,1.2433,1.4265,0.8853
delay payment to,-2.6779,0.0597,-0.9883,1.1129,5.8880,3.3108
subdue,-0.6468,1.6328,0.7596,2.2291,3.4675,3.5574
get to know,2.9024,2.2448,0.3203,0.7066,1.4603,3.3089
encourage,3.3417,2.7411,1.4717,0.9511,1.7315,1.6780
suspect,-0.8093,0.5983,-0.5452,1.2838,1.5961,2.1833
esteem,2.4781,1.9227,0.6483,1.4710,2.2287,2.1110
grouse at,-1.1683,-0.1227,0.6545,1.0850,1.6993,1.6530
sweet-talk,0.7686,1.8717,0.5521,2.6461,1.9601,2.9769
obstruct,-1.6268,1.4443,1.0136,1.2338,2.7191,2.4552
ensnare,-1.8071,1.4448,0.8238,2.3087,2.9537,2.7132
treat,2.7728,2.0490,0.5648,1.5962,2.0005,2.6571
ogle,-0.8470,-0.2830,-0.0735,1.8850,2.7969,2.3493
quiz,0.6042,0.9066,0.4673,1.8293,2.1509,2.5655
sicken,-2.7828,1.0733,0.1677,1.0319,4.3648,3.5854
assail,-1.4681,1.1719,1.3217,2.1117,2.7544,2.6961
explain something to,2.3738,1.9783,0.1624,1.3915,1.3446,2.5216
seek advice from,2.1123,1.0568,-0.3428,1.5996,3.0264,2.1084
shield,2.3421,2.8537,1.2579,3.4018,1.3618,2.8744
dress,1.2172,1.2642,-0.2263,1.3280,1.6130,2.3402
employ,2.4286,2.6014,0.3252,1.5723,1.2127,2.0763
imprison,-1.0804,2.4852,-0.1483,3.3439,2.2880,3.8884
repel,-1.5546,1.6139,0.6868,2.1857,2.2388,1.8596
lure,-0.9828,1.7741,-0.6376,1.6708,1.3730,2.6945
gossip with,-1.6304,0.4039,0.9414,0.7468,3.0802,3.8381
support,3.0550,2.7543,0.3161,1.1118,1.7797,3.8000
stall,-0.8946,0.1498,-0.1753,1.0596,1.8033,2.5580
desire sexually,1.6204,1.6200,1.4095,1.8400,3.6529,2.6149
offend,-2.4025,0.8686,1.2629,1.0772,3.0893,1.4554
lust for,-0.0829,1.3404,0.6215,3.0204,4.2958,3.8150
scorn,-1.7839,1.3478,1.3539,2.0852,2.4022,1.9821
yield to,0.1622,-0.7004,-1.1080,3.0095,2.7473,1.8659
dazzle,2.3444,2.2073,1.6760,1.1479,1.2795,2.0666
torment,-3.3232,1.3379,0.6032,0.9425,4.9756,4.0490
elbow,-1.6646,0.4943,1.1382,1.1488,2.0281,1.8396
damn,-2.8641,1.0685,1.5263,1.1233,5.7758,3.0994
amaze,2.6929,2.7482,1.7832,1.2698,0.8388,2.7103
capture,-1.0553,2.2811,1.5218,4.2488,2.1086,1.9137
congratulate,2.9329,2.2925,1.6068,0.9169,1.4585,2.1551
borrow money from,-0.7243,-0.6289,-0.4843,0.8058,3.0196,1.3406
find,1.9764,1.8525,0.7660,1.3246,2.1117,2.6243
cross-examine,0.0104,1.1900,0.7314,1.5737,2.5041,2.3928
tantalize,-1.1111,0.5593,0.5300,2.5177,3.9481,2.8891
disgrace,-2.5600,0.8600,0.5204,0.9535,5.0321,2.8330
lie to,-2.5436,0.7579,-0.1936,1.3435,5.8365,3.5552
infuriate,-2.3986,1.6397,1.6918,1.0044,3.1248,2.7078
scratch,-1.3800,0.4236,1.0465,2.1981,1.8686,1.7164
glance at,0.7561,0.0346,-0.1096,0.7137,1.3199,2.7993
hail,0.2596,0.8430,1.1260,1.9672,2.6483,2.4482
extort,-2.4025,1.4106,0.6555,1.9038,2.9135,2.8300
pray with,2.2864,2.1839,-1.3800,2.3869,3.1211,3.3682
josh,0.2004,0.3949,1.2302,2.5573,1.5628,1.0291
laugh with,3.2261,2.4054,2.4954,1.0500,1.3912,1.0667
complain about,-1.7861,-0.9911,1.0625,0.7444,2.7733,2.4813
harass,-3.0439,0.5461,1.5625,0.8605,5.1428,2.8468
beckon,0.2989,0.6611,0.4483,1.2655,1.8127,1.9606
rant at,-1.5586,0.2264,2.3775,1.5873,3.0034,1.2356
suggest to,1.1793,1.3367,0.5026,1.1703,0.9616,1.6745
convict,-0.1903,2.1325,0.7718,3.1412,3.0388,2.7775
mouth off to,-1.9996,0.6061,2.1839,1.6117,3.1850,1.2614
debase,-1.7406,0.4606,0.4955,1.4903,2.0604,1.8269
alarm,-0.3467,1.5256,2.3759,2.4827,1.2206,1.4431
search,-0.2389,0.8135,0.6869,1.8138,1.9968,1.9667
supervise,1.1247,2.2306,-0.2698,1.5355,1.0794,2.4746
value,2.9672,2.4018,-0.2625,1.0471,1.7568,3.0834
revere,1.7141,1.3204,-0.5490,1.7942,2.5602,2.6600
lay-off someone from a job,-1.9255,2.0342,0.3880,1.4053,2.0731,3.0186
silence,-1.2657,1.7132,0.5550,1.5989,1.4895,3.5957
coach,2.5432,2.2043,1.3504,0.9171,1.7496,3.0597
touch,1.1168,1.4764,-0.4061,1.8599,1.6974,1.9735
forbid,-1.3086,1.9279,0.7222,1.7308,1.9543,2.5551
console,2.7886,2.0957,-1.1250,1.5822,1.9500,2.7235
leer at,-1.2782,0.1813,-0.4489,1.3604,2.0835,2.2489
appeal to,1.9761,1.7957,0.1725,1.0940,2.2048,1.9021
demean,-2.7253,0.6370,1.0962,0.9896,4.8416,2.5117
financially back,2.0347,2.4897,-0.0222,2.0531,1.1561,2.0462
submit to,-1.3989,-1.4782,-1.1822,2.7600,4.5301,2.0467
fluster,-0.2193,1.2386,0.8429,2.5320,1.9492,1.9475
court,2.0548,1.7204,-0.1352,1.6204,1.0451,2.1843
hide from,-0.9471,-1.0468,-1.5547,1.1201,2.8322,2.6385
sit next to,1.1872,0.5475,-0.4614,1.2630,1.6226,1.7945
unfriend,-1.5611,1.1614,-0.3621,1.4848,2.7438,2.5525
show something to,1.2111,0.9540,0.1179,1.3059,1.7513,1.5367
detest,-1.8972,0.4254,0.2443,1.5144,4.3673,2.6880
catch,1.1668,1.7454,1.1279,2.1071,1.9663,2.1668
mug,-3.3078,1.1671,1.5336,1.5114,3.4821,4.2832
kick,-2.5346,0.8527,1.8331,1.4130,2.7207,1.7997
elude,-0.4212,0.5306,-0.7381,1.9675,2.1186,3.5663
drive out,-1.6581,1.4177,1.0993,1.8040,2.0477,2.2714
chastise,-1.5498,0.9651,1.1482,2.0936,3.1526,2.0300
say farewell to,-0.4475,0.8797,-0.9072,4.2735,4.0074,3.0896
study,0.8389,0.8197,-1.2636,0.7793,1.6589,2.7481
demote,-1.3593,1.4974,0.4330,0.9821,1.7984,1.9336
shame,-2.6658,0.9411,0.5123,1.1080,3.5508,3.3050
implicate,-0.7155,0.8475,0.2850,1.5388,1.7440,1.4095
embarrass,-2.4011,1.2604,1.4589,2.1730,3.3657,2.0277
diagnose,1.1162,2.0849,-0.5253,3.0610,1.9740,2.8101
quarrel with,-1.6691,0.4249,1.7242,2.4403,3.1307,2.0131
answer,1.8366,1.1951,0.5072,1.3793,1.6100,1.6360
hookup with,0.4781,0.5200,1.9124,4.1227,4.0262,1.9923
deprecate,-2.2682,0.2518,0.3477,2.7268,4.7665,3.0695
interview,1.2604,1.7672,0.3872,1.3437,1.9360,1.8342
visit,2.5881,1.3077,0.1373,0.8216,2.2243,1.9346
malign,-1.7613,0.6465,0.3852,2.0000,2.2705,1.7791
emulate,0.5895,0.5581,0.1257,1.4694,2.1313,1.2534
hire,2.2411,2.3717,0.0325,1.1874,1.1058,2.6360
have a heart-to-heart talk with,2.9917,2.8675,-1.0023,1.0913,1.1956,2.5347
draw near to,1.6150,1.1350,-0.8023,2.1095,2.2195,1.7487
slap,-2.4853,1.1215,2.3026,1.1070,4.0348,1.8759
cooperate with,2.7827,1.6715,-0.4361,1.2102,2.2256,2.5666
warn,2.2570,1.9128,1.1076,1.3243,1.2838,2.2986
bewilder,-0.2247,0.7923,0.6791,1.5521,1.8879,1.8345
discriminate against,-3.4566,0.0970,0.2513,0.9137,7.3194,3.8115
mislead,-2.3581,0.8476,0.1487,2.1625,3.0201,2.5772
bluff,-1.0204,1.0369,-0.1961,1.4051,2.4255,2.3401
debate with,1.0910,1.8106,1.9072,1.5774,1.5145,1.4277
excite,2.4302,2.1090,2.4713,1.2943,1.4517,1.0535
defile,-3.0654,0.6513,1.1308,1.5243,6.3646,3.8587
shoot,-3.5713,1.6672,2.9034,1.0489,7.5211,3.5165
force,-2.3532,1.6328,1.7691,1.8944,4.9749,2.2934
make love to,3.2000,2.9491,0.9642,1.1295,2.1091,3.6707
admonish,-0.1527,0.6587,0.4567,2.2255,1.9611,1.3151
abandon,-3.3698,-0.1208,-0.3072,1.5233,8.1578,5.3156
request something from,0.2215,0.2509,-0.3879,0.9881,2.0291,1.3744
scream at,-2.2961,1.4568,3.3151,1.6083,4.2803,0.7710
interfere with,-1.5484,0.9379,1.0183,2.0362,2.1307,1.7108
murmur to,-0.2392,-0.7970,-2.2238,1.5489,2.0139,1.4881
lecture,0.0375,1.2845,0.8919,1.9300,1.8669,3.2925
quiet,-0.4491,1.3302,-0.3702,1.9856,2.3973,3.3471
frisk,-1.2204,1.0815,1.1093,2.2538,3.5240,2.8928
bewitch,-0.9796,1.5558,0.4188,3.9104,3.8317,2.9340
use,-2.6769,0.4239,-0.4919,1.5234,5.1532,3.4673
tease,-2.0814,0.2565,1.4067,2.8084,4.2481,2.2691
plot against,-2.4232,1.0881,-0.8783,1.6557,4.2261,4.3002
pursue,1.3281,1.4874,1.1256,1.7010,1.8343,2.4482
acclaim,1.5380,1.2980,1.0728,2.2590,2.8473,1.9670
attack,-3.1165,1.7393,2.4562,0.9860,4.5169,2.6971
gaze at,0.9947,0.2695,-1.5863,1.9009,2.7932,2.0213
applaud,2.9526,2.3011,2.5923,0.7957,1.4321,0.5642
humble,1.8368,2.0270,-0.5407,2.6995,1.5151,3.3909
instruct,2.0793,2.4284,0.6116,1.1852,1.4204,2.4305
undermine,-2.2803,-0.2407,-0.2593,1.9971,5.2269,2.9648
disappoint,-2.9053,0.0154,-1.0870,1.1360,7.3031,3.1188
suck up to,-1.5291,-1.3449,0.3312,2.1294,4.6414,5.2576
understand,3.2204,2.7390,-0.4081,0.7706,2.9370,3.5831
amuse,2.5109,2.0947,1.8025,2.1287,2.4234,2.2011
barricade,-1.8037,1.5819,0.8074,1.4259,2.2364,3.3045
jail,-0.2486,2.4678,0.9800,3.3978,2.9362,3.1903
peep at,-2.1279,-1.0504,-1.5018,2.2371,3.2190,3.6761
foil,-0.5642,1.2681,0.6072,2.8996,2.3036,2.3028
grieve for,0.3512,0.7867,-1.9158,5.4007,5.7982,2.4150
scrutinize,-1.6748,0.0130,0.4119,2.6148,4.7263,3.1304
kowtow to,-1.1272,-1.3100,0.3328,3.2103,3.6963,3.3566
direct,1.5772,2.0389,1.1362,1.2586,1.8149,3.0674
love,3.2997,3.1298,0.7947,1.7985,2.9001,6.4166
frustrate,-1.7533,1.0765,1.3667,1.3117,2.9321,2.5009
caution,2.1119,1.3456,0.6004,0.5753,1.9272,3.1701
arrest,-0.0321,2.5187,1.8361,2.5583,1.9677,1.6027
beam at,1.2688,1.3056,-0.0193,3.1007,2.1526,2.8986
rob,-3.5456,0.9699,1.9452,0.8812,6.3355,2.8983
heal,3.3690,3.1900,-0.5363,1.6272,0.8714,3.9862
photograph,1.1934,1.0443,-0.1206,1.8912,2.5147,2.9464
aid,3.1613,2.7738,0.4026,1.0366,1.0933,2.1121
yell at,-1.8089,1.2829,2.8157,1.4612,3.1633,0.9684
deflate,-2.3549,1.0939,0.5003,2.6086,4.7923,3.8657
wash,1.3370,1.1597,-0.3152,2.2133,1.7919,2.4226
train,2.0466,2.1685,0.4138,1.6205,0.9892,1.8758
scoff at,-1.9867,-0.1709,0.6817,1.9961,2.8696,2.4517
bug,-1.8477,-0.0200,1.6177,1.5595,2.6799,2.3402
coerce,-1.1147,1.7819,0.5396,2.0405,1.2705,2.5209
snarl at,-2.5003,0.3047,1.3922,1.4091,3.5109,1.7412
influence,0.9551,2.5508,0.3836,1.5054,1.3386,1.5529
cheer up,3.2303,2.6857,1.0853,0.9423,1.0025,2.1187
address,1.2880,1.2710,0.3600,1.2819,1.5037,1.6756
invite,2.4174,1.5384,0.3744,1.1315,1.3458,1.5790
forgive,3.0862,2.9616,-1.1440,1.4067,2.3388,3.1596
halt,-0.3721,1.5764,1.1341,0.7429,1.6949,1.8225
give in to,-0.9485,-1.4892,-0.8233,1.4612,2.6585,1.3329
torture,-3.8010,1.6163,0.9160,0.7855,7.6262,7.2539
poison,-3.6505,1.4003,-0.8816,0.9998,6.9727,5.2869
lead,2.0489,2.6190,0.5702,1.5898,1.9834,2.8482
dismay,-1.8559,0.2044,0.0170,1.7517,2.9083,2.6058
sentence,-0.2548,2.6725,0.2367,1.6637,2.1303,2.4546
exterminate,-3.2017,2.6357,1.6917,1.8042,3.6529,4.3531
ravish,0.2738,1.1827,1.3092,3.3392,2.2562,2.3401
distract,-1.1046,0.9885,1.4102,1.3307,1.7916,1.8413
stop,0.2363,1.7357,1.1033,1.0598,1.4796,1.4738
underpay,-2.9610,0.4954,-0.7970,0.9735,5.9779,2.7726
listen to,2.8554,2.1305,-1.7056,1.3950,2.8065,2.6686
oppress,-3.3438,1.7894,0.1638,0.9577,5.0923,4.3101
correct,0.6226,1.0900,0.7670,1.8218,2.1552,1.4803
bend,-0.7982,1.2921,-0.0665,1.2104,1.5924,2.1582
entice,0.0258,1.7384,0.2665,2.4273,1.5455,1.9403
apologize to,2.7252,2.4522,-0.7963,2.5541,3.0649,3.7203
experience,2.4353,2.0078,0.2608,1.6158,2.7667,3.2720
shout at,-1.3759,1.5423,2.6667,2.5903,1.5764,1.5381
annoy,-1.8926,0.5759,1.7130,2.5473,3.2305,2.5793
unnerve,-1.2752,1.5084,0.4948,2.0861,1.5996,2.1564
thank,3.3652,2.7370,0.0504,0.9387,1.3746,3.3465
judge,-1.9770,0.8696,-0.0163,1.8536,3.6860,3.5161
beseech,-0.7154,0.7500,0.4460,3.0318,3.6083,2.7605
acknowledge,2.6852,2.0915,0.4507,1.0153,2.1649,1.6028
extol,-0.2687,1.0044,0.7748,4.7144,1.7069,1.5197
dismiss,-1.6374,1.1615,0.1789,1.3597,2.0523,2.6932
pester,-2.1678,0.2711,1.7593,0.8627,2.7628,1.3798
serve,1.6781,0.9830,-0.0244,3.9741,5.8750,2.6753
menace,-2.4296,1.0992,0.9892,0.8317,3.1946,2.8939
smirk at,-0.5978,0.4192,-0.4852,2.1341,1.7291,2.5745
astonish,1.6100,2.1722,1.6389,2.1156,1.8190,1.8518
banter with,0.3520,0.7096,1.7940,3.4295,1.6841,1.5712
snuggle,2.8711,1.3445,-1.9189,1.8016,3.8601,2.4779
reprimand,-0.3623,1.7173,1.0039,1.9646,1.1864,1.8292
idealize,0.1596,1.0407,-0.0133,2.4305,3.8692,2.7069
command,-0.5063,2.3856,1.6896,1.6478,1.1603,1.0396
walk out on,-2.4363,1.3141,0.6896,1.7828,5.5100,4.2096
bind,-1.5238,1.5604,0.1650,3.1992,3.6081,2.7124
agree with,1.8656,1.2841,0.1055,1.3228,1.2049,1.6717
incite,-0.5953,1.1684,0.7432,2.9603,2.2238,2.4316
hurry,-0.4911,0.7874,2.0708,1.4619,1.9178,1.1354
placate,0.6838,0.9238,-0.9687,3.1742,2.4033,1.3731
delude,-1.7011,1.0937,-0.7369,0.9311,2.0603,1.2588
sue,-1.1037,1.5900,0.8893,1.7124,1.9569,3.7577
apprehend,0.0162,2.0098,1.8008,3.1480,1.6398,2.3006
caress,2.3098,1.6274,-1.8428,1.4241,2.0011,2.1262
dislike,-1.1648,0.6497,-0.0934,1.4294,2.0098,2.0681
dominate,-1.4031,2.6290,1.9359,2.9022,2.1581,2.1979
make fun of,-2.9976,0.5607,1.8862,1.2595,7.2695,1.5853
comfort,3.4483,2.6114,-1.4569,0.6582,1.6182,2.3182
embrace,3.1721,2.6693,-1.0024,1.5526,1.5526,3.3604
disparage,-2.3644,0.4969,0.4369,1.1476,3.7715,3.5458
giggle at,0.0503,0.2655,0.9383,1.7014,1.1604,0.9385
exonerate,1.1974,2.3431,0.7518,3.8852,2.1588,2.4632
dance with,2.6526,1.4702,1.1281,1.2479,1.4723,3.3774
remind,1.8014,1.4307,0.3234,1.2473,1.3574,1.9421
calm,2.8783,2.1269,-2.0973,0.8736,2.4121,1.5509
deport,-1.4739,2.0321,1.1593,2.4441,4.1978,3.3940
upstage,-1.1856,1.3463,2.1614,2.3168,2.7492,1.6226
joke with,2.2603,1.2759,2.0255,0.8218,1.8067,0.8215
arm,-0.5807,2.2800,1.3430,2.5195,2.1643,2.4725
grade,0.0744,2.1197,-0.6249,1.5428,1.4864,1.9501
distrust,-1.4331,0.8834,-0.6676,2.3974,4.7609,2.7537
fight,-2.0365,1.2335,2.8631,3.0932,3.9108,1.1821
be intimate with,2.4924,2.5300,-0.1766,2.2270,2.4237,4.2541
miss,-0.0662,1.0755,-1.4314,5.3808,5.0454,2.6574
bow to,1.0876,0.0765,-1.3145,2.7647,4.3386,1.6747
uplift,3.4079,3.0093,0.8721,0.9359,1.2707,2.7225
exploit,-2.9531,1.6093,0.9514,1.6638,4.7975,3.1725
startle,-0.8928,0.9552,2.0859,1.1583,1.4594,2.1421
shaft,-2.5886,0.7518,0.9477,1.3069,3.8116,2.5679
disapprove of,-0.7759,1.1097,0.0072,1.3004,2.2272,2.2036
hassle,-2.3010,0.4659,2.0121,0.9587,3.1609,1.0921
stun,-0.2576,1.8693,1.7686,2.8127,1.3143,1.7036
dupe,-2.4221,0.8238,0.4400,1.1471,3.8983,3.7083
mumble to,-0.9012,-1.6819,-2.0366,0.8671,1.1295,1.4618
flunk,-1.7238,1.8304,-0.3158,2.1797,2.8177,2.6728
confine,-2.1539,1.3004,-0.2323,2.4189,4.1398,2.9710
diddle,-0.2617,0.2092,1.0450,3.6302,3.2574,2.7486
desert,-2.9218,0.4978,-0.2637,1.1199,6.0995,4.0527
reassure,2.8248,2.1115,-0.1719,0.8947,1.8583,3.5193
sexually arouse,2.1808,2.4627,1.0702,2.0601,1.1044,4.8214
dissuade,0.0170,1.6268,0.4766,1.3249,2.0996,2.2096
parody,0.0421,0.6906,1.4136,1.8085,2.3170,1.0253
contact,1.5045,1.2739,0.9056,1.2622,1.1624,1.4705
defend,2.6585,2.7585,1.6307,1.6999,1.0152,1.9323
debrief,1.3004,1.3608,0.1279,1.2547,1.6575,2.1286
glower at,-1.5075,-0.2756,-0.8875,1.1620,2.6444,3.1224
hold up,-1.3212,1.2573,0.7834,5.0529,2.8349,3.2282
restrain,-1.3461,1.5215,1.6083,2.4879,4.2091,2.5862
bathe,1.3215,0.4876,-0.6657,2.0195,2.5788,2.0702
titillate,1.0464,1.4414,1.5900,2.3236,1.7534,1.6808
disbelieve,-0.7842,0.5600,-0.4838,1.2413,2.0385,1.0765
fear,-2.5667,-0.7067,-0.7548,1.2308,7.1787,3.4313
defeat,0.8906,2.1309,1.5219,2.6388,1.7017,1.8941
break up with,-1.5408,1.1474,0.5356,2.1340,5.1087,4.3099
swindle,-2.4763,0.5037,0.8130,3.0365,5.5880,3.5521
raise the pay of,2.5560,2.1956,0.3970,1.0900,1.2846,2.5115
knock out,-2.3298,2.4657,2.4419,2.3093,2.3298,2.5522
chase,-0.7921,0.7480,1.9698,1.1458,3.4153,1.6041
patronize,-1.6828,0.6480,0.8672,2.2868,2.9477,2.2117
compliment,2.9670,2.5348,0.5663,1.0970,1.5877,2.2416
enthrall,1.6018,2.0893,1.3182,2.5446,1.4971,2.8864
follow,-0.2800,0.0122,-1.1526,2.1761,1.9805,2.7108
psychoanalyze,-0.0064,1.2808,-0.5656,1.0990,1.5602,2.0021
impede,-1.6957,0.9526,0.9333,1.4338,3.3883,2.2786
concur with,1.7253,1.1922,-0.0478,1.3470,1.7192,1.7715
mock,-2.4836,0.2050,1.8461,1.2500,4.6267,1.8204
sell something to,1.0768,1.2818,1.0732,2.3126,1.6782,1.3498
disrespect,-3.0646,0.4811,1.0450,0.9772,5.7943,3.1136
blackmail,-3.3654,1.5107,-0.0007,0.9768,6.6945,5.0996
goad,-1.5141,0.4215,1.4215,1.6041,2.6696,1.7655
frown at,-1.8847,0.4271,-1.0707,1.3627,2.8754,2.8317
be sarcastic toward,-0.6664,0.5029,0.9732,1.4265,1.6443,1.3663
kid,0.3589,0.4436,1.2665,1.5500,1.1536,1.1719
aggravate,-2.3786,0.5604,1.8268,1.1661,3.8510,2.1842
underrate,-1.9364,0.2289,-0.2111,1.7015,4.3662,2.5262
manipulate,-2.6393,1.7136,0.6300,2.1101,4.3462,3.4546
renounce,-1.5770,1.5079,0.6660,2.4405,2.9382,2.6572
slander,-3.3082,0.7993,1.4443,0.7453,6.9609,3.6603
watch,0.2975,0.5657,-1.4790,2.1714,2.8540,2.8649
smile at,3.2022,2.6175,-0.2275,0.8961,1.5833,3.4012
envy,-2.2846,-0.7036,-0.4975,1.3150,4.6286,4.6505
glorify,1.0161,1.2861,1.4886,2.0489,3.8590,1.9392
flatter,1.8464,1.5243,1.0782,1.8837,1.6411,1.2728
abuse,-3.8307,1.0300,1.5078,0.9313,8.3868,4.1408
care for,3.3418,3.0271,-0.2286,0.7237,1.4179,2.8430
evaluate,0.6386,1.4664,-0.4546,1.4104,1.7503,2.6644
denigrate,-2.2059,0.6330,0.5630,1.6088,3.1877,2.9746
engage,1.8189,2.0804,1.3189,1.6267,1.1870,1.3931
barter with,1.2044,1.3757,1.5480,1.4284,1.4168,1.6474
isolate,-2.6875,1.4461,-1.6878,1.7705,4.7581,3.2509
bite,-2.3911,0.8718,1.3425,1.1966,3.9732,3.2233
shush,-0.9553,0.6640,0.5469,1.4334,2.2566,2.5165
respect,3.3789,2.4693,-0.5539,0.8095,2.6357,2.6534
contemplate,0.9666,1.2575,-1.3295,2.6458,1.9137,2.7890
frame,-3.4497,1.3725,-0.2125,0.7396,5.6971,3.3421
defer to,-0.1510,0.4526,-0.4400,1.8226,2.2702,1.3320
incriminate,-1.1837,1.6415,0.8940,2.0696,2.2049,2.5762
entertain,2.2321,1.5735,1.9600,1.1301,2.2257,1.8509
hide,-0.1738,0.9428,-1.0534,1.9043,2.4764,2.2109
bash,-2.6390,0.3645,1.4772,0.9842,4.4936,1.8523
bias,-1.8745,0.1593,-0.1528,1.2048,3.2267,1.5285
save,3.5148,3.3776,1.7707,0.8683,1.3571,3.0532
educate,3.2766,3.3148,0.3990,1.3078,1.0886,3.7303
shake hands with,2.1245,1.7141,0.3635,1.1506,1.2293,2.0754
stymie,-0.6546,0.5436,0.2709,1.1162,1.4574,0.9584
reject,-1.3493,1.2817,0.3634,1.1468,1.9799,2.2528
overlook,-1.8469,0.5703,-0.6890,1.0550,2.6378,1.8097
hound,-1.3766,0.1513,1.5079,1.1639,2.4748,1.9705
ask about something,1.6656,1.1783,0.3846,1.3509,1.4744,1.7180
join,1.6109,1.5116,0.6353,1.0143,1.3874,1.5698
inject with medicine,0.9100,1.6586,-0.2307,2.5507,2.0000,2.6778
fondle,-0.1796,0.9029,-0.0724,3.8491,1.7454,2.7941
cut off relations with,-0.9541,1.4917,-0.2562,1.7807,3.0236,2.3971
deceive,-2.7590,0.5648,-0.4445,1.0373,4.7230,2.8940
confuse,-0.9873,0.6648,0.0993,1.3537,1.6282,1.7214
insult,-2.4917,0.2404,1.2714,1.9994,5.2261,1.8559
defame,-1.8712,0.9843,0.7742,1.7601,3.0668,2.1244
escort,1.2215,1.1129,0.3254,1.5148,1.3747,1.6507
delight,2.8446,2.2179,0.9793,1.3573,1.1920,2.2729
feed,2.7276,2.2690,0.0272,1.7092,1.5958,2.1700
call,1.4683,0.9983,1.0021,1.3268,1.1900,1.2030
short-change,-2.3737,-0.1748,0.0996,1.5457,3.8165,2.6807
quibble with,-0.8876,-0.2295,0.9047,0.7016,1.5155,1.3201
coddle,-0.2327,0.2177,-0.1964,2.4801,2.8121,1.8613
hinder,-1.9110,0.4646,-0.2786,1.2666,3.9184,2.0386
hustle,-2.3355,1.0414,1.1983,1.5886,3.1751,2.8155
examine,0.7756,0.9511,-1.2194,1.0191,1.2636,1.8855
forget,-1.5904,0.4575,-1.0525,2.2127,3.9569,2.6451
block,-0.9895,1.4302,0.6567,1.8671,1.9685,2.1483
flog,-2.5836,1.3264,2.2327,1.4131,2.8616,1.2822
fail,-2.5236,0.3086,-0.1518,1.3584,6.3125,3.3250
chatter to,0.4498,0.0619,1.4260,2.0930,1.2639,1.6817
preach to,0.3025,1.1193,1.5682,3.5213,2.4368,1.9822
misunderstand,-1.6554,-0.4518,-0.1475,0.7679,2.3277,1.9967
favor,0.5139,1.1375,0.2396,2.9766,1.6993,1.5323
brush off,-1.5524,0.8757,-0.3044,2.6902,2.9972,2.8724
decorate,1.4192,1.0000,0.6658,1.2858,2.0071,1.4676
accost,-1.6142,0.6748,1.3336,1.6200,1.2260,1.0887
assure,2.5611,2.0967,-0.1982,0.9670,1.1284,3.1446
dine with,2.2900,1.2318,0.1353,1.1278,1.3637,2.8401
medicate,1.4868,2.1232,-0.4146,2.7765,1.4437,2.6562
get even with,-1.6489,0.3179,0.4979,3.3808,5.1394,3.7015
give a raise to,2.7411,2.2543,0.4636,1.0641,1.0932,2.6941
deafen,-2.7060,1.0989,1.5849,2.7629,4.9815,5.3363
rape,-4.1865,0.5226,1.4898,0.0831,12.2503,6.6963
befuddle,-1.0467,0.4753,0.7896,1.0715,1.3371,1.5432
rehabilitate,3.0146,2.6236,-0.7704,0.8737,1.2884,4.3734
badger,-1.9320,-0.0938,1.9476,1.3324,3.7840,1.8670
babble to,-0.6914,-0.6302,1.8780,1.8414,2.0023,1.0151
appreciate,3.2943,2.6450,-0.2111,0.5795,1.3309,2.7393
disillusion,-1.8273,1.1715,0.4173,1.3841,2.2829,2.0654
beg,-1.5914,-1.9720,0.8320,1.5761,2.7511,3.1798
counsel,2.7468,2.3004,-0.7757,0.8891,0.9830,2.3746
agitate,-2.1061,0.6539,1.6911,1.0110,2.7821,1.8628
inform,2.2018,2.2046,0.4129,1.0213,1.1892,1.8195
pay for,2.2600,1.7575,0.1453,1.6743,1.5283,2.3049
befriend,2.5997,2.5132,0.2464,3.4065,1.4758,4.0843
loathe,-2.3828,0.2893,-0.1076,2.0398,6.6706,4.8995
have an affair with,-3.3346,0.7254,0.4017,1.4483,8.4281,7.3554
flirt with,1.8471,1.7437,0.7071,1.2549,1.2887,2.9405
persecute,-1.7772,1.7255,0.9624,3.2081,3.9633,3.3472
implore,0.7739,0.7552,0.7813,1.7487,3.0718,2.1853
exclude,-2.5929,0.6390,-0.3024,1.5832,5.2144,3.9389
cheat,-3.3061,0.0898,0.0169,0.7994,7.9572,5.2513
holler at,-0.5486,0.6269,2.5214,2.7508,3.3953,1.5481
imitate,-1.0471,-0.2139,0.7725,2.2644,3.2866,2.2324
anger,-2.2302,1.3000,1.7946,1.7306,3.8300,2.6612
cheat on,-3.6553,0.4929,0.0244,0.9925,10.4941,6.9675
retaliate against,-1.1241,1.1434,1.7000,2.7859,4.1294,2.0060
censure,-0.8191,0.6674,-0.2735,2.8459,3.4892,2.5697
discourage,-2.4593,0.0762,0.2179,2.1205,5.8370,4.4194
wink at,1.3763,1.0115,-0.0488,1.7323,1.8555,4.0920
excuse,1.2231,1.1597,-0.2917,1.7040,1.0935,2.0959
snub,-1.8098,0.1767,-0.0155,2.4105,2.9855,3.2949
knife,-3.6193,1.8403,2.3258,1.2062,6.3854,3.9492
entrap,-2.0811,1.2204,0.5843,2.0020,4.0926,3.2543
disagree with,0.2871,1.3593,1.1800,0.9522,1.8131,1.9591
baby,-1.4661,-0.3363,-0.8569,2.4740,4.5177,3.1144
nuzzle,1.4523,0.2269,-1.1127,2.8722,1.5742,2.0300
beat,-1.6604,1.7262,2.1514,5.7799,5.3965,2.3936
pet,0.2238,0.2693,-0.6342,2.5053,2.5971,1.8899
adopt,3.1231,2.9936,0.2868,1.1588,1.2551,4.5338
challenge,1.2753,2.0170,1.5109,1.4208,1.4977,1.4351
refuse,-0.5607,1.4014,0.5465,1.6161,2.0766,2.1611
surprise,1.7759,1.8024,1.8448,2.7218,1.8718,3.7534
seduce,0.6305,1.7614,-0.2461,3.3852,4.1407,4.2590
analyze,0.6780,1.2461,-0.6383,1.5526,2.0807,2.9268
bait,-1.7996,1.0729,-0.3942,1.5160,3.0089,2.9159
antagonize,-2.8404,0.9638,1.6242,1.0244,4.8515,3.3578
sock,-2.5535,1.1522,2.4970,1.6810,6.4013,2.6117
reply to,2.4196,1.4617,0.7086,0.9054,1.9779,2.6894
ask,1.7980,1.2612,0.2669,1.8511,2.7197,3.0316
play with,2.6253,1.7123,1.6396,1.0420,1.7533,2.7862
fool,-1.9159,0.6110,0.5037,1.3874,4.3191,2.8782
advise,2.6012,2.4604,0.2363,1.3098,1.8379,2.4620
awaken,-1.1204,1.2375,1.4821,2.2284,2.7291,2.9922
believe,1.6412,1.8082,-0.3551,2.0200,2.8303,3.0760
overcharge,-2.6151,0.7955,0.3673,1.8127,5.6055,4.6555
pooh pooh,-1.8387,-0.2426,0.4742,1.7821,3.3186,2.0064
delay,-2.0147,0.6886,-0.0049,1.2438,3.3792,4.4776
groom,1.4294,0.9830,-0.2204,2.1792,2.8991,2.1865
relish,0.8780,0.7478,0.2868,3.4050,2.6572,2.2516
attend to,2.6616,1.8049,0.1731,2.0250,2.6836,3.4346
horse around with,0.9049,0.9780,2.1845,2.2714,2.0958,1.6764
depress,-3.5510,0.7286,-1.0376,0.8326,7.5594,5.3974
have sex with,2.0012,2.6188,1.7841,3.3838,1.7718,3.3088
nudge,-0.0327,0.0086,0.2931,1.3317,1.9852,2.5150
tip,2.9955,2.0584,-0.2776,1.2272,2.3801,3.8023
freakout,-1.5500,1.1508,2.0054,2.1068,3.2095,1.6001
exhibit,-0.7420,0.7360,0.6665,2.5199,2.5105,1.6266
threaten,-3.2845,1.4820,1.7894,1.8173,5.9508,5.0245
monitor,-0.1457,1.5943,-1.4543,2.7366,3.0668,2.7864
bankrupt,-3.3449,1.4531,-0.0172,1.2395,7.7810,6.4098
brutalize,-3.6531,1.3123,1.6559,0.6907,7.4055,5.7821
chide,-0.9993,0.5750,0.6928,2.1172,2.4028,1.3986
lift,1.7567,2.5029,1.2322,2.5029,2.5070,2.6563
handcuff,-0.8310,2.0719,1.7645,3.4475,4.3384,3.2833
condemn,-2.4192,1.4151,1.0706,2.2472,5.7417,3.4703
vex,-1.6519,1.2069,0.5187,2.4633,2.6835,3.5598
frightened,-1.2308,1.1615,1.7205,2.1195,2.4999,2.0581
scheming,-2.1432,0.9108,-0.5973,0.9657,3.1540,3.2235
conspire against,-2.1600,1.4150,-0.5475,1.9033,2.7903,3.5270
enchant,1.4344,2.1906,-0.3188,1.5972,1.5458,3.0433
assess,0.3093,1.0188,-0.7125,1.1971,0.9840,1.7486
complainto,-1.1613,-0.5242,1.3323,1.4904,2.0199,1.8919
displease,-1.8513,0.1410,0.4744,1.2650,2.1523,2.3988
assault,-3.6103,1.7512,2.3692,0.4306,5.6261,1.1339
cry for,0.3026,0.7821,0.3179,2.8081,3.2537,3.1687
annihilate,-2.9786,3.0286,2.2036,2.2730,3.2607,2.6424
associate with,1.4782,1.2531,0.4750,1.4148,1.4431,1.5512
 someone is,0.1382,-0.4206,-1.4824,5.7935,3.6222,1.5443
deny,-0.8867,1.8400,0.2067,2.0605,1.6584,1.7200
pity,-0.6194,-0.0528,-1.1861,2.0377,2.4480,1.6506
deprave,-2.3867,0.6000,-0.0334,1.4138,4.6640,3.1382
dickerwith,-1.4364,-0.1637,1.0485,2.2041,2.3259,1.5758
berate,-2.3250,0.4417,1.9708,2.1293,4.4308,1.7979
allow,1.3162,1.8581,-0.2807,1.5426,1.5547,1.6725
jeer at,-1.9414,0.1862,1.7069,1.1976,2.7011,1.5634
enrage,-2.5487,1.7513,2.1282,1.4138,2.9246,1.9194
ridicule,-3.0147,-0.1206,2.0088,0.6854,5.9311,1.7502
proselytize,-0.8999,1.3200,0.5500,2.4961,2.6595,3.9582
cut someone down to size,-1.3236,0.9412,1.2500,3.6783,4.5649,2.3596
accept,2.6800,2.2972,-0.5400,1.2307,2.5129,3.2864
discredit,-1.7912,1.4883,0.9412,2.0637,3.2223,2.9594
intruder,-2.7000,1.0091,0.3061,0.7649,3.2536,4.0176
foster,2.8382,2.2735,-0.4618,0.8894,1.2207,2.2554
buckle,0.6087,0.8870,0.5000,3.1688,2.9176,0.7739
embezzle from,-2.7750,0.7972,-0.1333,1.8380,4.2085,3.2505
despise,-2.1417,0.4111,0.2305,0.8846,4.6382,2.3443
ban,-1.6568,2.5649,1.3000,1.3905,0.9449,2.5427
date,2.1417,1.4250,0.2222,2.4568,2.9546,2.2229
intimidate,-1.7161,1.3677,1.1033,2.1311,4.5648,2.8165
sympathize with,2.6448,1.7001,-0.5518,1.1121,1.8924,2.1052
tickle,1.2172,1.1310,2.0931,1.9277,2.1477,1.9303
admit,1.0819,0.9666,0.2060,1.9972,2.4052,1.7273
horrify,-2.2500,1.3737,1.4895,1.4962,3.3683,3.1784
indoctrinate,-0.0642,1.9572,-0.3214,4.3397,1.6224,1.3845
fine,-1.5692,1.2500,0.5577,1.9775,2.5963,2.8370
choke,-3.7962,1.2000,1.6115,0.6857,6.8300,3.8502
concede to,-0.1177,-0.1000,-0.9941,1.1368,2.8708,1.1099
