aloof,-0.9013,-1.2050,-1.3296,2.0323,1.7186,0.2704,1.7186,2.5944,0.6687,0.2704,0.6687,3.7126
appreciative,3.1824,2.4227,-0.0721,0.8906,0.7283,-0.1946,0.7283,1.8913,-0.2475,-0.1946,-0.2475,2.9251
deprave,-2.2547,-0.1232,-0.1326,0.8933,-0.2034,0.1250,-0.2034,3.7999,0.8062,0.1250,0.8062,2.7546
apathetic,-1.3369,-0.8438,-1.7912,3.7535,2.0952,2.3970,2.0952,5.8311,2.5542,2.3970,2.5542,3.3648
surprised,1.4796,1.3151,2.3139,2.5073,1.1349,0.5235,1.1349,3.6257,0.5461,0.5235,0.5461,1.3842
optimistic,2.9939,2.7216,1.1629,2.1250,1.9210,0.9230,1.9210,2.4211,1.0753,0.9230,1.0753,4.2216
inexact,-1.4950,-0.4275,-0.0325,0.9651,0.2127,-0.2239,0.2127,1.8759,-0.6066,-0.2239,-0.6066,1.7690
forgetful,-2.0875,-1.1300,-0.9150,1.0883,0.5462,-0.0315,0.5462,3.5889,-0.5492,-0.0315,-0.5492,2.4070
bad,-3.3205,0.5103,1.3538,1.1822,-0.2422,-0.2418,-0.2422,5.6599,0.7309,-0.2418,0.7309,2.5358
faithful,2.9692,2.5744,-1.0846,2.0969,1.5479,-0.4337,1.5479,2.5293,0.2083,-0.4337,0.2083,3.2150
compulsive,-0.5872,-0.1205,1.5513,2.1516,1.0682,-0.3360,1.0682,3.0974,0.6769,-0.3360,0.6769,2.3990
boring,-1.6576,-1.8950,-2.3975,1.1117,0.7795,0.3155,0.7795,1.5149,0.5995,0.3155,0.5995,1.4402
outspoken,0.9575,1.9925,1.9525,2.3666,1.3539,0.3528,1.3539,1.6115,0.6927,0.3528,0.6927,1.7893
rational,2.6600,2.1525,-1.0475,1.1727,0.8937,-0.3556,0.8937,1.6708,0.1656,-0.3556,0.1656,2.8415
fun-loving,2.6400,1.7500,1.4800,1.6065,1.4536,0.5232,1.4536,2.1626,0.4200,0.5232,0.4200,1.8612
disloyal,-3.1200,0.0225,0.2525,1.7672,0.1567,-0.3389,0.1567,8.4095,1.2677,-0.3389,1.2677,3.8605
downhearted,-2.1700,-1.1175,-1.7975,1.6945,0.6916,1.1642,0.6916,4.3196,0.8990,1.1642,0.8990,1.8448
unconventional,0.8154,0.9282,0.6692,2.3245,1.6177,0.6657,1.6177,2.2900,0.5067,0.6657,0.5067,2.2669
elderly,0.5975,-0.4400,-2.1500,1.8019,0.1630,-0.2303,0.1630,2.6804,0.3842,-0.2303,0.3842,1.0753
fickle,-1.4344,-1.2969,-0.2281,1.6140,0.4911,0.1527,0.4911,1.2125,0.3956,0.1527,0.3956,2.0873
successful,3.1100,3.1750,0.7750,1.1337,0.5282,0.2220,0.5282,0.8901,0.8104,0.2220,0.8104,3.8829
superstitious,-0.7410,-0.4769,-0.1461,1.5884,1.1724,0.0920,1.1724,2.0403,0.1082,0.0920,0.1082,1.6867
ecstatic,2.7700,2.3975,2.2800,1.0658,0.7659,0.5584,0.7659,1.1977,0.8887,0.5584,0.8887,1.6272
mean,-2.6650,0.9150,1.5175,1.2736,-0.1764,-0.2167,-0.1764,4.1906,0.5282,-0.2167,0.5282,2.1236
excited,2.8125,2.2475,2.1600,0.9883,0.6355,0.2651,0.6355,1.1939,0.2866,0.2651,0.2866,1.2420
curious,2.3800,1.9075,0.4725,1.2212,0.7428,0.0656,0.7428,1.4264,0.4617,0.0656,0.4617,3.0435
mature,2.6525,2.5450,-0.8000,1.3153,0.8173,0.0154,0.8173,0.9400,-0.0826,0.0154,-0.0826,2.3237
irked,-2.0757,-0.0865,0.5325,1.0080,-0.3756,-0.5622,-0.3756,3.3713,1.1064,-0.5622,1.1064,3.6516
simpleminded,-0.6150,-1.5625,-1.6350,4.4260,2.1980,0.6962,2.1980,3.5941,1.6026,0.6962,1.6026,2.2172
abusive (verbally),-3.2675,1.3850,2.3725,0.9879,-0.3951,-0.4019,-0.3951,8.0726,0.5186,-0.4019,0.5186,2.9862
reverent,1.5724,1.1517,-0.8414,2.3055,1.7625,-0.1133,1.7625,2.9505,-0.2160,-0.1133,-0.2160,1.3933
clean-cut,2.1811,1.5757,-0.3351,1.7616,1.0595,0.4860,1.0595,2.2041,1.1074,0.4860,1.1074,2.3229
powerful,2.0750,3.7812,1.5344,2.7703,0.8515,0.6102,0.8515,1.0519,0.2939,0.6102,0.2939,3.0165
crushed,-2.9719,-0.6406,-0.4063,0.9621,0.5353,0.1829,0.5353,7.4392,1.8043,0.1829,1.8043,4.8111
experienced,3.3843,3.2281,0.4156,0.6453,0.3937,-0.1042,0.3937,0.6389,-0.3663,-0.1042,-0.3663,3.2917
pretty,2.5156,2.0094,-0.0625,1.3510,1.0676,0.0049,1.0676,2.0383,-0.1029,0.0049,-0.1029,2.0676
prejudiced,-3.1063,-0.1531,1.2938,1.0025,0.3526,-0.5136,0.3526,7.0911,0.0869,-0.5136,0.0869,3.8987
grateful,3.3188,2.1531,-0.5438,0.8751,0.7302,0.0002,0.7302,2.7355,-0.2308,0.0002,-0.2308,3.4793
rueful,-1.8905,0.3714,0.2524,1.8609,-0.5942,-0.4875,-0.5942,3.1133,0.3625,-0.4875,0.3625,2.8245
absentminded,-1.7938,-1.6906,-1.5000,1.5620,0.6428,0.3707,0.6428,1.9209,0.0507,0.3707,0.0507,3.4562
amusing,2.6125,1.7406,1.5094,0.8856,0.9653,0.6096,0.9653,1.7831,1.0026,0.6096,1.0026,1.5093
single,0.2156,0.9094,-0.3406,1.0318,0.4670,0.2280,0.4670,1.5460,0.3275,0.2280,0.3275,3.5361
repentant,1.5714,1.3143,-0.8714,2.9140,1.1778,-1.5810,1.1778,3.7813,0.2756,-1.5810,0.2756,3.1110
guilty,-2.4031,-0.2312,-0.6438,4.0493,2.6519,0.5418,2.6519,8.9798,-0.2537,0.5418,-0.2537,4.0677
contrite,0.2500,0.3626,-0.6562,3.1227,2.8013,-1.0197,2.8013,3.3971,-0.7609,-1.0197,-0.7609,1.4680
suspicious,-0.3750,0.6406,-0.7375,1.8813,0.4009,-0.0109,0.4009,2.0206,0.3275,-0.0109,0.3275,2.3516
defiant,-0.9406,0.8406,1.6063,2.8278,1.5657,0.4412,1.5657,4.0051,0.6810,0.4412,0.6810,1.9909
carefree,1.1812,0.6406,0.0594,3.6694,1.9798,-1.2524,1.9798,4.0296,0.6720,-1.2524,0.6720,4.7710
helpless,-2.9375,-3.0344,-1.7063,1.2527,0.0290,0.5069,0.0290,4.1113,-0.0363,0.5069,-0.0363,3.2296
crafty,2.2938,1.8563,-0.2531,1.0916,0.5920,0.0399,0.5920,1.3774,-0.2592,0.0399,-0.2592,3.4556
ordinary,-0.7281,-1.5563,-1.6438,2.4434,1.9810,0.7219,1.9810,2.4799,0.9155,0.7219,0.9155,1.6103
principled,1.8815,1.3148,-0.8000,3.0947,2.7200,-1.8217,2.7200,4.1522,-2.0158,-1.8217,-2.0158,3.8134
panicked,-2.6719,-1.5813,2.5219,1.5395,1.1675,-0.5767,1.1675,6.2171,-0.0274,-0.5767,-0.0274,1.3643
unemployed,-2.6781,-2.4406,-2.1156,1.3734,0.8909,0.3406,0.8909,3.9037,1.3490,0.3406,1.3490,2.5122
courageous,3.1355,3.3065,0.9838,1.2278,0.6958,-0.0751,0.6958,1.4486,0.5121,-0.0751,0.5121,3.7315
unreasonable,-2.5969,-0.7782,1.3000,1.5473,1.0805,-0.5659,1.0805,4.5972,-0.9539,-0.5659,-0.9539,3.4124
belligerent,-2.4903,-0.5968,2.4033,1.9029,0.9903,-1.0921,0.9903,4.7891,-1.0751,-1.0921,-1.0751,2.6242
peeved,-1.9215,-0.8036,0.8214,0.8351,0.3503,-0.1833,0.3503,2.8759,-0.4062,-0.1833,-0.4062,2.3293
warm,2.7813,1.4750,-1.5219,0.7158,0.5748,-0.4924,0.5748,1.5658,-0.0593,-0.4924,-0.0593,2.2916
nasty,-2.8594,-0.4250,1.6156,1.7806,-0.3864,-0.1071,-0.3864,4.7472,-0.7016,-0.1071,-0.7016,1.9987
drunken,-1.3824,-1.5442,1.7353,3.6239,1.3117,-0.4130,1.3117,3.9953,-0.2671,-0.4130,-0.2671,3.0732
inconspicuous,0.4334,0.6273,-1.9576,1.6111,1.0469,-0.5802,1.0469,2.5751,-0.5737,-0.5802,-0.5737,1.6412
unforgiving,-2.7912,-0.8441,-0.9000,1.7293,1.3244,-0.2055,1.3244,6.7722,-0.9045,-0.2055,-0.9045,3.8128
lenient,1.1735,0.3206,-1.1382,1.5530,1.2839,-0.1831,1.2839,2.4273,-0.1640,-0.1831,-0.1640,1.4649
shocked,-0.2529,0.8411,1.0177,1.8947,0.4016,-0.7378,0.4016,3.3098,0.0423,-0.7378,0.0423,2.9263
distant,-1.3853,-0.2588,-2.1000,1.1970,0.5884,0.5443,0.5884,4.3279,-0.1303,0.5443,-0.1303,1.9472
clumsy,-1.1118,-1.2323,0.9647,0.8502,0.2835,0.1020,0.2835,1.1404,0.0951,0.1020,0.0951,2.5339
reserved,1.0970,0.3353,-2.5000,2.6178,2.3171,0.0906,2.3171,3.1904,0.3918,0.0906,0.3918,1.9370
charmed,1.9500,1.7882,0.2029,2.8843,1.0818,-0.1507,1.0818,2.5726,-0.0869,-0.1507,-0.0869,2.3446
kind,3.3765,3.0735,-0.0765,1.7673,0.5281,0.3903,0.5281,1.1190,-0.3233,0.3903,-0.3233,2.1873
loyal,3.4294,3.0000,-0.6177,1.0421,0.7924,-0.2085,0.7924,1.8151,-0.0354,-0.2085,-0.0354,3.0301
upset,-2.7324,-0.8588,-0.8353,0.8114,-0.1744,0.5119,-0.1744,5.2517,-0.7835,0.5119,-0.7835,3.4138
glad,3.2383,2.5823,0.2676,0.7521,0.6807,-0.0082,0.6807,1.4852,0.2382,-0.0082,0.2382,3.8453
stubborn,-1.3412,-0.4236,0.3147,2.8019,2.3969,-0.3157,2.3969,4.1103,-0.6831,-0.3157,-0.6831,3.5978
jubilant,2.9625,2.4094,2.0063,1.6185,0.8130,0.4954,0.8130,3.2505,0.7193,0.4954,0.7193,1.6877
giddy,2.3879,1.2788,2.2546,1.8498,1.1498,0.6907,1.1498,2.8649,1.0194,0.6907,1.0194,1.3181
disgusted,-2.5706,0.2676,0.4265,1.1173,-0.9990,-0.3681,-0.9990,5.8744,0.7236,-0.3681,0.7236,3.1905
considerate,3.3912,2.6353,-0.4029,0.8341,0.7221,-0.0567,0.7221,1.7296,0.0783,-0.0567,0.0783,3.0210
petty,-1.6264,-1.2088,0.4206,4.6093,3.7125,-1.4946,3.7125,5.0940,-1.4325,-1.4946,-1.4325,3.2265
dependable,3.4147,3.0323,-0.1882,1.1225,1.1477,0.0156,1.1477,1.5404,0.0711,0.0156,0.0711,2.0321
cautious,2.1177,1.3765,-1.3941,1.5124,1.1383,0.1602,1.1383,2.8642,0.0340,0.1602,0.0340,2.2328
courteous,3.5273,2.8697,-0.1455,0.6407,0.3621,0.0481,0.3621,1.0666,-0.1424,0.0481,-0.1424,2.7345
homesick,-1.6089,-0.0118,-1.2706,2.9390,-1.2883,0.0851,-1.2883,5.3552,-0.3179,0.0851,-0.3179,2.5173
sociable,2.9235,2.6059,2.4765,0.9151,0.5689,0.2554,0.5689,1.1515,0.2084,0.2554,0.2084,0.9267
extravagant,0.5382,1.4353,1.9147,2.6891,1.6362,-0.3487,1.6362,2.0975,-0.2060,-0.3487,-0.2060,3.1618
sadistic,-2.2407,1.1656,0.3219,4.9682,0.5438,0.4770,0.5438,5.0766,1.5817,0.4770,1.5817,3.6193
talkative,0.6088,0.7912,2.5441,2.4748,1.7034,-0.5652,1.7034,2.4566,0.4740,-0.5652,0.4740,2.0771
gourmet,1.7634,1.3300,0.0967,1.7658,0.5694,0.0326,0.5694,1.3160,0.2260,0.0326,0.2260,2.1894
weak,-2.1235,-3.1500,-1.7883,2.3302,0.8164,0.5873,0.8164,1.0511,0.3888,0.5873,0.3888,2.9913
hesitant,-0.4281,-0.8500,-1.9125,1.7724,1.7022,0.0490,1.7022,3.6852,0.3345,0.0490,0.3345,1.6591
introverted,0.3419,-0.5452,-1.6581,2.3352,1.0716,-0.0575,1.0716,1.7319,1.0706,-0.0575,1.0706,3.0277
violent,-3.0656,1.1312,2.5563,1.7114,0.2009,-0.4872,0.2009,5.3184,1.0444,-0.4872,1.0444,2.3000
wild,0.0438,1.1625,2.7563,1.1819,0.3575,0.1106,0.3575,1.3779,0.0560,0.1106,0.0560,1.0961
psychotic,-2.1344,-0.5688,1.4594,1.2372,0.8540,-0.8959,0.8540,3.0003,-0.4723,-0.8959,-0.4723,2.7761
deflated,-2.2710,-1.5678,-1.8323,0.9574,0.5593,-0.1293,0.5593,3.5511,0.6925,-0.1293,0.6925,1.8390
confident,2.9156,2.9969,0.8500,1.2427,1.0091,0.1605,1.0091,1.3713,0.2383,0.1605,0.2383,2.3439
low,-2.4291,-1.2355,-2.1452,2.1514,0.6895,0.6764,0.6895,5.3337,0.3627,0.6764,0.3627,1.6893
dumb,-2.0781,-2.2719,-0.9594,1.5462,1.3974,0.4768,1.3974,2.2976,0.8075,0.4768,0.8075,4.0935
secretive,-0.2687,0.8468,-2.1125,1.0468,0.3669,0.4737,0.3669,1.5671,0.1957,0.4737,0.1957,2.0999
attractive,2.3375,2.2000,0.4938,1.2256,0.9465,-0.4646,0.9465,2.1426,-0.5513,-0.4646,-0.5513,2.5885
antisocial,-1.6157,-1.8344,-2.6906,2.1478,1.2539,1.0111,1.2539,2.1313,1.1377,1.0111,1.1377,1.8060
quiet,0.8500,0.3094,-3.0031,1.8485,0.9638,0.2869,0.9638,2.3125,0.6231,0.2869,0.6231,3.0442
broad-minded,2.4719,2.2782,-0.1094,1.6317,1.1277,0.0710,1.1277,1.3708,0.0669,0.0710,0.0669,3.1803
independent,2.8157,2.7812,0.2781,1.0839,0.6664,0.0013,0.6664,1.8610,-0.1772,0.0013,-0.1772,2.9269
ambitious,2.7188,2.7500,1.3156,2.0680,1.5341,-0.5467,1.5341,1.9696,-0.4995,-0.5467,-0.4995,3.0041
afraid,-1.6750,-0.9375,-0.6250,2.8788,1.4852,0.1622,1.4852,6.7174,0.1922,0.1622,0.1922,4.0883
adventurous,2.4937,2.3219,1.9906,0.9671,0.6440,0.1548,0.6440,1.2992,0.2402,0.1548,0.2402,1.3951
gullible,-1.6500,-1.5657,-0.5688,1.4510,0.7566,-0.0694,0.7566,2.4850,0.8859,-0.0694,0.8859,3.0118
outraged,-1.4594,0.2531,2.2844,1.6831,0.2427,-0.0573,0.2427,3.7872,-0.2417,-0.0573,-0.2417,1.9594
young,2.4250,0.7125,2.4094,1.8394,1.8600,0.5256,1.8600,5.1206,0.4086,0.5256,0.4086,1.5577
ashamed,-2.2500,-0.3625,-1.5375,1.8922,-0.5288,0.3855,-0.5288,6.4586,1.0294,0.3855,1.0294,2.9979
hardworking,3.1719,2.8844,0.4031,1.8286,0.6557,0.1252,0.6557,3.3374,0.4150,0.1252,0.4150,3.4771
cheerful,2.9907,2.0531,1.8031,1.5208,1.2228,0.7139,1.2228,3.0181,0.4960,0.7139,0.4960,1.5081
nostalgic,1.0862,1.0862,-1.5897,3.2341,-0.3895,-0.3409,-0.3895,2.2898,-0.5709,-0.3409,-0.5709,2.0975
humane,3.0434,2.7200,-0.6701,1.8446,0.8498,-0.3389,0.8498,1.8038,0.3619,-0.3389,0.3619,2.2457
disheartened,-2.3656,-0.4063,-1.1906,1.4282,0.7732,-0.0926,0.7732,5.0561,2.3798,-0.0926,2.3798,2.7978
ungrateful,-3.0563,-1.2844,0.4844,1.1903,0.1283,-0.4305,0.1283,3.9976,1.3577,-0.4305,1.3577,3.2859
mentally retarded,-0.7263,-1.3369,-0.6816,1.2388,0.5088,0.4397,0.5088,2.3355,0.7639,0.4397,0.7639,1.6787
communicative,2.5974,2.5282,1.0487,1.9534,1.5600,0.6080,1.5600,1.9052,0.9517,0.6080,0.9517,2.7989
scornful,-2.1473,0.0861,0.8000,1.2671,0.6088,-0.0608,0.6088,3.3018,0.9977,-0.0608,0.9977,2.5441
imaginative,2.6974,2.5872,0.0257,0.8182,0.7079,0.1057,0.7079,1.5712,0.5569,0.1057,0.5569,3.8841
ugly,-1.3816,-1.0000,-0.7105,1.7718,0.8329,0.7011,0.8329,2.5368,0.8824,0.7011,0.8824,2.7351
shallow,-2.1282,-1.3564,0.4513,1.9737,0.0743,0.1270,0.0743,3.1215,0.0012,0.1270,0.0012,2.8375
grumpy,-2.0846,-0.2949,-0.0051,1.1302,0.0280,-0.3299,0.0280,3.0384,0.3008,-0.3299,0.3008,2.4853
lost,-2.2385,-1.5872,0.4717,2.0940,0.6291,0.3441,0.6291,3.4447,-0.3994,0.3441,-0.3994,4.0242
cool,1.3769,1.2872,0.4205,2.0681,1.4502,0.5229,1.4502,2.1227,0.5592,0.5229,0.5592,2.4049
broken-hearted,-2.9898,-0.0026,-1.5052,2.0546,-0.0755,0.2201,-0.0755,8.9637,1.9907,0.2201,1.9907,3.8183
petrified,-2.9131,-0.8579,0.4500,1.1406,0.5300,0.1800,0.5300,7.6593,-0.2348,0.1800,-0.2348,5.6183
abusive,-3.7026,0.9308,1.8949,0.7039,-0.0321,-0.8505,-0.0321,8.8278,0.1743,-0.8505,0.1743,2.9889
authoritarian,-0.9629,2.1743,1.6972,3.1889,-0.2003,0.0363,-0.2003,3.4467,0.9857,0.0363,0.9857,1.9902
wholesome,2.6487,1.4872,-0.4154,1.1699,0.5408,-0.1374,0.5408,2.4185,0.1133,-0.1374,0.1133,2.4667
awkward,-0.6026,-0.9256,-1.1769,1.7309,0.7905,0.2275,0.7905,2.0425,0.7843,0.2275,0.7843,2.2256
middle-class,0.9436,0.5231,0.0923,1.6599,0.4919,-0.1065,0.4919,1.4007,0.5491,-0.1065,0.5491,1.3108
candid,1.2432,1.0108,0.5000,1.7937,0.8928,0.0859,0.8928,1.8710,0.5279,0.0859,0.5279,1.8795
powerless,-2.7102,-3.5051,-1.8205,0.8104,-0.0569,0.5222,-0.0569,3.6856,-0.1599,0.5222,-0.1599,3.7596
good,3.6282,2.4436,-0.2333,0.6310,0.4603,0.1343,0.4603,1.8909,0.4317,0.1343,0.4317,2.1244
reliable,3.5102,2.8180,0.0872,0.6336,0.3956,0.2878,0.3956,1.3072,0.5108,0.2878,0.5108,2.8896
dull,-2.0421,-2.0869,-2.4947,1.1760,0.3887,0.3324,0.3887,1.8027,0.6124,0.3324,0.6124,1.1324
envious,-2.0846,-0.4282,-0.5769,0.8597,-0.2924,-0.0345,-0.2924,4.4563,0.6158,-0.0345,0.6158,2.7408
awe-struck,1.3231,0.9872,0.1718,2.0277,1.1996,0.6436,1.1996,3.4450,0.2310,0.6436,0.2310,3.5541
strict,-0.0308,1.3846,1.0359,1.7102,-0.2402,-0.4973,-0.2402,2.0423,0.8090,-0.4973,0.8090,1.7440
gregarious,0.7154,1.1731,1.4769,4.2693,2.9280,0.1031,2.9280,2.9830,0.2877,0.1031,0.2877,1.1659
resourceful,2.9077,2.2615,0.2154,0.9355,1.0382,-0.0417,1.0382,2.8098,-0.3831,-0.0417,-0.3831,1.9329
flamboyant,-0.0162,0.3903,2.1581,1.4954,0.6508,0.2130,0.6508,2.4396,0.5459,0.2130,0.5459,1.8452
gloomy,-2.1533,-0.9866,-2.0200,1.4246,0.7090,0.5913,0.7090,3.3067,0.1361,0.5913,0.1361,1.1789
indecisive,-1.6645,-1.7936,-1.3936,1.4270,1.0981,0.1537,1.0981,2.8546,1.0133,0.1537,1.0133,3.7013
quarrelsome,-1.9633,0.3567,2.3434,1.6769,-0.3469,-1.0644,-0.3469,2.3978,0.4285,-1.0644,0.4285,1.3246
tolerant,2.5033,1.8567,-0.8400,3.2478,1.8036,0.4812,1.8036,1.8728,0.0783,0.4812,0.0783,2.5770
average,-0.5031,-1.1906,-0.5750,1.6551,1.1797,0.6330,1.1797,1.8893,0.7143,0.6330,0.7143,1.0103
affected,-0.1282,0.1906,0.0438,1.5576,-0.4395,0.5932,-0.4395,3.2868,-0.0302,0.5932,-0.0302,0.9490
cantankerous,-1.2751,-0.0812,0.9625,1.9566,1.1287,-0.4777,1.1287,2.7055,-1.2973,-0.4777,-1.2973,2.9358
passive,-0.5187,-1.5406,-1.9063,2.0926,1.0969,0.9989,1.0969,1.6703,0.3181,0.9989,0.3181,2.3928
cooperative,2.4156,1.7844,-0.6625,1.4569,0.8522,-0.0916,0.8522,1.7053,-0.8394,-0.0916,-0.8394,1.7088
pompous,-1.4700,0.3433,1.3534,2.8490,0.9631,0.1204,0.9631,3.0067,1.0841,0.1204,1.0841,3.6577
poised,1.2968,1.2194,-1.0613,4.8689,3.3014,0.0395,3.3014,3.3082,0.2759,0.0395,0.2759,2.6511
fashionable,1.4594,1.0344,0.4813,1.2238,0.8628,-0.2118,0.8628,1.9546,0.0813,-0.2118,0.0813,1.0707
snowed,0.1100,0.0000,-0.4200,2.8421,1.5548,-0.2519,1.5548,3.1304,0.9856,-0.2519,0.9856,2.2365
vivacious,1.4822,1.3036,2.0072,2.2274,0.8279,1.0182,0.8279,1.2538,1.2526,1.0182,1.2526,1.9791
forgiving,2.8063,2.3219,-1.0781,1.4948,0.5657,-0.5540,0.5657,3.2714,0.1344,-0.5540,0.1344,1.9063
perceptive,2.3907,2.2125,-0.4468,1.5866,0.9063,-0.1278,0.9063,1.2244,-0.2519,-0.1278,-0.2519,2.6593
stupid,-2.2563,-2.2813,-1.1781,2.2238,1.5539,0.9958,1.5539,3.3480,0.4676,0.9958,0.4676,4.7236
dejected,-2.3250,-0.9143,-1.1286,1.8655,1.5078,0.5093,1.5078,4.5865,0.5037,0.5093,0.5037,2.2185
playful,2.2355,0.7387,1.4291,1.3758,0.5666,0.4416,0.5666,2.1131,-0.5328,0.4416,-0.5328,2.7614
raunchy,-0.8406,0.1438,1.4563,2.2844,0.9264,-0.4624,0.9264,2.4799,0.1214,-0.4624,0.1214,2.5406
furious,-1.4063,0.5563,1.6687,1.7665,0.5646,-0.8038,0.5646,4.1366,0.5141,-0.8038,0.5141,2.5912
open,1.8129,1.4871,0.3968,1.6225,0.8862,-0.4649,0.8862,2.5646,0.2459,-0.4649,0.2459,2.1024
mocking,-2.1563,0.1844,1.4594,1.5361,0.4968,0.0092,0.4968,3.0272,0.3786,0.0092,0.3786,0.9348
self-disciplined,2.7774,3.0775,-0.8290,2.2190,0.8678,-0.0513,0.8678,1.0238,-0.5520,-0.0513,-0.5520,3.8268
open-minded,2.9129,2.8258,-0.0839,1.3098,0.7384,-0.2349,0.7384,1.4433,-0.0911,-0.2349,-0.0911,2.5187
vain,-2.0219,-0.1781,1.0156,2.2688,0.6747,-1.0058,0.6747,3.5682,-0.5281,-1.0058,-0.5281,1.8123
satisfied,2.9147,2.4676,-0.3000,1.3819,0.7175,0.0622,0.7175,1.6883,0.1979,0.0622,0.1979,2.4516
messy,-1.9152,-1.1788,1.1819,2.2920,0.4854,0.4032,0.4854,1.3599,0.5164,0.4032,0.5164,3.4785
generous,3.3824,2.3412,-0.3647,0.6857,0.4665,-0.0996,0.4665,2.0054,-0.3333,-0.0996,-0.3333,2.4018
thrilled,2.5147,2.0177,2.3030,1.0607,0.9219,0.4485,0.9219,1.7463,0.6618,0.4485,0.6618,1.5167
terrified,-2.4794,-0.1470,1.5176,1.8399,-0.6411,-0.2474,-0.6411,8.2320,1.1263,-0.2474,1.1263,3.2361
noisy,-1.3824,-0.0824,3.2824,1.2112,0.2707,-0.1555,0.2707,3.2415,0.0861,-0.1555,0.0861,1.8651
remorseful,0.1176,0.1706,-0.9735,4.7495,2.2080,0.4737,2.2080,4.5749,0.1688,0.4737,0.1688,2.2070
introspective,1.3822,0.9250,-1.4393,1.4905,1.0134,-1.1590,1.0134,2.0805,-0.2231,-1.1590,-0.2231,3.6366
depressed,-3.2618,-1.3324,-2.4030,1.2012,0.6064,0.2832,0.6064,8.0597,0.9635,0.2832,0.9635,2.9373
amorous,1.4416,1.2416,0.0917,2.5555,1.7342,-0.9822,1.7342,2.3738,-0.9218,-0.9822,-0.9218,2.7835
overbearing,-2.0029,0.7441,1.5323,1.1524,-1.2374,-0.7439,-1.2374,4.0098,1.0107,-0.7439,1.0107,2.2453
efficient,2.9735,2.8176,1.0206,1.6347,0.8523,1.0011,0.8523,1.0318,0.7627,1.0011,0.7627,3.5296
able-bodied,3.0206,2.6265,1.2441,1.0363,0.6458,0.6518,0.6458,1.8044,0.3579,0.6518,0.3579,3.2922
cunning,0.8059,1.5118,-0.2206,1.6345,0.2087,1.3172,0.2087,1.9787,0.0093,1.3172,0.0093,3.0272
obstinant,0.0637,0.7546,-0.2045,3.1406,1.4564,0.2536,1.4564,3.9883,-0.2136,0.2536,-0.2136,3.2024
polite,3.4147,2.5000,-1.1618,0.6771,0.6388,0.3921,0.6388,2.0412,0.4315,0.3921,0.4315,1.6558
self-pitying,-2.6618,-1.8736,-1.3088,1.3891,0.5517,0.8295,0.5517,4.7361,1.4608,0.8295,1.4608,3.4159
warmhearted,3.0118,2.2529,-0.8471,1.1465,0.9984,-0.5830,0.9984,2.5377,-0.7335,-0.5830,-0.7335,2.1669
indolent,-0.6929,-0.2714,-0.1286,2.2822,0.6476,0.5494,0.6476,2.6331,-0.8490,0.5494,-0.8490,1.9591
tranquil,2.2235,1.3971,-2.5530,1.5534,1.3503,-1.0051,1.3503,3.0596,-0.8428,-1.0051,-0.8428,1.9425
erratic,-1.1200,-0.3267,2.2067,1.7583,0.4215,-0.8612,0.4215,1.8503,-0.1329,-0.8612,-0.1329,2.3178
masculine,1.3559,1.9648,1.0942,2.1559,0.9884,0.8003,0.9884,1.5594,0.8735,0.8003,0.8735,1.9490
stable,2.7441,2.0530,-0.8471,1.2704,1.1594,0.3619,1.1594,2.0656,0.4278,0.3619,0.4278,2.5031
nauseated,-3.1764,-0.9647,-0.1971,1.2613,0.1088,0.0723,0.1088,4.7976,0.6046,0.0723,0.6046,4.3246
inhibited,-1.0333,-0.3061,-0.6515,3.3261,0.9170,0.3659,0.9170,5.4042,0.5347,0.3659,0.5347,2.8788
astonished,0.4383,0.6412,0.7676,2.2745,0.4442,0.4028,0.4442,3.0807,0.6578,0.4028,0.6578,2.7507
unfair,-2.6706,0.6118,0.7853,1.5852,0.4693,-0.0726,0.4693,4.0315,0.3430,-0.0726,0.3430,3.1953
suicidal,-3.5235,-1.2029,-1.7735,1.4491,0.2686,0.1568,0.2686,8.8173,-1.2644,0.1568,-1.2644,5.3304
abandoned,-3.3833,-0.3000,-1.5433,0.8359,-0.1103,-0.1251,-0.1103,8.8848,1.8368,-0.1251,1.8368,3.6281
outgoing,2.2433,2.1500,2.1500,1.6191,0.5850,0.5778,0.5850,1.1323,0.5933,0.5778,0.5933,1.3577
original,2.9533,2.4200,0.0167,2.9584,2.2161,-1.1882,2.2161,2.9361,-0.6170,-1.1882,-0.6170,3.4194
sensuous,1.2500,1.5864,-1.2318,3.2502,0.7839,0.1864,0.7839,1.5678,0.4262,0.1864,0.4262,2.7803
discontented,-2.0367,-0.0700,-0.9533,1.0645,0.6656,0.2014,0.6656,5.1325,0.5796,0.2014,0.5796,3.1184
vulgar,-2.0134,-0.1200,1.8167,2.1983,0.8181,-0.8505,0.8181,3.9871,-1.1628,-0.8505,-1.1628,2.0165
domineering,-1.0857,2.5072,1.3035,1.8984,0.0717,-0.6404,0.0717,1.8592,0.2074,-0.6404,0.2074,2.2869
uneducated,-2.7100,-1.9467,-1.5400,2.2533,0.7371,1.4189,0.7371,5.2674,2.5092,1.4189,2.5092,4.4576
aroused,1.9500,1.8867,1.2334,2.5985,0.8996,0.9120,0.8996,1.7184,1.4428,0.9120,1.4428,2.8319
obnoxious,-2.8667,0.6300,2.2400,0.9120,-0.2799,-0.8335,-0.2799,5.1566,1.4374,-0.8335,1.4374,2.8617
old-fashioned,0.7300,0.4067,-1.5500,1.6878,0.2308,-0.4498,0.2308,1.3944,-0.1997,-0.4498,-0.1997,1.1280
oblivious,-1.9567,-1.6567,-1.5300,2.3991,0.4488,1.0924,0.4488,3.7164,1.5310,1.0924,1.5310,3.3429
bored,-2.0900,-0.7833,-2.1900,1.4513,1.0236,0.6358,1.0236,3.2946,0.8323,0.6358,0.8323,1.1478
male,1.8767,1.7867,0.8967,2.7197,1.2117,0.2541,1.2117,2.4385,0.8507,0.2541,0.8507,2.2507
affectionate,2.5867,2.1633,-1.2100,1.2026,0.3154,-0.3839,0.3154,1.6073,0.0082,-0.3839,0.0082,2.9748
miserly,-1.9709,-0.4250,-1.3875,2.1239,0.7046,0.7988,0.7046,5.1943,1.0612,0.7988,1.0612,2.2585
pessimistic,-2.2533,-0.8533,-0.4266,2.3199,0.4819,-0.4239,0.4819,4.9351,1.5190,-0.4239,1.5190,3.8669
angry,-2.0267,1.0667,1.7967,2.5090,0.0508,-0.6163,0.0508,4.0423,0.8740,-0.6163,0.8740,2.3121
at-ease,2.8833,1.9867,-2.1100,2.4498,2.3130,-1.5850,2.3130,4.7653,-2.2067,-1.5850,-2.2067,3.2402
rejected,-2.3333,1.3933,0.6267,1.1754,-0.1098,-0.3043,-0.1098,4.8036,1.8796,-0.3043,1.8796,4.1261
insecure,-2.7200,-0.7467,-1.4034,1.9154,0.9716,-0.0442,0.9716,7.0157,1.3240,-0.0442,1.3240,4.8219
shrewd,-1.2423,0.1769,0.1231,3.0345,0.9109,-1.0302,0.9109,2.6274,0.5862,-1.0302,0.5862,3.5155
unhappy,-2.6200,-0.0433,-1.9300,1.2072,1.1943,0.4983,1.1943,7.8137,0.6645,0.4983,0.6645,1.5091
mournful,-1.5934,0.2400,-2.4700,3.3346,2.6759,0.5754,2.6759,7.2426,0.3464,0.5754,0.3464,2.1608
irrational,-2.8600,-0.8433,1.5200,1.0032,0.5818,-0.3616,0.5818,4.9896,-0.1052,-0.3616,-0.1052,3.7796
exuberant,2.2893,2.2286,1.6964,1.4351,0.7310,-0.1041,0.7310,0.9924,0.0065,-0.1041,0.0065,1.8026
moved,2.6567,2.5433,-0.6633,0.9978,0.0226,0.1975,0.0226,3.7661,1.1747,0.1975,1.1747,4.5569
sympathetic,2.6111,1.8861,-1.2944,2.2238,0.6130,-0.8346,0.6130,3.0910,-0.2048,-0.8346,-0.2048,2.4074
hurt,-2.6778,0.4833,-0.6445,2.1075,-0.9886,0.4736,-0.9886,7.8819,1.3456,0.4736,1.3456,4.6473
uptight,-1.9056,-0.7278,-0.0278,2.2673,0.3795,-0.0975,0.3795,3.2043,1.1458,-0.0975,1.1458,3.4067
soft-spoken,-0.1112,-1.5944,-2.7695,1.2210,0.9281,0.3624,0.9281,1.9657,0.4187,0.3624,0.4187,1.2713
honorable,3.2833,3.0278,-0.2917,0.8523,0.6542,0.1350,0.6542,1.3883,0.1160,0.1350,0.1160,2.8196
indulgent,-0.4000,-0.2182,0.8030,2.6632,1.6340,-1.7198,1.6340,3.3203,-0.4877,-1.7198,-0.4877,3.4534
eager,1.5944,1.1972,1.8639,1.8731,1.1600,0.1478,1.1600,1.6620,0.2633,0.1478,0.2633,1.3379
revengeful,-2.5805,0.5611,1.1916,1.2571,-0.9100,-0.2587,-0.9100,5.9322,-0.3643,-0.2587,-0.3643,3.4814
grouchy,-2.3445,-0.6833,-0.3528,1.3357,0.0159,0.2977,0.0159,3.2472,0.3449,0.2977,0.3449,3.6963
reclusive,-1.3452,-1.3290,-2.6194,1.9726,0.6396,0.3755,0.6396,3.4274,1.0220,0.3755,1.0220,1.5996
indecent,-2.4629,-0.9657,1.3257,1.5871,0.5890,-0.2798,0.5890,2.6812,0.4721,-0.2798,0.4721,2.3067
delicate,1.1028,-0.2306,-2.0583,2.4585,1.6144,-0.3384,1.6144,3.2874,-0.0790,-0.3384,-0.0790,2.1213
demanding,-1.0528,0.8111,2.3056,1.8101,0.6779,-0.5877,0.6779,4.2908,0.4815,-0.5877,0.4815,1.3068
disabled,-1.4572,-1.4943,-1.3171,2.2373,1.5100,1.4775,1.5100,3.0588,2.2468,1.4775,2.2468,2.3367
withdrawn,-1.3528,-1.5500,-1.9222,1.8236,0.5552,1.1551,0.5552,3.1512,0.5985,1.1551,0.5985,3.0259
careless,-2.4889,-0.8111,0.7667,1.7135,1.1052,-0.5522,1.1052,5.1619,-0.8383,-0.5522,-0.8383,4.4589
displeased,-2.1890,-0.2389,-0.5056,1.9485,0.4445,0.4187,0.4445,5.6117,0.1804,0.4187,0.1804,2.5618
silly,1.7861,0.6695,2.2472,1.6372,0.8448,0.2932,0.8448,1.9542,0.1378,0.2932,0.1378,1.1322
coy,0.1000,0.2815,-1.1593,1.3785,1.1150,0.0811,1.1150,2.0508,0.8330,0.0811,0.8330,1.8341
ostentatious,-0.0375,0.9458,1.4542,3.2354,-0.0782,-1.2761,-0.0782,1.8817,1.4365,-1.2761,1.4365,3.4878
sloppy,-2.1444,-1.3528,0.7361,1.2539,0.5790,-0.4575,0.5790,2.5356,-0.9395,-0.4575,-0.9395,5.0642
virtuous,2.9943,2.4857,0.0628,1.7482,0.8108,-0.0364,0.8108,2.0047,0.0668,-0.0364,0.0668,3.6408
enraged,-2.6084,1.2944,2.8055,1.6122,-1.0501,-0.5973,-1.0501,5.1502,-0.0382,-0.5973,-0.0382,1.9131
permissive,-0.4281,-0.6938,-0.7875,2.3065,1.7308,0.9426,1.7308,3.3851,2.1270,0.9426,2.1270,2.3773
reasonable,3.1000,2.4861,-1.0528,0.8451,0.4759,0.0820,0.4759,1.7698,0.1204,0.0820,0.1204,1.4500
euphoric,2.8364,2.2879,0.8061,1.9662,1.1358,0.0447,1.1358,1.8029,0.4182,0.0447,0.4182,3.5469
bossy,-1.3750,1.3312,1.9719,2.0896,-0.2882,-1.1770,-0.2882,1.9390,0.4628,-1.1770,0.4628,1.7176
inexperienced,-1.0032,-1.8625,-0.5625,1.3622,1.1059,-0.3493,1.1059,1.8444,-0.0857,-0.3493,-0.0857,2.9753
despondent,-1.9263,-1.4211,-1.7842,2.6430,0.1559,0.3943,0.1559,5.2219,2.8086,0.3943,2.8086,3.7070
persecuted,-2.5250,-0.3375,0.6188,1.8348,0.9617,0.0973,0.9617,6.4600,0.5939,0.0973,0.5939,3.7946
proud,2.3844,2.4156,1.0156,2.5252,1.7983,0.8087,1.7983,1.8640,0.7555,0.8087,0.7555,2.5400
unattractive,-1.1531,-1.0531,-0.2344,1.6161,1.0083,-0.0825,1.0083,2.2161,0.5175,-0.0825,0.5175,2.5481
persuasive,1.7562,2.9782,0.6813,2.3613,0.8158,1.0072,0.8158,1.1217,0.2153,1.0072,0.2153,3.6066
unsatisfied,-2.0625,-0.8125,-1.1250,1.7521,0.4840,0.7284,0.4840,5.5934,0.2427,0.7284,0.2427,3.4548
arrogant,-2.1938,-0.7219,1.9813,2.8979,0.5960,-1.0908,0.5960,4.7456,0.3851,-1.0908,0.3851,2.3106
gentle,2.3250,1.3344,-2.2312,1.8097,1.0474,-1.0486,1.0474,3.9675,0.1725,-1.0486,0.1725,1.8887
mortified,-2.5000,-0.5690,-0.1758,1.3271,-0.0736,-0.2633,-0.0736,6.1181,1.3443,-0.2633,1.3443,5.1570
easygoing,1.8162,0.8839,-1.1742,1.8475,1.2023,0.1219,1.2023,2.2487,0.3964,0.1219,0.3964,2.6366
evil,-3.1129,1.4194,0.2645,2.4038,0.3286,0.2568,0.3286,4.5691,0.4961,0.2568,0.4961,3.9596
tense,-1.5406,-0.3469,-0.0812,1.5993,-0.1014,-0.3718,-0.1014,2.5406,0.0473,-0.3718,0.0473,2.9668
unsuccessful,-2.6156,-1.7000,-0.9219,2.1337,1.0804,0.1161,1.0804,6.1865,-1.3188,0.1161,-1.3188,3.9180
rigid,-0.5033,0.1934,-0.7400,2.1672,1.9024,-0.8354,1.9024,2.7277,-0.7013,-0.8354,-0.7013,2.3384
loved,3.4563,3.4875,-0.6406,1.3483,1.2601,-0.1573,1.2601,1.3076,-0.2879,-0.1573,-0.2879,4.9710
shy,-0.5938,-1.6375,-2.7063,2.3871,1.0012,0.6187,1.0012,1.7663,0.7201,0.6187,0.7201,1.1968
naive,-1.1812,-1.7688,-0.9687,2.9125,2.7445,1.7172,2.7445,3.8068,2.2952,1.7172,2.2952,4.5615
nice,3.3344,2.5906,-0.6657,1.3120,1.0487,0.0201,1.0487,1.8511,0.2123,0.0201,0.2123,3.5687
distrustful,-2.1719,-0.2438,-0.3782,2.8170,-0.0333,-0.4887,-0.0333,5.6466,-1.2842,-0.4887,-1.2842,3.4664
religious,1.1281,1.2125,0.0969,4.0745,3.9269,0.8404,3.9269,5.0897,1.0300,0.8404,1.0300,3.1565
strange,0.7531,0.7000,0.1281,2.4594,1.5700,0.2581,1.5700,2.6768,0.3910,0.2581,0.3910,1.6112
self-satisfied,2.5258,2.6097,-0.1613,2.7232,2.0977,0.1597,2.0977,2.3449,-0.3600,0.1597,-0.3600,3.0991
happy,3.4469,2.9125,0.2438,1.0064,0.8310,0.0036,0.8310,2.2450,0.4590,0.0036,0.4590,3.2491
snooty,-2.4313,-1.0688,1.1281,1.0538,0.9716,0.2687,0.9716,2.6434,0.0927,0.2687,0.0927,3.3265
diffident,-0.3438,0.8187,-1.0437,3.3372,0.3849,1.9392,0.3849,2.9417,-0.1957,1.9392,-0.1957,3.2814
intelligent,2.9500,3.2406,-0.1875,1.4490,0.9292,0.6000,0.9292,1.4185,-0.0215,0.6000,-0.0215,4.0211
sly,-0.3436,0.9051,-1.0564,2.2810,0.9350,0.3803,0.9350,2.5258,0.8095,0.3803,0.8095,3.0399
reckless,-2.2053,0.2026,2.4263,1.8119,0.6601,-0.4389,0.6601,4.1933,-0.3404,-0.4389,-0.3404,2.0166
serious,1.0595,1.9324,-1.3081,1.3720,0.2042,-0.4206,0.2042,1.4384,-0.5458,-0.4206,-0.5458,2.4819
sincere,3.3077,2.7974,-1.0077,1.1234,1.2275,-0.0076,1.2275,2.3524,0.2168,-0.0076,0.2168,2.4724
industrious,1.8162,2.0108,1.2892,1.6808,0.6360,0.2093,0.6360,1.4815,0.6546,0.2093,0.6546,2.7693
greedy,-2.8411,0.4436,1.6129,1.6608,0.3408,-0.6276,0.3408,5.5637,-0.6553,-0.6276,-0.6553,2.2817
overconfident,-1.0667,0.6231,1.6821,1.7060,0.8392,-0.4010,0.8392,3.4130,0.6676,-0.4010,0.6676,1.9594
sensitive,0.7158,0.0368,-0.9711,2.6268,2.2589,-0.5810,2.2589,3.6263,-0.5067,-0.5810,-0.5067,2.4887
esteemed,2.1081,2.0352,-0.1162,1.7175,1.5936,-0.1965,1.5936,1.8285,-0.0494,-0.1965,-0.0494,1.3586
methodical,1.7763,1.4342,-1.5474,1.2970,0.7808,0.0346,0.7808,1.1742,-0.1037,0.0346,-0.1037,2.0485
saintly,2.4872,1.8667,-0.9923,2.1812,1.5481,-0.0235,1.5481,2.0708,0.2208,-0.0235,0.2208,1.9739
preoccupied,-0.4821,-0.4026,0.2641,1.8572,0.1342,-0.5564,0.1342,2.2602,-0.6638,-0.5564,-0.6638,2.9656
tormented,-3.2821,-0.9539,0.0077,1.4283,1.3470,0.2188,1.3470,9.2825,1.2155,0.2188,1.2155,6.6072
ruthless,-1.8947,1.6737,1.6184,2.4913,-0.3007,-0.3598,-0.3007,2.7609,0.2829,-0.3598,0.2829,2.8502
amused,2.5948,1.4842,0.4105,1.2751,0.7158,0.6695,0.7158,1.7490,0.5139,0.6695,0.5139,3.2036
humiliated,-3.1384,-1.0308,0.6898,1.3829,1.2286,-0.0682,1.2286,7.4270,0.6332,-0.0682,0.6332,4.9977
possessive,-1.6211,0.4053,1.1895,1.5271,0.8595,-0.4956,0.8595,4.2156,-0.6665,-0.4956,-0.6665,2.1070
alert,2.4410,2.0974,0.8103,1.0509,0.7198,0.3043,0.7198,1.2040,0.0092,0.3043,0.0092,4.2720
relentless,0.4500,1.7316,1.2263,3.2571,0.9438,0.8489,0.9438,1.3936,0.7846,0.8489,0.7846,2.6760
strong,2.6158,3.0158,0.1816,1.6668,0.9730,-0.0821,0.9730,1.0512,0.0949,-0.0821,0.0949,2.6059
dutiful,2.1553,1.6184,-0.2974,1.5589,1.2992,-0.1466,1.2992,2.6696,0.1383,-0.1466,0.1383,2.7819
obsessive-compulsive,-1.5421,-1.2448,1.0158,2.2748,0.8327,-0.7936,0.8327,4.4243,0.1223,-0.7936,0.1223,3.3948
self-conscious,-2.2282,-1.5205,-0.7000,2.5811,1.7220,0.9768,1.7220,5.9854,2.5447,0.9768,2.5447,3.8936
skeptical,0.6949,0.8487,-0.2205,2.5347,2.0573,0.9307,2.0573,2.8678,1.0540,0.9307,1.0540,1.9986
unsophisticated,-1.8231,-1.5949,0.4487,2.9002,1.2660,0.2982,1.2660,2.8478,0.0310,0.2982,0.0310,5.3292
pleased,3.1079,2.3500,-0.1921,0.8229,0.7523,0.3505,0.7523,1.6306,-0.3205,0.3505,-0.3205,3.8359
relaxed,3.1257,1.3872,-2.6590,1.0672,0.8743,-0.8037,0.8743,3.2253,-0.6639,-0.8037,-0.6639,1.3193
demure,0.3750,-0.5312,-1.5313,1.6660,1.3018,-0.1434,1.3018,3.0064,0.4343,-0.1434,0.4343,1.5130
immoral,-2.5294,-0.1500,0.7265,4.1707,2.3360,-0.5332,2.3360,6.6273,-1.7386,-0.5332,-1.7386,2.9171
unscrupulous,-0.7857,0.2667,0.0286,2.6654,1.4780,-2.4949,1.4780,2.3723,-1.7285,-2.4949,-1.7285,3.2320
uncomfortable,-2.1235,-1.0235,-1.3530,1.8103,1.0806,0.9851,1.0806,5.9625,1.3981,0.9851,1.3981,2.4536
composed,2.6303,2.1879,-1.9758,1.1104,1.1649,0.0480,1.1649,2.8774,0.0981,0.0480,0.0981,2.3875
dominant,0.8000,3.0765,1.8294,1.3879,0.1918,0.2506,0.1918,1.8843,0.3040,0.2506,0.3040,2.5282
self-confident,2.9941,3.0706,0.6912,1.2987,1.0146,-0.0886,1.0146,1.1669,0.0615,-0.0886,0.0615,2.2554
grief-stricken,-2.7353,-1.7206,-1.3206,2.0005,0.6473,1.1901,0.6473,5.8805,1.2825,1.1901,1.2825,3.8526
ill-at-ease,-2.1344,-0.6250,-1.1157,1.4726,0.6027,0.5530,0.6027,4.8130,0.8550,0.5530,0.8550,2.5659
attentive,2.7147,2.0559,-1.4441,1.0038,0.8125,-0.1354,0.8125,1.6152,0.0889,-0.1354,0.0889,3.4704
conventional,0.8546,0.2454,-0.6667,1.3744,0.8840,0.3597,0.8840,1.8770,1.0597,0.3597,1.0597,2.1105
lazy,-2.0735,-2.2441,-2.5824,2.3377,0.8622,0.3923,0.8622,2.1414,0.5987,0.3923,0.5987,1.2349
idealistic,1.0294,1.1176,-0.1471,2.7506,2.1343,-0.3219,2.1343,2.8301,-0.0379,-0.3219,-0.0379,3.2966
glum,-2.3438,-1.4375,-1.6782,0.7902,0.1977,0.3158,0.1977,4.7197,0.4818,0.3158,0.4818,3.1295
unkind,-3.2912,-0.8030,0.7441,0.7965,0.3483,0.0078,0.3483,6.3147,1.6656,0.0078,1.6656,3.3220
cheerless,-2.5588,-1.0442,-2.2853,1.1527,0.0639,0.6096,0.0639,4.5316,-0.1629,0.6096,-0.1629,1.0771
refined,2.0500,1.5000,-0.9176,1.4298,0.6597,-0.6252,0.6597,1.8334,-0.3818,-0.6252,-0.3818,1.9275
obligated,-0.8647,0.1794,-0.4500,2.1152,0.9520,1.2021,0.9520,5.9660,0.1888,1.2021,0.1888,3.2582
cultivated,1.3774,1.4226,-0.3968,2.5711,1.2899,-0.2192,1.2899,2.5139,-0.2821,-0.2192,-0.2821,3.2916
horny,0.5031,1.0939,1.3455,2.1990,1.2579,-0.0264,1.2579,3.5745,1.1640,-0.0264,1.1640,1.8676
tactful,2.5697,1.8243,-1.1545,1.0178,0.5711,-0.6282,0.5711,2.8637,-0.1574,-0.6282,-0.1574,3.3744
honest,3.3706,2.8618,-0.1029,0.8391,0.5134,0.0760,0.5134,1.8770,0.1050,0.0760,0.1050,3.8693
smug,-1.1485,-0.2637,0.2000,2.7189,1.9368,0.2550,1.9368,2.4199,0.5272,0.2550,0.5272,2.5975
cold,-1.3853,-0.6559,-1.1383,2.5086,0.6342,-0.3715,0.6342,3.8021,-0.3825,-0.3715,-0.3825,3.6316
childish,-1.1294,-1.4029,2.2177,3.2470,2.2181,-0.2767,2.2181,2.5688,0.1607,-0.2767,0.1607,1.5057
kindly,3.1765,2.4000,-0.6735,0.7976,0.6430,-0.5224,0.6430,1.5170,-0.4688,-0.5224,-0.4688,3.2134
lonely,-2.7857,-1.2771,-2.3429,1.5841,0.7107,0.6147,0.7107,8.1159,0.9518,0.6147,0.9518,2.0425
witty,1.8794,1.7647,1.7147,1.9157,1.0787,0.4709,1.0787,3.3352,0.5357,0.4709,0.5357,2.2395
motivated,3.5086,3.1829,0.8172,0.8708,0.6628,-0.1789,0.6628,1.3403,-0.2461,-0.1789,-0.2461,4.2674
flustered,-1.6229,-0.1086,1.1486,2.7730,-0.7885,-0.0997,-0.7885,4.1391,0.2526,-0.0997,0.2526,1.5744
devoted,2.8914,2.2572,-0.9800,1.4525,0.8319,-0.3660,0.8319,3.4601,-0.2035,-0.3660,-0.2035,3.1193
excitable,1.6117,1.2265,2.1794,1.4563,1.2607,0.2948,1.2607,2.6626,0.3648,0.2948,0.3648,0.9853
incompetent,-2.9714,-2.2429,-0.5886,1.8709,1.2142,-0.7071,1.2142,4.1925,0.2991,-0.7071,0.2991,5.1493
haughty,-2.0393,0.0286,1.1929,1.5825,0.0123,-0.7666,0.0123,3.1465,-0.3628,-0.7666,-0.3628,2.4534
irate,-1.7667,-0.1333,0.9667,2.6693,0.3796,0.9817,0.3796,3.9112,2.0461,0.9817,2.0461,3.7279
lovesick,-1.4457,0.0771,-1.0657,3.9620,-0.1881,2.0799,-0.1881,6.5819,0.6520,2.0799,0.6520,3.4254
slothful,-2.1600,-1.8714,-2.8257,1.9142,0.6938,0.5022,0.6938,2.4262,1.1964,0.5022,1.1964,2.1914
graceful,2.6171,1.8972,-1.5771,2.1568,1.2386,-0.9580,1.2386,2.0262,-0.4644,-0.9580,-0.4644,3.4260
inquisitive,2.3636,1.9182,0.6334,1.5468,1.2173,0.3173,1.2173,1.9353,0.4953,0.3173,0.4953,2.6173
educated,3.4057,3.3114,-0.4686,1.5823,0.9337,-0.1107,0.9337,1.1698,-0.1274,-0.1107,-0.1274,4.1516
persistent,1.9886,2.1114,1.1371,2.3140,0.8404,0.6122,0.8404,1.9323,0.6631,0.6122,0.6631,2.5019
employed,3.0286,2.0829,0.1686,1.5963,0.9328,-0.1188,0.9328,2.0938,0.1410,-0.1188,0.1410,2.2452
energetic,2.6086,2.4286,2.4029,1.4836,0.7492,0.5685,0.7492,1.6404,1.0532,0.5685,1.0532,1.3850
organized,2.8800,2.4972,-0.7771,1.1470,0.9867,-0.2383,0.9867,1.8009,-0.4238,-0.2383,-0.4238,2.3459
sorrowful,-1.9771,-0.6486,-1.7772,2.6135,0.0888,1.3966,0.0888,7.0368,0.8453,1.3966,0.8453,3.1654
betrayed,-3.3629,0.8915,0.2343,1.0376,-0.2091,-0.2180,-0.2091,9.0472,1.6009,-0.2180,1.6009,6.2490
big,0.7029,2.0029,-0.2314,1.7085,0.4935,0.2889,0.4935,2.4814,0.1275,0.2889,0.1275,1.5746
stingy,-2.1853,-0.0559,0.2088,2.0025,-0.3492,-0.5232,-0.3492,3.3214,1.0872,-0.5232,1.0872,4.2893
overjoyed,2.8515,2.6086,2.1515,1.8826,0.1127,0.3664,0.1127,1.3767,0.2110,0.3664,0.2110,1.8838
blue,-2.0600,-1.2286,-1.8429,1.7860,1.0309,1.1264,1.0309,3.9844,0.5264,1.1264,0.5264,1.5007
drowsy,-1.7171,-0.7057,-2.1486,1.7721,0.0728,0.2550,0.0728,4.3276,1.7106,0.2550,1.7106,2.7620
female,1.9677,1.2647,0.2618,3.2605,1.4894,0.5481,1.4894,3.2218,0.9243,0.5481,0.9243,1.7102
narrowminded,-2.9429,-2.1943,-0.4543,1.3672,1.0759,-0.1130,1.0759,4.0841,1.3080,-0.1130,1.3080,5.5002
clever,2.3057,2.3400,0.2771,2.3076,0.9201,1.1099,0.9201,1.9008,-0.1879,1.1099,-0.1879,6.0530
malicious,-2.7222,1.1195,0.3528,3.1801,-0.8245,0.1431,-0.8245,5.4850,0.3949,0.1431,0.3949,4.0381
relieved,2.7583,2.3806,-0.6861,2.5591,1.1757,-1.1317,1.1757,1.9078,-0.2477,-1.1317,-0.2477,3.8721
indifferent,-0.4555,-0.6666,-1.1194,1.8758,0.7123,0.5840,0.7123,3.0960,1.5007,0.5840,1.5007,2.0017
impolite,-2.3666,0.1694,1.5639,1.9258,0.1326,-1.3211,0.1326,3.3575,-0.3444,-1.3211,-0.3444,2.3024
joyful,3.3889,2.6861,1.5389,1.1004,1.0156,-0.0276,1.0156,1.9412,0.1474,-0.0276,0.1474,1.5985
decisive,2.7056,2.5473,1.2445,1.3285,0.6572,0.4300,0.6572,1.1642,0.4827,0.4300,0.4827,3.1380
patient,2.6528,2.1805,-2.1778,1.2654,0.9599,-0.2729,0.9599,2.2702,-0.3835,-0.2729,-0.3835,3.3034
insensitive,-2.0000,0.3167,0.8056,2.8103,0.7493,-1.7700,0.7493,3.7049,0.1859,-1.7700,0.1859,3.8177
earnest,2.0758,1.7758,-0.6485,2.1951,0.9425,-0.0065,0.9425,1.8294,0.3410,-0.0065,0.3410,2.6451
poor,-1.9167,-2.2806,-1.3195,2.5814,1.7597,1.1634,1.7597,3.3969,1.0572,1.1634,1.0572,2.0793
confused,-1.3333,-1.3055,-0.6111,2.4372,1.1964,0.5345,1.1964,3.6177,-0.0269,0.5345,-0.0269,2.9340
selfish,-2.5111,0.1222,0.4889,1.3913,0.4186,-0.1815,0.4186,4.6664,0.3444,-0.1815,0.3444,3.2766
impressionable,1.1500,0.7667,0.3056,3.2676,2.6877,1.4583,2.6877,4.3280,2.0062,1.4583,2.0062,2.3411
sickened,-2.6639,-0.7028,-0.3750,1.6052,0.2444,0.3465,0.2444,6.0164,1.0514,0.3465,1.0514,4.9756
manic,-1.3226,-1.1161,2.0807,2.8972,1.7830,-0.5588,1.7830,4.2361,-0.4973,-0.5588,-0.4973,3.2703
doubtful,-1.0722,-0.6861,-1.0056,2.4958,2.4236,0.6827,2.4236,3.8053,0.9046,0.6827,0.9046,2.3491
self-righteous,-0.4583,0.4722,0.9305,4.3178,1.6008,-1.6231,1.6008,2.5872,-0.4250,-1.6231,-0.4250,3.0079
talented,3.0167,2.9111,0.9889,1.1014,0.4489,-0.0956,0.4489,0.7507,0.1904,-0.0956,0.1904,2.3981
neighborly,2.5472,1.6722,-0.2695,1.1414,0.7248,0.3905,0.7248,1.7513,0.2517,0.3905,0.2517,2.7302
benevolent,2.5688,1.8656,-0.2125,4.2809,2.3441,-1.8746,2.3441,3.1946,-0.9357,-1.8746,-0.9357,3.1089
nervous,-1.2250,-0.8778,0.1889,3.1592,2.1026,-0.8161,2.1026,4.4429,-0.3235,-0.8161,-0.3235,4.8275
bullheaded,-1.3655,0.4103,1.1931,0.9331,0.3964,-0.4691,0.3964,3.3632,-0.6124,-0.4691,-0.6124,2.0371
wealthy,2.1084,2.8306,0.7944,1.8700,0.7552,0.0427,0.7552,2.0246,0.5208,0.0427,0.5208,2.9542
unambitious,-2.4972,-1.9428,-2.6943,3.1233,1.7219,1.8594,1.7219,5.7132,1.5257,1.8594,1.5257,1.9758
dignified,2.1714,2.4171,-0.4486,1.8133,0.8570,-0.4735,0.8570,1.9121,-0.5830,-0.4735,-0.5830,2.6144
disapproving,-1.2500,0.4806,0.4389,1.3912,0.3702,-0.0859,0.3702,3.3016,-0.2184,-0.0859,-0.2184,2.0677
bitchy,-2.6056,-0.1639,2.5556,1.7261,0.7853,-1.1591,0.7853,5.3059,-0.5358,-1.1591,-0.5358,2.0231
artistical,2.1722,1.2916,-0.5111,2.7855,1.8218,1.0796,1.8218,3.0178,0.0895,1.0796,0.0895,3.0514
charming,2.1600,2.3914,-0.2429,1.4454,0.2855,-0.6459,0.2855,1.5602,0.4161,-0.6459,0.4161,2.8843
dirty,-1.5029,-0.7343,0.4886,1.4902,0.1460,0.2564,0.1460,3.5224,-0.2284,0.2564,-0.2284,3.2706
serene,2.7424,1.9364,-2.3030,1.5013,1.1328,-1.1086,1.1328,3.4823,-0.2383,-1.1086,-0.2383,2.4353
ignorant,-2.6882,-1.7030,0.4029,3.3489,-0.2894,-0.7412,-0.2894,6.2022,1.3932,-0.7412,1.3932,5.3864
modest,2.2736,1.5736,-1.6941,1.2795,1.1923,-1.1525,1.1923,1.7668,-1.2298,-1.1525,-1.2298,2.3120
lively,2.2972,2.1629,1.9943,1.4268,0.8028,0.4656,0.8028,1.2407,0.1869,0.4656,0.1869,1.4423
bad-tempered,-2.8686,-0.5429,2.1400,0.6593,0.7391,-0.1840,0.7391,6.3826,-1.1376,-0.1840,-1.1376,2.3160
uneasy,-1.9114,-1.1286,-0.8057,2.1722,1.3479,-0.2539,1.3479,3.6998,-0.2602,-0.2539,-0.2602,3.1454
distressed,-2.3886,-0.9171,0.7400,1.3205,0.4642,-0.3546,0.4642,7.1322,-1.9019,-0.3546,-1.9019,4.1531
interested,2.2943,1.8115,-0.3800,1.9199,1.7962,-0.0640,1.7962,2.9474,-0.3608,-0.0640,-0.3608,2.6457
incredulous,-0.6416,-0.3167,0.4458,2.5566,2.4828,0.2242,2.4828,4.0268,1.1557,0.2242,1.1557,3.1783
aggrieved,-1.3444,0.1259,-0.6148,1.6357,0.7462,0.7139,0.7462,3.3328,0.7011,0.7139,0.7011,2.2860
elated,3.0311,2.1828,1.1931,1.4507,0.8005,0.5970,0.8005,3.1629,-0.1015,0.5970,-0.1015,2.7178
tactless,-1.4310,-1.0035,0.9000,2.0508,0.3942,-0.9458,0.3942,4.2969,0.6872,-0.9458,0.6872,2.7656
rude,-3.1257,0.2172,2.0857,0.9843,0.2539,-0.3139,0.2539,5.6338,-0.0392,-0.3139,-0.0392,1.8095
emotional,0.3200,0.0543,0.2657,2.6399,1.5924,0.5860,1.5924,4.4608,0.3786,0.5860,0.3786,3.0277
alarmed,-1.3058,0.3029,1.6086,2.6428,1.2196,-0.3973,1.2196,5.6298,0.1721,-0.3973,0.1721,2.5232
steadfast,1.5643,2.2715,-0.1250,3.8113,0.5242,-1.2505,0.5242,1.7214,-0.2112,-1.2505,-0.2112,3.8554
miserable,-3.0429,-1.3457,-1.4772,0.8696,0.8945,0.8505,0.8945,6.3589,0.3093,0.8505,0.3093,4.2036
sarcastic,0.1088,0.6882,1.2647,1.8057,0.6456,0.1215,0.6456,1.6186,-0.0396,0.1215,-0.0396,1.2211
innocent,2.0286,0.0428,-1.4628,3.2504,2.0726,-0.3609,2.0726,5.2573,1.1486,-0.3609,1.1486,2.3412
mischievous,-1.3857,0.6629,-0.2514,1.6512,-0.2551,0.1928,-0.2551,2.3500,0.0739,0.1928,0.0739,3.6597
uncertain,-1.1515,-1.4915,-0.6171,2.2196,0.8860,-0.7645,0.8860,3.2925,-0.5936,-0.7645,-0.5936,2.4155
empathetic,2.4559,1.7647,-1.1412,1.9583,0.9063,-0.9601,0.9063,2.8891,-0.4118,-0.9601,-0.4118,2.3693
obedient,1.5171,-0.3314,-1.1800,3.2509,2.8191,-0.5627,2.8191,6.6005,0.7342,-0.5627,0.7342,3.5051
foolish,-2.1086,-1.6343,1.3286,1.4873,0.8123,-0.2142,0.8123,3.4130,0.2666,-0.2142,0.2666,1.6621
plain,-0.5201,-1.1314,-1.4400,1.2847,0.5147,0.4409,0.5147,1.0681,0.5134,0.4409,0.5134,1.8143
determined,2.9294,2.9941,0.7353,1.2930,0.7101,0.2341,0.7101,1.1085,0.6853,0.2341,0.6853,4.7443
thankful,3.1500,2.4588,-0.6794,1.3759,1.0418,0.0665,1.0418,2.1080,-0.0667,0.0665,-0.0667,2.7467
disappointed,-2.5706,-0.9147,-1.4971,1.8386,0.8977,-0.1743,0.8977,6.7456,0.3107,-0.1743,0.3107,1.9269
cynical,-1.6273,-0.5454,0.4394,1.7802,1.1556,-0.9480,1.1556,2.3807,-0.3671,-0.9480,-0.3671,2.1944
resigned,-0.8646,-0.7742,-0.5678,2.1743,0.6348,-1.0372,0.6348,2.7107,-0.3793,-1.0372,-0.3793,2.1091
knowledgeable,3.3235,3.1617,-0.1235,1.0612,0.8960,0.1247,0.8960,1.2225,0.2799,0.1247,0.2799,4.4188
empty,-2.9853,-1.5853,-2.2618,1.0771,0.1698,0.4455,0.1698,6.8395,-0.4527,0.4455,-0.4527,2.2443
mediocre,-1.5176,-1.6177,-1.0912,1.7870,1.1590,1.2696,1.1590,1.6821,1.2502,1.2696,1.2502,2.0033
lustful,-0.7824,0.2412,0.5736,3.9663,1.7083,-0.3480,1.7083,3.9529,0.3955,-0.3480,0.3955,3.9014
credible,3.0765,2.6588,-0.4294,0.8843,0.9308,0.0354,0.9308,2.5250,0.0106,0.0354,0.0106,4.0349
divorced,-1.8882,-0.1765,0.6529,2.2828,0.4266,-0.1227,0.4266,4.3691,-0.9522,-0.1227,-0.9522,3.5700
beautiful,2.6794,2.3353,0.3029,1.6847,0.8886,0.2409,0.8886,2.2848,1.1096,0.2409,1.1096,3.7968
troubled,-2.2735,-0.4382,-0.5412,1.3820,0.9208,0.5256,0.9208,5.8147,-0.5424,0.5256,-0.5424,4.3769
accommodating,2.7735,1.7265,-0.0676,0.7457,0.3532,-0.1327,0.3532,2.0365,0.0039,-0.1327,0.0039,2.0635
thoughtless,-2.6059,-1.0618,-0.4412,1.6059,1.0936,0.7386,1.0936,5.0164,1.8934,0.7386,1.8934,5.5806
spoiled,-1.9059,0.4706,1.5971,2.9442,0.5802,0.5473,0.5802,4.3343,0.4669,0.5473,0.4669,2.7106
showy,-1.3559,0.0264,2.1441,2.5656,1.7000,-0.2214,1.7000,3.4627,0.0137,-0.2214,0.0137,1.4989
impulsive,-0.4441,0.4705,2.1971,2.5734,1.3047,-0.1277,1.3047,3.0488,-0.1782,-0.1277,-0.1782,0.9990
impatient,-1.9912,-0.7147,0.7823,1.1517,-0.0405,0.0029,-0.0405,3.4027,1.5871,0.0029,1.5871,3.1216
secure,2.8294,2.5589,-1.0471,1.4064,0.8719,-0.5146,0.8719,2.2515,-0.3441,-0.5146,-0.3441,2.4275
middle-aged,0.2353,1.0912,-0.5853,2.3727,-0.0260,1.3895,-0.0260,1.6572,-0.2923,1.3895,-0.2923,2.2353
handsome,2.0677,2.0088,0.4617,1.5362,0.7266,0.2139,0.7266,1.9869,0.7403,0.2139,0.7403,2.6746
cowardly,-2.3939,-2.6758,-1.8546,1.3200,0.8014,0.8860,0.8014,2.6982,1.3651,0.8860,1.3651,3.8284
spirited,2.6736,2.6147,1.8147,0.9650,1.0292,0.3049,1.0292,1.5274,0.0853,0.3049,0.0853,2.6704
worthless,-3.2941,-2.0794,-2.1589,1.3430,-0.0371,0.4279,-0.0371,6.6484,1.6682,0.4279,1.6682,2.1297
agonized,-3.1000,-0.5618,0.4795,0.6909,-0.2511,-0.0873,-0.2511,6.7958,0.6663,-0.0873,0.6663,5.4442
white,0.8912,1.6471,0.5795,1.8239,0.8792,1.2283,0.8792,1.7983,1.1292,1.2283,1.1292,2.1011
affable,0.8250,0.6500,0.6062,2.2205,0.5346,-0.5608,0.5346,1.5080,0.5843,-0.5608,0.5843,1.3432
modern,1.0167,1.0556,1.4250,1.8934,0.5214,-0.3224,0.5214,1.5631,0.2417,-0.3224,0.2417,1.1533
deceitful,-2.6722,1.0528,-0.0694,0.9192,-0.5329,-0.1525,-0.5329,3.4087,-0.0073,-0.1525,-0.0073,2.8285
sexy,1.6056,2.2000,0.4111,2.5433,0.8454,-0.8232,0.8454,2.1651,0.0348,-0.8232,0.0348,2.5907
tough,1.8111,2.1556,0.2750,1.3427,0.5890,-0.6311,0.5890,1.6882,-0.3208,-0.6311,-0.3208,2.5871
abusive (physically),-3.5611,0.3805,2.3667,2.1807,0.5958,-0.6293,0.5958,8.7068,-0.5832,-0.6293,-0.5832,2.3177
heart-broken,-2.6528,-0.6833,-1.5361,1.1969,1.0869,0.7335,1.0869,8.8976,1.8690,0.7335,1.8690,3.5075
extroverted,1.2750,1.7389,2.1972,1.3602,0.1970,-0.3053,0.1970,0.7773,0.5704,-0.3053,0.5704,2.2231
restless,-1.2556,-0.4000,0.6583,1.8202,0.5826,0.8573,0.5826,3.3628,1.2225,0.8573,1.2225,4.1066
dogmatic,-0.0619,0.5429,0.7238,2.4376,0.4052,-0.8249,0.4052,1.0755,0.7009,-0.8249,0.7009,1.6500
cruel,-3.3028,0.9111,1.1195,1.2734,-0.2046,-0.3683,-0.2046,5.6960,-0.4876,-0.3683,-0.4876,2.7948
unhelpful,-1.8917,-1.1056,-1.1972,2.2230,1.3631,1.0876,1.3631,4.5623,1.4138,1.0876,1.4138,2.2546
stunned,-0.3139,-0.0389,-0.0028,2.2459,0.6869,-0.4420,0.6869,4.5750,0.2994,-0.4420,0.2994,3.4992
insane,-1.6629,-0.9657,1.3572,1.7295,1.1355,-0.3004,1.1355,3.4736,0.3991,-0.3004,0.3991,2.5378
autonomous,0.8630,1.6111,0.2889,2.4733,0.7071,0.1172,0.7071,3.4603,1.5783,0.1172,1.5783,3.1980
egotistical,-1.8424,0.3333,1.5727,1.5106,0.2171,-0.7703,0.2171,4.3280,0.4409,-0.7703,0.4409,2.7871
unlucky,-2.0084,-1.0583,-0.2306,1.3168,0.4887,-0.0883,0.4887,3.9026,0.5053,-0.0883,0.5053,1.3159
meek,0.1678,-0.9613,-1.8419,2.2995,1.1406,-0.2204,1.1406,3.6805,0.8720,-0.2204,0.8720,1.3332
vigorous,1.2278,1.5778,1.7611,1.7850,0.9230,-0.5255,0.9230,1.6429,0.2443,-0.5255,0.2443,1.6214
trusting,2.3139,1.9194,-0.7278,1.8270,1.4541,-0.1581,1.4541,4.5016,0.5625,-0.1581,0.5625,2.9020
understanding,2.8917,2.1500,-1.3000,1.4014,0.2902,-0.2295,0.2902,2.1980,0.0902,-0.2295,0.0902,1.7749
melancholic,-0.9971,-1.2412,-1.7941,2.7209,1.8744,0.7142,1.8744,2.1527,1.0584,0.7142,1.0584,1.7763
worthy,2.5944,2.3500,0.2722,1.3422,0.8845,0.3813,0.8845,1.5157,0.0103,0.3813,0.0103,2.8615
popular,0.8250,1.7945,1.6222,2.7562,0.2898,-0.6277,0.2898,3.3011,0.2180,-0.6277,0.2180,2.0452
annoying,-2.0528,0.4778,1.8166,1.5025,-0.5058,-0.3729,-0.5058,2.9075,-0.4998,-0.3729,-0.4998,3.2878
appalled,-1.0361,-0.5333,0.4361,2.0029,0.3285,0.5865,0.3285,2.6490,-0.3244,0.5865,-0.3244,2.1904
self-sacrificing,2.0584,2.7056,-0.0361,2.9985,1.1785,-0.2550,1.1785,1.9942,-0.0796,-0.2550,-0.0796,3.3852
unfriendly,-2.7865,-0.4865,0.1811,1.2151,0.7770,0.2650,0.7770,6.0440,1.0077,0.2650,1.0077,3.9482
infatuated,0.3000,0.4703,0.8352,4.2790,2.5189,-0.2939,2.5189,5.4777,-0.3149,-0.2939,-0.3149,3.7112
shaken,-1.6595,-0.5676,0.7027,1.6663,-0.0263,-0.3804,-0.0263,5.3005,0.9522,-0.3804,0.9522,2.8537
cute,2.2108,1.4649,0.0541,1.3587,0.9665,0.2866,0.9665,2.6918,0.8784,0.2866,0.8784,1.7310
caring,3.2432,3.1459,-1.0081,2.1736,0.1379,0.8498,0.1379,0.8775,-0.1371,0.8498,-0.1371,2.3258
placid,0.2724,-0.4345,-1.5552,1.8827,1.6447,0.3910,1.6447,2.9280,1.3602,0.3910,1.3602,2.4591
sniveling,-1.7125,-1.3666,0.4333,0.9037,0.4113,-0.1766,0.4113,2.1589,0.0196,-0.1766,0.0196,2.4354
annoyed,-2.2676,-0.3514,0.7243,1.2794,-0.3708,-0.6181,-0.3708,5.1069,1.5376,-0.6181,1.5376,3.9319
conceited,-2.5417,-0.2361,1.7611,1.6533,0.6884,-0.9028,0.6884,5.0950,0.7393,-0.9028,0.7393,2.4071
bold,2.4298,2.7730,1.5325,1.0671,0.5264,0.0101,0.5264,1.1326,0.2162,0.0101,0.2162,1.8206
spacey,-0.4545,-0.9212,-1.7939,1.6270,0.5254,-0.0512,0.5254,2.2442,0.6167,-0.0512,0.6167,1.6181
maniacal,-2.0848,0.8697,1.5243,2.6039,0.3358,0.7965,0.3358,4.7998,1.3795,0.7965,1.3795,5.2945
embittered,-1.8862,-1.0759,-0.7966,1.0690,0.3111,0.5693,0.3111,3.8012,-0.0769,0.5693,-0.0769,3.2289
brave,3.2270,3.1108,1.1540,0.9621,0.7794,0.5566,0.7794,1.8171,0.0340,0.5566,0.0340,3.9137
audacious,0.6380,1.4103,1.8552,3.2567,1.1454,0.2650,1.1454,2.1075,0.9362,0.2650,0.9362,1.8318
agitated,-2.2054,-0.4027,1.1432,2.2306,-0.2181,-1.2934,-0.2181,4.5831,0.6027,-1.2934,0.6027,2.8981
hotheaded,-2.5108,0.0108,2.5351,1.1971,-0.1328,-0.1999,-0.1328,5.9399,-0.2801,-0.1999,-0.2801,2.5579
competitive,1.4919,1.8216,1.9432,1.9608,0.0119,0.6098,0.0119,2.4640,0.7474,0.6098,0.7474,1.8593
disagreeable,-1.6730,-0.3622,1.0081,1.2542,0.4867,0.0995,0.4867,4.0123,2.1058,0.0995,2.1058,3.3002
scared,-2.1460,-1.5973,0.4946,2.0526,0.6421,-1.1512,0.6421,6.4975,1.3867,-1.1512,1.3867,5.6506
adaptive,3.1027,3.0622,0.3811,0.8002,0.5395,0.3172,0.5395,0.9318,0.3359,0.3172,0.3359,4.0649
self-centered,-2.4757,-0.7378,1.2405,1.7346,1.2848,0.1581,1.2848,5.4075,1.3397,0.1581,1.3397,3.9820
model,1.9273,1.7546,0.3364,2.0189,1.0092,-0.8025,1.0092,2.7407,0.3015,-0.8025,0.3015,2.4979
defensive,-0.4000,0.3676,1.1595,2.8024,0.8230,0.0309,0.8230,2.6751,-0.1057,0.0309,-0.1057,2.1030
nonchalant,0.5428,-0.1943,-2.0629,2.0648,1.4762,-0.3784,1.4762,2.8300,-0.0708,-0.3784,-0.0708,0.8377
enthralled,1.8433,1.4067,1.3400,1.8475,1.9511,1.4530,1.9511,3.3055,2.3883,1.4530,2.3883,3.1295
enthusiastic,3.0061,2.5819,2.4455,0.7212,0.5336,0.2214,0.5336,1.2009,0.4841,0.2214,0.4841,1.1225
horrified,-2.6272,0.1576,0.7697,1.5622,0.9066,0.6482,0.9066,7.1969,2.3942,0.6482,2.3942,4.7467
bright,3.1546,2.7394,0.9091,1.1075,0.3509,0.5201,0.3509,2.3812,-0.1082,0.5201,-0.1082,3.4215
fretful,-1.3344,-1.0812,-0.1094,1.3301,0.9530,0.3539,0.9530,4.0211,1.2670,0.3539,1.2670,2.9222
unstable,-2.6909,-1.6606,0.2545,1.2059,1.1334,-0.0668,1.1334,4.7600,-0.2441,-0.0668,-0.2441,4.7039
careful,2.0909,1.4151,-1.9152,0.7608,0.6751,0.1396,0.6751,1.8026,-0.0154,0.1396,-0.0154,2.2601
compassionate,3.1667,2.7485,-0.2121,1.0097,0.6422,-0.2433,0.6422,1.1119,-0.0188,-0.2433,-0.0188,5.3398
mentally ill,-2.1243,-1.6061,-1.1940,2.5994,2.3967,0.8100,2.3967,5.8098,0.7740,0.8100,0.7740,3.3406
lonesome,-2.6909,-1.4485,-2.6515,1.6697,1.0658,0.1111,1.0658,7.1308,2.1456,0.1111,2.1456,2.1863
worried,-2.3818,-0.3727,-0.2606,1.5809,0.0347,-0.0264,0.0347,6.8433,1.3101,-0.0264,1.3101,5.9481
contented,2.1667,1.5758,-0.9636,3.5623,2.3402,-0.0225,2.3402,3.1313,0.9321,-0.0225,0.9321,3.7387
eccentric,1.0242,1.1212,1.6969,1.6113,1.0770,0.0757,1.0770,1.5824,-0.1165,0.0757,-0.1165,2.0684
sorry,0.3939,-0.0667,-1.3394,3.6751,1.8321,0.2117,1.8321,4.7953,0.9096,0.2117,0.9096,2.3419
jealous,-2.6364,-0.6879,0.5424,1.2518,0.6807,-0.4493,0.6807,7.1711,-0.5700,-0.4493,-0.5700,4.7781
irritable,-1.9697,-0.8333,1.1546,1.9329,0.8182,-0.6464,0.8182,3.1279,-0.2203,-0.6464,-0.2203,2.3001
sluggish,-1.7940,-1.8939,-2.6516,1.2550,1.0925,0.4850,1.0925,2.5581,0.5693,0.4850,0.5693,1.6182
shook up,-2.0000,-0.2697,1.0757,0.9962,0.1881,-0.7188,0.1881,5.0234,0.2522,-0.7188,0.2522,1.9320
subdued,-1.4469,-0.5531,-0.5844,2.7844,0.1787,-0.1247,0.1787,5.7117,1.5315,-0.1247,1.5315,5.7144
squeamish,-1.7849,-1.0031,-0.1606,1.2625,-0.0377,0.3294,-0.0377,4.5284,-0.7715,0.3294,-0.7715,2.8999
aimless,-1.6718,-2.0719,-1.4844,1.5763,0.7282,0.6234,0.7282,1.5015,0.7911,0.6234,0.7911,2.8033
irritated,-2.3394,-0.3242,0.2545,1.4906,0.4725,0.2962,0.4725,4.5994,0.2885,0.2962,0.2885,5.1650
temperamental,-1.3563,-0.2812,1.7563,2.6388,1.2709,-1.3393,1.2709,4.2603,-0.1257,-1.3393,-0.1257,2.4961
anguished,-1.9645,-0.5097,-0.7452,2.2550,0.6287,0.3783,0.6287,5.2604,2.7775,0.3783,2.7775,4.3957
passionate,2.8909,2.9758,1.4788,1.5021,0.7463,-0.5171,0.7463,1.0081,0.1216,-0.5171,0.1216,3.7237
black,0.6606,0.3727,1.1031,2.0168,0.8836,0.7986,0.8836,2.0921,0.4398,0.7986,0.4398,2.0085
elegant,2.2454,1.6212,-1.2242,1.3457,0.2600,0.2417,0.2600,1.3248,0.1334,0.2417,0.1334,2.4506
romantic,2.8152,2.3364,-0.8182,1.2669,0.6176,-0.4416,0.6176,2.1830,0.0132,-0.4416,0.0132,2.3265
self-assured,2.3774,2.5871,-0.2871,1.6331,0.8764,-0.7240,0.8764,1.1492,0.1095,-0.7240,0.1095,3.2352
friendly,3.2033,2.2742,0.3677,1.1829,0.8911,0.3617,0.8911,2.4261,0.1551,0.3617,0.1551,2.5123
softhearted,2.0600,0.7566,-1.5000,1.7653,1.3134,-0.3810,1.3134,3.0687,-0.1280,-0.3810,-0.1280,1.4793
rebellious,-0.5742,1.2742,2.0322,2.6006,1.3547,-0.7429,1.3547,2.2233,0.2316,-0.7429,0.2316,1.5244
embarrassed,-2.1452,-1.3226,-0.5613,1.9971,0.9555,0.8361,0.9555,3.9758,0.6966,0.8361,0.6966,4.7150
timid,-1.1355,-2.2000,-2.2807,2.7498,1.3463,1.1673,1.3463,1.5133,0.6816,1.1673,0.6816,2.6348
anxious,-1.9516,-0.6258,0.5678,1.7220,-0.1317,-0.6338,-0.1317,5.1746,0.8734,-0.6338,0.8734,4.3588
sophisticated,2.3133,2.1833,0.3367,1.4764,0.5372,0.0436,0.5372,1.0021,0.9130,0.0436,0.9130,3.9480
outrage,-2.3064,1.0774,2.3710,1.9947,-0.8815,-0.0415,-0.8815,5.1824,0.7213,-0.0415,0.7213,1.5069
indignant,-0.8524,-0.0666,0.5381,1.7897,0.3384,-0.1979,0.3384,1.9395,0.7202,-0.1979,0.7202,1.3954
hopeless,-3.3129,-2.3129,-1.9420,0.8898,-0.0478,-0.1199,-0.0478,5.6272,0.3525,-0.1199,0.3525,3.4446
intoxicated,-1.0323,-1.3258,1.7355,4.4064,2.5991,-1.0898,2.5991,5.2707,0.8242,-1.0898,0.8242,4.8076
unreliable,-2.8806,-1.7452,-0.9355,1.7936,0.9107,0.0480,0.9107,4.6713,-0.3447,0.0480,-0.3447,3.0417
agreeable,2.0355,0.9161,-0.6258,1.1277,0.2034,-0.0017,0.2034,1.7855,0.3301,-0.0017,0.3301,1.1886
flexible,2.2967,1.6677,-0.0516,1.5983,-0.0115,0.2838,-0.0115,1.3249,-0.3487,0.2838,-0.3487,3.0986
acquiescent,0.8461,-0.6846,-1.0154,2.4229,1.7151,0.3516,1.7151,3.4049,0.4085,0.3516,0.4085,2.1381
discouraged,-2.5807,-1.1742,-1.6645,0.9636,-0.5324,-0.2987,-0.5324,6.2921,-0.6696,-0.2987,-0.6696,3.1104
resentful,-2.0200,-0.3900,-0.9767,2.3039,1.1710,1.4371,1.1710,6.0657,0.1684,1.4371,0.1684,2.7323
taciturn,-0.2455,-0.2364,-1.1000,1.7628,1.0013,0.9041,1.0013,2.3067,1.8091,0.9041,1.8091,3.2899
humble,3.0452,2.2323,-1.7871,1.1765,0.8539,-0.5139,0.8539,1.8889,-0.1171,-0.5139,-0.1171,3.4478
creative,2.7678,2.3549,0.5258,1.1376,0.9085,0.1199,0.9085,1.4339,0.2005,0.1199,0.2005,2.4933
regretful,-2.2452,-0.8580,-1.3097,2.7327,0.7824,0.2736,0.7824,6.8704,1.1900,0.2736,1.1900,3.5342
active,2.9516,2.4806,2.5548,1.1912,0.5304,0.4464,0.5304,1.3383,0.7094,0.4464,0.7094,0.9872
assertive,0.8484,1.9645,1.5032,2.9419,0.1741,-0.2445,0.1741,2.4970,-0.3749,-0.2445,-0.3749,2.3223
impractical,-1.5166,-0.9200,0.0400,1.6919,1.7322,1.0027,1.7322,3.2231,1.0032,1.0027,1.0032,3.3438
mad,-1.8516,0.5323,1.3838,1.7680,0.1227,-0.4478,0.1227,5.6810,1.4448,-0.4478,1.4448,2.6647
light-hearted,1.2200,0.7767,-0.4400,3.8383,2.4043,0.8464,2.4043,3.8337,1.2290,0.8464,1.2290,2.7673
neurotic,-1.3905,-0.0524,1.0000,1.7019,0.7726,-0.1010,0.7726,3.5147,-0.0535,-0.1010,-0.0535,3.3110
effective,2.7931,2.7449,0.5724,1.7287,0.8607,0.4620,0.8607,1.3690,0.1977,0.4620,0.1977,1.8764
frustrated,-2.0448,-0.3414,1.2242,1.3954,0.6215,-0.2057,0.6215,5.8603,1.4150,-0.2057,1.4150,2.3625
lucky,2.8310,1.5897,0.3138,1.8222,1.4800,0.1556,1.4800,3.9753,1.2573,0.1556,1.2573,1.7999
daring,1.1379,1.8827,1.7793,2.1275,0.6842,0.3047,0.6842,1.7629,0.8878,0.3047,0.8878,1.9767
crazy,-1.1964,-0.3500,2.1250,3.0300,2.4510,0.3906,2.4510,4.3946,0.7953,0.3906,0.7953,3.5893
vengeful,-2.4517,-0.0931,0.3552,2.0769,0.9064,-0.9413,0.9064,4.6735,-0.0969,-0.9413,-0.0969,4.1133
manipulative,-2.0414,2.1690,-0.9276,3.7118,0.0134,-0.1276,0.0134,2.4693,-0.5063,-0.1276,-0.5063,3.3885
frivolous,-0.5909,0.1227,1.0409,2.1160,0.7974,-0.4065,0.7974,2.8838,-0.2329,-0.4065,-0.2329,2.1845
hopeful,2.5586,1.7794,-1.0483,2.4512,0.2884,1.5200,0.2884,4.2030,0.3982,1.5200,0.3982,3.7040
insincere,-2.8414,-0.5311,0.3517,1.8053,0.6326,-1.1167,0.6326,2.8037,0.1213,-1.1167,0.1213,2.8576
sad,-2.3793,-1.3414,-1.8759,1.5502,1.3320,0.7513,1.3320,5.1998,1.1211,0.7513,1.1211,2.1591
unselfish,3.2828,2.1517,-0.4069,1.0565,0.4770,0.0520,0.4770,1.6790,-0.0764,0.0520,-0.0764,2.0135
finicky,-1.3000,-0.8792,0.4417,1.7635,0.9565,-0.0895,0.9565,2.5503,-0.3382,-0.0895,-0.3382,3.6181
aggressive,-0.6207,1.5897,2.4621,3.5910,1.7834,0.1774,1.7834,4.3689,0.3425,0.1774,0.3425,2.0025
merry,2.9172,1.7000,1.5345,1.4772,0.3900,0.5465,0.3900,1.3571,0.7392,0.5465,0.7392,2.3073
egoistic,-2.2077,-0.0577,1.8538,1.9960,0.0328,-0.3523,0.0328,3.4904,1.5065,-0.3523,1.5065,2.2451
respectful,3.4138,2.4759,-1.1207,0.9355,1.1596,0.2621,1.1596,2.9039,0.9195,0.2621,0.9195,3.1018
sentimental,1.5758,0.4690,-1.1207,2.8504,1.3949,0.1445,1.3949,3.7072,0.4783,0.1445,0.4783,2.7482
immature,-2.1069,-1.9276,1.7345,2.7349,0.4737,-0.3144,0.4737,2.2206,-1.1422,-0.3144,-1.1422,2.6545
peaceful,3.1586,1.7931,-1.9207,1.1196,0.1997,0.0877,0.1997,3.6664,0.1713,0.0877,0.1713,3.3903
fair,2.7793,1.7345,-0.2414,1.4509,0.8990,-0.1537,0.8990,2.4152,0.7268,-0.1537,0.7268,1.4725
tired,-1.5690,-1.1345,-2.0621,2.8121,1.5646,0.9388,1.5646,4.7673,1.9282,0.9388,1.9282,2.2481
offensive,-2.4276,-0.2034,1.1965,2.9663,-0.3318,-1.5883,-0.3318,5.3340,0.3817,-1.5883,0.3817,3.7138
unhealthy,-2.6690,-0.8552,-0.9448,2.6765,0.4889,0.2485,0.4889,5.4348,0.7446,0.2485,0.7446,2.5362
disobedient,-2.1690,0.0483,1.3482,1.3979,0.5546,-0.7551,0.5546,3.3898,0.0369,-0.7551,0.0369,2.6069
contemptuous,-0.7813,-0.1687,0.4563,2.3335,1.6494,-1.2198,1.6494,2.6196,-0.6693,-1.2198,-0.6693,2.4052
competent,2.5793,2.7448,0.2138,1.9145,1.2117,0.6593,1.2117,1.5983,0.0365,0.6593,0.0365,2.2663
old,0.3421,0.5395,-1.9947,3.2431,1.2467,0.4808,1.2467,3.5063,-0.0432,0.4808,-0.0432,1.0427
straightforward,2.2553,2.2790,0.7737,1.3966,0.6807,-0.0623,0.6807,1.0190,0.0314,-0.0623,0.0314,2.4415
disrespectful,-3.1158,-0.6816,1.3553,0.9489,0.4056,-0.0020,0.4056,4.8330,-0.1708,-0.0020,-0.1708,3.2643
joyless,-2.8947,-1.6869,-1.8816,1.8708,0.9248,0.8474,0.9248,4.6273,1.7030,0.8474,1.7030,2.6956
crude,-2.0500,-0.4131,1.1684,1.3333,0.5064,-0.0911,0.5064,2.8600,0.4832,-0.0911,0.4832,3.4886
decent,2.5711,1.6658,-0.7684,2.1632,1.2711,0.2087,1.2711,2.1250,0.1236,0.2087,0.1236,2.0860
unique,2.6842,2.4184,0.4421,1.0473,0.7246,0.2715,0.7246,1.2410,0.0620,0.2715,0.0620,2.1106
provocative,-0.4895,0.8289,1.2079,3.9712,1.5789,-0.0753,1.5789,3.3476,-0.6116,-0.0753,-0.6116,2.8315
enterprising,1.3000,1.7406,0.9094,1.4865,0.6474,1.0413,0.6474,1.1296,0.9641,1.0413,0.9641,2.4075
bitter,-2.1763,-0.8079,-0.4605,2.1764,-0.2509,-0.0345,-0.2509,4.4916,1.2841,-0.0345,1.2841,3.1332
entrusting,1.6947,1.4395,-0.6605,3.2783,2.3816,-0.0214,2.3816,2.8815,0.2084,-0.0214,0.2084,2.3862
presumptuous,-1.6212,-0.1545,1.0849,1.3704,0.5142,-0.8938,0.5142,2.7494,-0.3149,-0.8938,-0.3149,2.1883
gossipy,-2.4631,-0.7553,2.1132,1.3748,0.7089,-0.5997,0.7089,5.1465,-0.6203,-0.5997,-0.6203,2.4520
noble,2.8026,2.2790,-0.4447,1.3052,0.5179,-0.0582,0.5179,1.9552,-0.7905,-0.0582,-0.7905,3.7464
submissive,-1.4324,-1.9054,-1.8324,2.4123,1.0890,0.5064,1.0890,2.4878,1.1259,0.5064,1.1259,1.5273
paranoid,-2.3421,-0.8237,0.4210,1.1225,-0.5456,-0.2891,-0.5456,6.0905,0.3459,-0.2891,0.3459,4.2595
responsible,3.1684,2.8395,-0.3711,1.2001,0.8681,-0.1829,0.8681,1.4847,0.1999,-0.1829,0.1999,1.8708
cocky,-2.0737,-0.4684,2.2368,2.5160,1.6961,-0.0251,1.6961,4.3909,0.3388,-0.0251,0.3388,3.4240
dismayed,-2.0743,-0.5886,-0.7828,1.1355,-0.1379,0.2075,-0.1379,3.5822,0.5334,0.2075,0.5334,2.7151
no emotion,-1.8632,-0.9289,-2.5132,3.9078,2.7066,1.2908,2.7066,5.5319,0.8386,1.2908,0.8386,2.3558
gleeful,2.7919,1.9703,1.5406,0.8941,0.4787,0.2893,0.4787,0.9449,-0.0157,0.2893,-0.0157,1.4120
heavy-hearted,-0.9865,0.2811,-1.3459,3.3600,2.0005,1.4198,2.0005,5.0367,1.5175,1.4198,1.5175,2.8454
unpopular,-0.8421,-1.1684,-1.4421,2.6463,0.9317,0.5203,0.9317,2.4574,0.9154,0.5203,0.9154,1.4831
unsportsmanlike,-2.3378,-0.9973,1.8432,1.5196,0.9924,-0.5722,0.9924,3.9242,-0.2310,-0.5722,-0.2310,2.5297
diligent,2.9243,2.0000,-0.3189,0.6214,0.6456,0.0588,0.6456,1.8272,0.3722,0.0588,0.3722,3.3438
opportunistic,2.3763,2.1369,1.0527,1.7899,1.0841,0.0289,1.0841,1.2223,0.2018,0.0289,0.2018,1.7280
strong-willed,1.9895,2.6079,1.0816,1.8512,0.8909,-0.0080,0.8909,1.1699,0.3193,-0.0080,0.3193,2.6627
moody,-1.9270,-0.7924,1.3423,1.2556,0.0914,-1.2556,0.0914,3.0992,0.3861,-1.2556,0.3861,2.5178
desperate,-3.1200,-1.3840,-0.1640,1.1291,0.5632,0.7344,0.5632,8.3198,0.9844,0.7344,0.9844,6.5715
intolerant,-2.2308,-0.7615,0.8500,2.7959,1.5705,-1.6581,1.5705,6.5426,0.3725,-1.6581,0.3725,5.0235
lower class,-1.1423,-1.8847,-0.3615,1.3682,0.8074,0.5866,0.8074,1.1020,0.4234,0.5866,0.4234,2.1041
married,2.6000,2.3462,-0.8077,1.6392,1.3076,-0.0728,1.3076,2.0930,-0.0312,-0.0728,-0.0312,3.2224
disturbed,-2.1539,-0.2884,0.1692,1.1386,0.4314,-0.3105,0.4314,4.8490,0.3413,-0.3105,0.3413,3.5175
spiteful,-2.3115,-0.2039,0.6231,1.6427,0.6392,-0.4010,0.6392,3.5828,-1.2648,-0.4010,-1.2648,3.5829
nosey,-1.5846,-0.3616,0.9000,2.2293,-0.4194,0.4912,-0.4194,3.8473,-0.0835,0.4912,-0.0835,4.3496
intellectual,3.0769,2.8462,-0.2846,1.5058,0.7840,0.1792,0.7840,1.3914,0.6233,0.1792,0.6233,3.9526
fearful,-2.4077,-0.7577,-0.6808,1.6847,-0.5988,0.5765,-0.5988,6.9076,-1.2084,0.5765,-1.2084,4.1305
fed-up,-2.3423,-0.1346,0.6077,1.5314,0.6681,-0.1781,0.6681,6.0345,-1.3877,-0.1781,-1.3877,3.7558
conservative,0.7577,1.0846,-0.4039,2.5658,1.9134,-1.3950,1.9134,2.0599,-0.8481,-1.3950,-0.8481,2.2468
team spirited,2.3308,1.7846,2.3000,2.0629,2.0389,1.0736,2.0389,2.5182,1.1104,1.0736,1.1104,3.1353
exasperated,-1.7218,-1.0261,0.2565,1.4700,-0.0070,-0.3975,-0.0070,3.2768,-1.1190,-0.3975,-1.1190,3.0918
hassled,-2.6346,-0.5231,1.7539,1.3207,0.5720,-1.2292,0.5720,5.0498,-0.0379,-1.2292,-0.0379,2.3809
pitiful,-1.5308,-1.7038,-1.4192,2.3638,2.4747,0.6342,2.4747,3.9014,0.8323,0.6342,0.8323,2.2183
critical,-0.1269,1.3269,0.9885,3.2117,0.4392,-1.1380,0.4392,1.8829,-0.6726,-1.1380,-0.6726,2.5380
good-natured,3.2384,2.4346,-0.7462,1.2857,0.9510,0.0978,0.9510,1.5695,0.8293,0.0978,0.8293,2.6498
solemn,0.6435,0.5696,-2.2217,4.2326,3.1023,0.3532,3.1023,2.8513,0.2111,0.3532,0.2111,1.3445
aggravated,-2.3040,-0.0360,1.2320,1.9713,0.0678,-0.6386,0.0678,5.3649,0.9771,-0.6386,0.9771,3.0057
pensive,1.3944,0.8111,-1.9889,2.7583,2.6213,-1.7707,2.6213,3.9976,-1.6302,-1.7707,-1.6302,2.1141
feminine,0.8231,0.1923,-0.6115,2.5954,2.3918,0.5931,2.3918,3.3055,0.8563,0.5931,0.8563,2.2147
studious,3.1231,2.3500,-2.3077,0.8275,0.2365,-0.1546,0.2365,2.0442,-0.6160,-0.1546,-0.6160,1.9272
rich,2.4077,3.0115,1.2347,2.2263,0.8306,0.3813,0.8306,1.1603,0.3964,0.3813,0.3964,2.4695
dissatisfied,-2.3077,-0.2500,-1.1616,1.5224,-0.1744,1.0844,-0.1744,5.3002,0.3244,1.0844,0.3244,2.8857
stoned,-1.9111,-0.4722,-0.0583,5.7031,2.5338,-2.5258,2.5338,7.7757,1.3258,-2.5258,1.3258,8.9248
disconcerted,-1.4969,-0.9000,-0.4156,0.8939,0.3865,-0.2626,0.3865,3.0715,-0.2048,-0.2626,-0.2048,2.5052
widowed,-2.8944,-1.0028,-1.0389,1.8902,1.3886,-0.4313,1.3886,7.5782,0.5091,-0.4313,0.5091,6.5939
practical,1.8778,1.4917,-0.5222,1.3309,1.3056,0.1784,1.3056,3.0671,0.5704,0.1784,0.5704,2.3715
apprehensive,-1.4389,-0.9223,-0.8722,1.9996,1.1700,1.0720,1.1700,3.4904,1.9403,1.0720,1.9403,2.4980
dependent,-1.0695,-1.9139,-0.6250,5.0342,4.0548,0.7847,4.0548,6.3195,-0.1169,0.7847,-0.1169,4.2178
inconsiderate,-3.2000,-0.4334,1.1194,1.0594,-0.0886,-0.5928,-0.0886,6.7338,1.0802,-0.5928,1.0802,3.5554
dishonest,-2.9333,-0.0444,-0.2083,1.4228,-0.3555,-0.4801,-0.3555,6.7232,-1.3775,-0.4801,-1.3775,4.6191
unmotivated,-3.1028,-2.3583,-2.4667,1.1631,0.8944,0.8489,0.8944,4.2179,1.5574,0.8489,1.5574,2.7629
helpful,3.4000,2.8028,-0.2111,0.8234,0.7660,-0.0289,0.7660,1.3803,0.1692,-0.0289,0.1692,3.4398
phobic,-2.2257,-1.6571,0.6686,1.3302,0.8699,-0.3732,0.8699,4.3820,0.4699,-0.3732,0.4699,4.7310
overwhelmed,-2.6057,-0.3171,1.8571,2.1758,0.3378,-0.9647,0.3378,8.2709,-0.6224,-0.9647,-0.6224,4.2320
thoughtful,2.7556,2.5389,-1.1167,2.2683,0.7764,0.8470,0.7764,1.9864,-0.3467,0.8470,-0.3467,2.8798
jittery,-0.9028,-0.2111,2.1473,1.3746,0.7225,0.0125,0.7225,2.7799,-0.2969,0.0125,-0.2969,2.3923
wise,3.4889,3.4028,-1.2556,1.0827,0.9515,-0.2926,0.9515,1.4489,-0.8807,-0.2926,-0.8807,4.5871
conscientious,2.0844,1.7000,-0.8063,1.4562,1.5458,-0.7521,1.5458,2.5440,-0.7413,-0.7521,-0.7413,3.1742
hostile,-2.7778,0.8611,2.1611,1.3595,-0.1074,-0.8082,-0.1074,6.2247,1.1746,-0.8082,1.1746,2.9795
intimidated,-2.4778,-1.6250,-0.1639,1.6606,0.1429,-0.8128,0.1429,5.8265,-0.1057,-0.8128,-0.1057,4.6345
unimaginative,-2.2444,-2.2333,-1.5667,1.5471,0.8136,-0.1762,0.8136,2.0257,-0.1617,-0.1762,-0.1617,3.8805
discreet,1.2861,1.2806,-2.6528,2.2927,0.2523,-0.3933,0.2523,2.3057,-0.3276,-0.3933,-0.3276,2.8007
promiscuous,-1.7001,-0.5559,1.2294,2.2242,1.5997,-0.7606,1.5997,3.8331,-0.8504,-0.7606,-0.8504,3.6675
calm,3.0389,1.8417,-2.7889,0.8087,0.1837,-0.6595,0.1837,3.3579,-0.0176,-0.6595,-0.0176,1.3752
disreputable,-2.2625,-0.7875,1.2438,1.5689,-0.1644,-0.9362,-0.1644,4.5160,1.2849,-0.9362,1.2849,2.6980
irritating,-2.7944,0.0722,2.1472,1.2799,0.4428,-0.3865,0.4428,4.4226,1.2681,-0.3865,1.2681,3.3294
offended,-2.4222,-0.2361,0.7611,2.0126,-0.3303,0.0851,-0.3303,5.5527,0.9772,0.0851,0.9772,4.3225
captivated,1.4111,1.0194,0.1305,4.7178,1.4653,0.3604,1.4653,5.2398,1.3402,0.3604,1.3402,4.4166
snobbish,-2.7583,-0.4667,1.0945,1.4779,0.2500,-0.5800,0.2500,4.8040,-0.4695,-0.5800,-0.4695,4.6845
slack,-1.5606,-1.6091,-1.6485,3.1019,2.0778,0.3797,2.0778,3.5371,0.5208,0.3797,0.5208,3.8382
delighted,3.5167,2.6611,1.0500,0.7883,0.7844,0.0771,0.7844,1.9093,0.1420,0.0771,0.1420,4.1780
