work,0.3519,1.6766,0.9427,2.4112,0.1939,0.2725,0.1939,0.9316,0.3912,0.2725,0.3912,1.1802
obey,0.9118,-0.2515,-1.0531,1.8818,1.3426,0.3036,1.3426,4.5104,1.0144,0.3036,1.0144,1.8518
dispute,-0.0637,1.3963,1.5644,2.1943,0.1978,0.1901,0.1978,1.3279,0.6448,0.1901,0.6448,1.7635
grin at,2.3993,1.7102,-0.0551,1.4997,0.6599,-0.2114,0.6599,1.5268,0.0732,-0.2114,0.0732,4.0685
eye,-0.4420,0.3680,-0.6234,1.3298,0.0406,-0.0971,0.0406,1.8898,0.1546,-0.0971,0.1546,1.8133
misinform,-2.3827,0.9243,0.3440,0.7386,-0.4112,0.2701,-0.4112,3.0026,0.9819,0.2701,0.9819,2.1814
bargain with,1.1439,1.2561,1.0708,1.7549,0.8688,0.7187,0.8688,1.4824,0.6720,0.7187,0.6720,1.5003
sexually proposition,-1.1354,1.2186,0.7289,3.6348,0.6153,-0.3237,0.6153,3.2091,0.0898,-0.3237,0.0898,3.4753
confer with,1.5604,1.4814,0.0128,1.6570,1.0375,0.1205,1.0375,1.2741,0.0867,0.1205,0.0867,2.5942
injure,-3.0193,1.6498,1.3580,2.0244,0.4018,0.0450,0.4018,4.7496,0.9596,0.0450,0.9596,2.7886
evade,-0.8790,-0.2037,-0.2853,1.6464,-0.0559,-0.5035,-0.0559,2.7921,1.0287,-0.5035,1.0287,3.9415
jolt,-1.0538,1.3538,1.9902,1.5389,-0.2347,-0.4336,-0.2347,1.3721,0.4718,-0.4336,0.4718,1.4054
double-cross,-3.0044,1.3054,0.4756,0.9716,-0.3752,-0.1023,-0.3752,4.8306,0.6865,-0.1023,0.6865,4.3715
corrupt,-3.1449,2.2210,-0.1223,1.4389,-0.5857,0.0043,-0.5857,3.8299,-0.1487,0.0043,-0.1487,5.4588
converse with,2.2495,1.6620,0.9187,0.8976,0.5324,0.2420,0.5324,1.6913,0.0783,0.2420,0.0783,2.7492
glare at,-1.4200,0.7502,-0.9217,1.3942,-0.4045,-0.0545,-0.4045,1.9732,-0.0170,-0.0545,-0.0170,2.4551
rebuke,-0.5967,1.5015,1.2127,2.2773,0.4083,-0.1796,0.4083,1.9545,0.4708,-0.1796,0.4708,0.8809
murder,-4.1525,2.4138,1.0288,0.1310,-0.0153,0.0545,-0.0153,7.9965,0.7303,0.0545,0.7303,8.4572
tell off,-1.1125,1.3066,2.0479,2.1912,0.5359,-0.4597,0.5359,3.0704,0.1598,-0.4597,0.1598,1.8019
praise,2.6095,2.0246,0.8082,1.8176,1.5718,0.1599,1.5718,2.0302,0.2063,0.1599,0.2063,2.4753
exalt,0.3211,1.1208,1.2815,3.7810,1.6944,-0.2467,1.6944,3.4893,0.3990,-0.2467,0.3990,1.6127
detain,-1.0100,1.9933,0.5627,2.7951,-0.3012,0.2586,-0.3012,1.7945,1.0448,0.2586,1.0448,3.6960
blind,-3.2987,1.9282,0.5984,1.3038,-0.4752,-0.0880,-0.4752,6.0131,1.2366,-0.0880,1.2366,4.4389
execute,-2.5850,2.7840,1.3557,2.8268,0.1651,0.3291,0.1651,4.0907,-0.0040,0.3291,-0.0040,7.0210
discipline,0.9571,2.1692,1.1466,2.3435,0.9627,-0.0281,0.9627,1.5786,0.0534,-0.0281,0.0534,1.6683
test,0.2817,1.3597,0.1233,1.7565,0.0700,-0.1011,0.0700,1.0919,-0.2032,-0.1011,-0.2032,1.9354
teach,2.9689,2.9069,0.3006,1.1894,0.7416,-0.0086,0.7416,1.1446,0.4145,-0.0086,0.4145,4.0155
overwork,-2.2187,1.3243,1.2495,2.4446,-0.4924,-0.0555,-0.4924,2.9213,0.1591,-0.0555,0.1591,3.3315
steal from,-3.5013,0.7787,0.1997,0.7206,-0.3660,-0.1640,-0.3660,6.4791,0.6579,-0.1640,0.6579,4.7817
enrapture,0.2688,2.0730,0.5777,3.2317,1.0813,0.5578,1.0813,1.8405,0.6126,0.5578,0.6126,2.9188
ask about,1.7315,0.8145,0.1351,2.0920,1.0041,-0.2671,1.0041,1.6465,-0.0328,-0.2671,-0.0328,1.4680
exile,-2.0482,2.2771,0.8049,2.3850,-0.2629,0.0282,-0.2629,2.9110,0.8846,0.0282,0.8846,4.0318
begrudge,-1.7098,0.4677,-0.3060,1.6834,-0.3434,0.0584,-0.3434,3.9383,0.6819,0.0584,0.6819,3.5420
inspect,-0.0293,1.0365,-0.3345,1.8428,0.1274,-0.2686,0.1274,1.4129,0.2286,-0.2686,0.2286,2.6777
prompt,0.5721,0.8786,0.1842,1.2580,0.7486,0.4599,0.7486,1.2643,0.3860,0.4599,0.3860,2.3972
back,2.2117,2.0818,0.8625,1.3144,0.9353,0.2657,0.9353,1.3733,0.4682,0.2657,0.4682,3.0048
outdo,0.7197,1.8248,1.3553,3.0122,1.2408,-0.3950,1.2408,1.7994,0.4063,-0.3950,0.4063,1.9989
bury,-0.7481,1.1390,-1.6135,4.5391,1.4460,-0.3599,1.4460,5.5776,1.2050,-0.3599,1.2050,3.7036
wrestle with,-0.1871,1.3180,2.4729,2.2926,0.6149,-0.1243,0.6149,3.1087,0.9174,-0.1243,0.9174,1.9810
pray for,3.0589,2.2747,-1.7274,2.5152,1.4710,-0.4031,1.4710,4.8531,0.2183,-0.4031,0.2183,4.0695
deprive,-2.4512,1.1807,-0.4231,3.1187,0.4978,0.4177,0.4978,5.4956,0.0007,0.4177,0.0007,3.6402
pacify,0.9116,1.2466,-0.7084,4.5958,3.0639,-1.1584,3.0639,3.6384,-0.4968,-1.1584,-0.4968,3.1073
wheedle,-1.2643,0.5346,0.1370,1.2649,-0.9965,-0.2711,-0.9965,2.9931,1.7038,-0.2711,1.7038,2.8679
hurt,-3.3318,1.3705,0.8512,0.9956,-0.3575,0.1390,-0.3575,6.3936,1.1052,0.1390,1.1052,5.4511
commend,2.2254,1.9557,0.4064,2.3288,0.9015,0.2991,0.9015,2.1449,0.8844,0.2991,0.8844,3.0267
punch,-2.6559,1.5210,2.4997,2.3194,0.4812,-0.1171,0.4812,4.7382,0.6613,-0.1171,0.6613,2.2999
pull away from,-0.8234,1.1146,-0.5912,1.3117,0.2080,0.4803,0.2080,2.1642,0.2251,0.4803,0.2251,3.4058
upset,-2.5868,1.1732,0.8783,1.6643,-0.4083,-0.2191,-0.4083,3.7013,1.7775,-0.2191,1.7775,3.4567
fire from a job,-1.2586,2.1322,0.6743,2.0037,0.2971,-0.1993,0.2971,2.9080,0.4589,-0.1993,0.4589,2.9033
hush,-0.7661,0.9465,0.1502,1.6581,0.2990,-0.2049,0.2990,1.7758,0.1845,-0.2049,0.1845,3.2487
ostracize,-2.7490,1.1026,0.6057,1.3346,0.0410,0.1692,0.0410,5.0415,0.1528,0.1692,0.1528,5.7358
astound,1.6477,1.9853,1.4032,2.0274,0.4489,0.1671,0.4489,1.8718,0.2656,0.1671,0.2656,1.8422
reproach,-0.7448,0.6514,0.6148,2.0295,0.4199,0.3445,0.4199,2.5196,0.4000,0.3445,0.4000,1.7482
identify,1.3129,1.2217,0.1451,1.4017,0.7557,0.5905,0.7557,1.5442,0.3771,0.5905,0.3771,2.1442
idolize,-0.2600,-0.1607,0.1888,3.0740,1.4179,-0.3608,1.4179,4.0504,0.9212,-0.3608,0.9212,2.9005
incarcerate,-0.5175,2.3000,0.4811,3.8900,0.0763,0.0778,0.0763,1.7053,0.0367,0.0778,0.0367,3.4207
shove,-2.5363,1.1163,1.7956,1.5084,-0.1942,-0.6398,-0.1942,3.3118,0.2191,-0.6398,0.2191,2.1999
corner,-1.7479,1.9317,1.0462,3.1189,-0.8071,-0.3554,-0.8071,2.0891,1.1519,-0.3554,1.1519,3.4595
desire,1.2298,0.8403,0.0254,2.2003,1.0987,-0.4645,1.0987,4.3044,-0.0818,-0.4645,-0.0818,3.9423
stab,-3.7285,1.9993,2.2237,1.2816,-0.2506,-0.3306,-0.2506,6.0875,2.0556,-0.3306,2.0556,4.5107
indulge,0.9200,0.9583,0.6169,2.0314,0.5878,0.1490,0.5878,1.2078,0.3619,0.1490,0.3619,0.9776
arouse,1.9935,2.0528,1.0734,1.7187,1.0269,0.7526,1.0269,2.0891,0.1833,0.7526,0.1833,3.7986
lend money to,1.6865,1.7668,-0.0715,1.9476,0.8634,0.3155,0.8634,1.7790,0.1870,0.3155,0.1870,2.6384
stroke,1.4228,0.8166,-0.9079,2.1119,0.3848,0.0455,0.3848,2.4933,0.0051,0.0455,0.0051,3.8210
scowl at,-1.9685,0.3468,-0.2024,1.4383,-0.1270,-0.1481,-0.1270,3.1576,0.9864,-0.1481,0.9864,4.0048
guide,2.7321,2.3097,-0.5364,1.4064,0.6467,-0.0040,0.6467,1.8278,-0.1216,-0.0040,-0.1216,3.0587
strangle,-3.9679,2.2604,0.4457,0.5122,-0.1777,-0.1656,-0.1777,5.3486,1.5091,-0.1656,1.5091,8.9895
giggle with,2.9622,1.8815,2.0236,0.9467,0.6144,0.6635,0.6144,1.5178,0.1883,0.6635,0.1883,2.6798
abduct,-3.7661,1.7993,1.0393,0.6859,0.0602,-0.2376,0.0602,6.2783,3.2924,-0.2376,3.2924,6.8842
cajole,-0.6009,0.6826,0.8748,2.9863,-0.6797,-1.8977,-0.6797,1.7093,0.8980,-1.8977,0.8980,1.7973
observe,0.6079,0.5697,-1.4518,1.1922,0.3306,0.0854,0.3306,1.6021,-0.1030,0.0854,-0.1030,1.5327
frighten,-1.3871,1.2043,1.4039,1.6664,-0.4490,-0.4011,-0.4490,2.7852,0.4849,-0.4011,0.4849,2.2397
haggle with,-0.3234,0.8313,1.2751,2.2914,0.6602,0.2609,0.6602,1.6646,0.8647,0.2609,0.8647,2.0360
query,0.4949,0.4688,-0.0870,1.0113,0.1705,-0.4958,0.1705,1.6620,0.1548,-0.4958,0.1548,1.1706
constrain,-1.9607,1.1877,0.3535,1.9875,0.7468,0.5660,0.7468,4.8386,-0.1623,0.5660,-0.1623,2.8924
underestimate,-1.8732,-0.7779,-0.5875,1.5342,0.7460,-0.0551,0.7460,3.5799,0.6329,-0.0551,0.6329,2.2303
order,-0.5761,1.7925,1.4397,2.5847,-0.4690,0.2003,-0.4690,2.3791,-0.1316,0.2003,-0.1316,1.5017
need,0.6839,0.1892,0.0282,3.5030,1.9528,0.0605,1.9528,4.4091,0.2086,0.0605,0.2086,2.8392
hunt for,-1.1873,1.0826,-0.0935,2.4649,0.0791,0.4755,0.0791,2.2545,0.3966,0.4755,0.3966,4.5029
alert,2.1811,2.0879,2.1121,1.2453,0.9897,0.6468,0.9897,1.8375,1.1175,0.6468,1.1175,1.8673
box,-1.0400,1.3359,2.0176,2.6678,0.3669,0.2127,0.3669,3.1821,1.0505,0.2127,1.0505,2.1316
cuddle,3.2397,1.8861,-1.4411,0.7573,0.7508,-0.2380,0.7508,2.4704,-0.2136,-0.2380,-0.2136,3.4874
adore,2.5972,1.9525,0.2793,1.4661,1.1887,0.5076,1.1887,2.9190,1.0132,0.5076,1.0132,3.7443
mortify,-2.6218,1.3407,1.0451,2.0189,-0.0167,0.0206,-0.0167,4.5599,1.7661,0.0206,1.7661,4.0335
dare,-0.5032,0.8943,1.4254,1.6600,0.3503,-0.2084,0.3503,1.6504,0.2328,-0.2084,0.2328,0.8723
reward,2.6811,2.2943,0.7532,1.0900,0.6416,0.2736,0.6416,1.1510,0.2302,0.2736,0.2302,2.4787
heckle,-1.8736,0.3420,1.8300,0.9362,0.1360,-0.6973,0.1360,3.6826,0.1911,-0.6973,0.1911,1.7097
appease,0.6255,0.6482,-0.1490,1.6555,0.2665,-0.0414,0.2665,2.5473,-0.4000,-0.0414,-0.4000,2.2802
approve of,2.0782,2.0282,-0.1618,1.7168,0.4695,0.3039,0.4695,1.2036,0.1329,0.3039,0.1329,1.8497
beat up,-3.2575,1.2811,2.1568,0.9907,0.3793,0.0531,0.3793,5.4845,2.5901,0.0531,2.5901,3.6126
tempt,-1.4236,0.8496,-0.0821,2.5360,0.6180,0.2486,0.6180,2.8972,0.2243,0.2486,0.2243,2.5441
denounce,-2.0075,0.8575,0.8132,1.8908,0.6263,0.2592,0.6263,3.5656,1.0991,0.2592,1.0991,2.7117
protect,3.4843,3.1296,0.8261,0.6325,0.2702,0.1955,0.2702,0.8001,0.5135,0.1955,0.5135,3.7162
confront,0.4754,1.9364,1.3029,3.3032,0.6497,0.0761,0.6497,1.5946,0.0681,0.0761,0.0681,2.1412
expose,-1.4411,1.2246,0.9278,1.9307,0.6032,-0.1222,0.6032,3.1476,0.8000,-0.1222,0.8000,2.3163
whine to,-2.0121,-1.3657,1.3993,1.2097,0.1055,-0.0486,0.1055,2.1459,-0.3957,-0.0486,-0.3957,2.5507
admire,2.2986,1.5811,-0.1782,1.5655,0.5725,0.3722,0.5725,1.8896,0.2165,0.3722,0.2165,2.3100
interest,2.0682,1.8425,0.6772,1.5421,0.2562,-0.0074,0.2562,2.1475,0.7793,-0.0074,0.7793,1.9178
punish,-0.7946,1.5073,1.0231,1.8535,0.1298,-0.3175,0.1298,2.0591,0.6646,-0.3175,0.6646,2.1156
drink to,1.3919,1.1500,1.6881,2.9840,1.4884,0.9776,1.4884,2.2449,0.8954,0.9776,0.8954,1.3001
con,-2.8092,1.1354,0.7158,1.5104,-0.0817,0.0235,-0.0817,4.2756,1.0774,0.0235,1.0774,3.3875
honor,3.1200,2.9135,0.0858,1.5506,1.1113,0.0542,1.1113,1.4611,-0.0684,0.0542,-0.0684,2.2164
ignore,-1.7519,0.3262,-1.3046,1.5406,0.2649,0.4127,0.2649,3.5811,-0.6004,0.4127,-0.6004,2.3142
browbeat,-1.7955,0.8884,0.8303,2.4698,-0.5606,-1.1577,-0.5606,2.8365,0.7825,-1.1577,0.7825,2.1811
misjudge,-2.3035,0.4012,0.4300,1.2896,-0.4521,-0.0655,-0.4521,4.2906,-0.6069,-0.0655,-0.6069,2.4681
greet,2.6235,1.9396,1.3881,1.9307,0.7560,1.1417,0.7560,1.5178,0.6578,1.1417,0.6578,1.9597
banish,-2.2827,2.0166,0.9385,1.7204,-0.4126,0.0778,-0.4126,4.0002,0.7773,0.0778,0.7773,4.0247
authorize,1.3289,2.1315,0.3761,0.9694,0.1720,0.0565,0.1720,1.4576,0.0862,0.0565,0.0862,1.5259
enjoy,3.0665,2.0723,0.7973,0.9978,0.7190,0.2877,0.7190,1.3730,0.0198,0.2877,0.0198,1.8981
chat with,2.2596,1.1946,1.0504,1.2204,0.7397,0.6227,0.7397,1.4416,0.9131,0.6227,0.9131,1.8559
brawl with,-2.0369,0.6950,2.7416,2.2613,0.4214,-0.8292,0.4214,4.4051,0.3153,-0.8292,0.3153,1.0219
nag,-2.0238,-0.4254,2.0754,1.4503,0.1899,-0.9935,0.1899,3.2248,-0.2413,-0.9935,-0.2413,1.6584
trap,-2.7569,1.3350,0.8465,1.2045,-0.1377,-0.4155,-0.1377,4.6681,0.9938,-0.4155,0.9938,3.6405
massage,2.3139,0.9011,-1.5473,1.4285,0.5026,-0.4463,0.5026,2.2520,0.2644,-0.4463,0.2644,2.3750
strip,-1.4721,1.3294,0.9102,3.4063,0.3913,-0.5166,0.3913,2.2180,0.5080,-0.5166,0.5080,2.4274
exhaust,-0.7185,0.9000,1.0258,1.8513,0.4531,0.0712,0.4531,1.6462,0.7373,0.0712,0.7373,2.1575
distress,-2.1771,0.9065,0.9645,2.1808,-0.6414,-0.4642,-0.6414,2.7048,0.4213,-0.4642,0.4213,1.7412
summon,0.0235,1.8116,0.6146,1.2864,0.1094,0.3756,0.1094,1.0270,0.4812,0.3756,0.4812,2.1225
forsake,-2.2179,0.7837,-0.0388,1.5562,-0.2047,-0.0787,-0.2047,3.9414,1.3898,-0.0787,1.3898,3.0766
assist,3.2985,2.5712,0.5627,0.9963,0.9308,0.3087,0.9308,1.5113,0.3228,0.3087,0.3228,2.1289
dote on,0.5850,0.5282,0.3175,2.9999,1.8765,-0.0885,1.8765,1.9631,0.0225,-0.0885,0.0225,1.1453
victimize,-3.2514,0.8208,0.9279,1.4638,-0.1049,-0.1112,-0.1049,6.3724,1.2066,-0.1112,1.2066,3.0721
trick,-1.9288,0.6965,0.1881,1.2566,-0.8004,0.0994,-0.8004,2.5477,-0.0862,0.0994,-0.0862,2.7342
whisper to,0.4446,0.1154,-2.4481,0.6590,0.2528,-0.0880,0.2528,2.3257,0.2176,-0.0880,0.2176,1.7019
peek at,-1.3879,-0.6420,-0.9855,1.7272,0.3124,0.2484,0.3124,2.0583,0.0316,0.2484,0.0316,2.1014
evict,-1.7896,1.9662,0.8027,2.0973,-0.4656,-0.7332,-0.4656,1.4579,0.8828,-0.7332,0.8828,2.7546
reason with,2.7765,2.2169,-0.3442,1.0874,0.7315,-0.5891,0.7315,1.4269,-0.4545,-0.5891,-0.4545,2.4597
pay,2.1004,1.8685,-0.0285,1.6377,0.7362,0.1082,0.7362,1.1307,0.4109,0.1082,0.4109,2.6654
toast,1.9856,1.5760,1.6664,2.5515,1.4608,1.2997,1.4608,1.7776,1.1553,1.2997,1.1553,2.0254
welcome,3.1296,2.2000,1.2185,1.0365,0.8221,0.4164,0.8221,1.7066,0.5585,0.4164,0.5585,2.1814
provoke,-1.7831,1.0685,1.6054,1.5527,-0.1864,-0.7457,-0.1864,2.3521,0.3940,-0.7457,0.3940,1.5853
comply with,1.1082,0.0397,-0.5432,1.3185,0.6208,0.3600,0.6208,2.7430,0.9715,0.3600,0.9715,1.3997
scare,-1.4000,1.1898,1.7382,1.2653,-0.1515,-0.1439,-0.1515,2.4261,0.6242,-0.1439,0.6242,2.3172
harm,-3.2993,1.5036,1.2982,0.9076,-0.0513,-0.2071,-0.0513,6.4651,2.1727,-0.2071,2.1727,2.8479
terrorize,-3.7102,1.9618,1.6346,0.5888,-0.1489,-0.1092,-0.1489,6.2868,1.7718,-0.1092,1.7718,5.1303
free,2.7644,2.5003,0.4578,1.7217,0.4281,0.8797,0.4281,2.4804,-0.4904,0.8797,-0.4904,2.8549
enslave,-3.8007,2.2486,1.4729,0.9359,-0.4158,-0.0721,-0.4158,5.7385,2.4492,-0.0721,2.4492,4.3864
consult,1.8953,1.2186,-0.1000,1.2050,0.9258,-0.0260,0.9258,2.1222,-0.1015,-0.0260,-0.1015,1.1610
shock,-0.6411,1.3902,1.8789,1.8278,0.4999,-0.2852,0.4999,2.0034,0.5029,-0.2852,0.5029,1.4186
compensate,2.3564,1.5518,-0.0129,0.9794,0.4521,0.1465,0.4521,1.5791,-0.0097,0.1465,-0.0097,1.9300
remember,2.3564,1.9279,-0.0039,1.4554,0.1094,0.0841,0.1094,1.3528,0.4905,0.0841,0.4905,2.2725
question,0.6404,1.4713,0.5665,1.5308,0.3012,0.0619,0.3012,1.2517,0.3612,0.0619,0.3612,1.5420
seize,-1.9113,1.8362,1.7389,2.4810,0.1778,0.0433,0.1778,2.7714,1.4976,0.0433,1.4976,2.7568
hoodwink,-1.6746,0.6491,0.3737,1.1445,0.3138,-0.0403,0.3138,3.0637,-0.5783,-0.0403,-0.5783,2.8498
worship,0.1889,0.7311,0.2870,4.7408,1.3565,-0.2364,1.3565,7.1882,-0.6689,-0.2364,-0.6689,2.5613
interrogate,-0.8154,1.9904,0.9746,1.2919,0.2657,-0.0855,0.2657,2.2937,0.4521,-0.0855,0.4521,2.4647
grapple with,-0.8019,0.7981,1.5127,1.6605,0.4452,-0.3715,0.4452,2.1593,0.2037,-0.3715,0.2037,2.2760
consider,1.8950,1.3604,-0.1729,1.6274,0.7721,0.2465,0.7721,1.6643,-0.0110,0.2465,-0.0110,2.2600
look at,0.7706,0.5724,-0.2236,0.9641,0.2117,0.0236,0.2117,1.4350,0.5352,0.0236,0.5352,1.8140
disconcert,-1.3505,0.5169,0.0589,0.9767,-0.1843,0.3950,-0.1843,1.8772,0.1017,0.3950,0.1017,1.4475
fall in love with,3.0086,2.6490,0.7729,1.5921,0.3912,0.3993,0.3912,4.2872,0.1949,0.3993,0.1949,4.9335
hug,2.9851,2.1313,-0.2262,1.2651,0.8062,0.2538,0.8062,1.6636,0.1714,0.2538,0.1714,3.0367
grab,-1.2346,1.3954,1.6882,1.6612,-0.3268,-0.4799,-0.3268,2.1736,1.3079,-0.4799,1.3079,2.0592
cripple,-3.2832,1.7139,1.0871,2.3823,0.0264,-0.3566,0.0264,6.0483,2.9859,-0.3566,2.9859,5.0621
soothe,2.9226,2.1070,-1.6404,0.9185,0.5399,-0.1230,0.5399,1.5217,-0.1248,-0.1230,-0.1248,3.1719
bully,-3.5353,0.8949,1.5778,0.7809,0.0424,0.0145,0.0424,8.1004,2.8275,0.0145,2.8275,3.7543
hit,-2.6738,1.3873,2.1924,1.6185,-0.2977,-0.4721,-0.2977,4.0403,1.8435,-0.4721,1.8435,2.7119
scold,-1.2607,1.4418,1.5266,1.8380,-0.4106,-0.4625,-0.4106,1.9470,0.4290,-0.4625,0.4290,1.9267
charge,-0.6835,1.3327,1.2581,1.4900,-0.6023,-0.7887,-0.6023,1.8767,0.7387,-0.7887,0.7387,1.3463
abet,0.0913,0.5965,-0.0295,1.4084,0.3597,-0.0927,0.3597,0.4321,-0.0637,-0.0927,-0.0637,0.6155
doubt,-0.8400,0.4807,-0.4956,1.8922,-0.1538,0.8610,-0.1538,2.8175,-0.2403,0.8610,-0.2403,1.5097
overwhelm,-1.0993,1.6214,1.7280,1.9702,-0.1636,-0.0783,-0.1636,2.1702,0.3277,-0.0783,0.3277,1.9406
approach,1.5900,1.5193,0.7489,1.2886,0.7781,0.5935,0.7781,1.6230,0.4179,0.5935,0.4179,1.6000
transact business with,1.4393,1.5164,0.5727,1.4900,0.2722,0.4199,0.2722,1.4548,0.3506,0.4199,0.3506,2.3169
elect,1.8608,2.7462,1.7562,2.9315,0.3125,-0.2366,0.3125,1.0749,0.5191,-0.2366,0.5191,2.5575
contradict,-0.3115,0.6677,0.7115,1.3256,0.8082,0.6448,0.8082,1.5974,1.1842,0.6448,1.1842,2.4590
avoid,-1.4146,-0.3100,-0.6231,1.0106,0.0144,0.2526,0.0144,3.5995,-0.2864,0.2526,-0.2864,3.4933
trust,3.3438,3.0354,-0.0615,1.0208,0.4591,0.3544,0.4591,1.7467,-0.0220,0.3544,-0.0220,4.5282
haunt,-2.6015,1.8731,-0.8769,1.8348,0.0989,1.4371,0.0989,3.8406,1.1470,1.4371,1.1470,4.4953
humiliate,-3.2438,0.8185,1.2723,1.2368,0.3892,0.0415,0.3892,7.9476,2.1475,0.0415,2.1475,4.3717
captivate,2.2677,2.9208,1.4754,1.9210,1.4943,1.3392,1.4943,2.0301,0.8055,1.3392,0.8055,2.6549
wait on,0.6531,-0.7069,-1.7877,4.7703,2.8286,2.2074,2.8286,3.9866,2.8763,2.2074,2.8763,3.1729
gratify,2.6454,2.3738,0.8823,1.6745,1.3651,0.2768,1.3651,1.4823,0.1704,0.2768,0.1704,3.1540
abhor,-2.1276,0.8962,0.6229,2.9344,-0.3164,-1.1811,-0.3164,5.1473,-0.1117,-1.1811,-0.1117,3.6019
negotiate with,2.1477,2.3131,1.1131,1.0734,0.7771,0.2124,0.7771,1.6864,0.7765,0.2124,0.7765,3.0230
slug,-2.7208,1.0640,1.4544,1.6645,-0.0280,0.3063,-0.0280,5.5307,0.0095,0.3063,0.0095,4.6856
hypnotize,-0.1062,1.9208,-0.7885,1.5250,0.4503,-0.0584,0.4503,3.4304,-0.3302,-0.0584,-0.3302,4.5005
give medical treatment to,3.0785,2.8008,1.5662,1.7187,0.8769,1.3171,0.8769,4.1096,0.1899,1.3171,0.1899,4.3173
eat with,2.7069,1.2454,0.9962,1.5938,1.1386,0.4484,1.1386,2.8004,1.2056,0.4484,1.2056,2.8611
degrade,-3.5238,0.7500,0.1831,0.9976,0.2540,0.3786,0.2540,9.4770,2.7638,0.3786,2.7638,5.4211
kill,-4.2646,1.9523,-0.1092,0.0272,-0.0277,0.0601,-0.0277,9.8746,-0.0842,0.0601,-0.0842,10.8761
sleep with,1.1528,2.2064,1.2512,3.0633,0.1412,-0.0409,0.1412,1.8215,0.7269,-0.0409,0.7269,4.3064
belittle,-3.3685,0.0123,-0.1177,1.1776,0.9855,1.1613,0.9855,9.1173,-0.1202,1.1613,-0.1202,7.2000
turn to,1.9100,1.1423,-0.1731,3.6753,3.3716,-0.8902,3.3716,3.6007,-1.0112,-0.8902,-1.0112,2.1738
speak to,2.3138,1.5192,1.6869,1.8737,2.0499,1.3980,2.0499,3.5112,1.7305,1.3980,1.7305,1.7642
rouse,0.6336,1.1360,1.3520,2.9077,0.3879,1.0080,0.3879,2.3071,-0.4204,1.0080,-0.4204,2.2051
laugh at,-0.5600,0.8454,1.9877,2.6548,0.5804,0.3921,0.5804,3.9986,0.8414,0.3921,0.8414,1.2570
push,-1.8262,1.0362,1.5015,2.2866,-0.0599,0.0333,-0.0599,3.1546,0.5705,0.0333,0.5705,1.8888
cut,-3.0654,1.6169,0.6015,1.5607,-0.5564,0.9826,-0.5564,4.9064,0.7644,0.9826,0.7644,6.2901
destroy,-3.7262,2.2831,1.8400,0.7086,0.1401,-0.0954,0.1401,6.8856,0.4838,-0.0954,0.4838,7.4581
argue with,-1.5692,1.1785,2.2162,2.3479,0.3685,0.0621,0.3685,2.9693,1.0564,0.0621,1.0564,2.8161
bicker with,-1.8546,0.3023,2.1138,1.5385,-0.0780,-0.1593,-0.0780,4.8779,1.1488,-0.1593,1.1488,2.0219
thrill,2.5654,2.1569,2.8562,0.8732,0.1536,0.5931,0.1536,1.6950,0.1577,0.5931,0.1577,0.9391
gawk at,-1.3708,-0.2762,-0.0277,1.8271,1.0333,0.4699,1.0333,2.8816,0.5623,0.4699,0.5623,3.2163
sing to,2.2754,1.7369,1.6600,2.1104,0.8780,0.6607,0.8780,2.7066,1.2842,0.6607,1.2842,2.9774
bestow something to,2.0746,2.1108,0.5200,1.4785,1.0155,0.9987,1.0155,1.4162,1.0436,0.9987,1.0436,2.3000
prosecute,-0.4269,2.6631,1.2054,4.1529,-0.5379,0.2474,-0.5379,1.4641,-0.0592,0.2474,-0.0592,2.6047
cure,3.6741,3.5904,0.2697,0.5657,0.3997,0.4673,0.3997,0.6475,0.4314,0.4673,0.4314,3.7596
irritate,-2.3586,0.5890,1.8352,1.0813,0.0544,-0.5071,0.0544,2.6861,-0.3574,-0.5071,-0.3574,2.3360
bother,-2.0724,0.4931,1.7510,1.3932,-0.3843,-0.6305,-0.3843,2.1608,0.6328,-0.6305,0.6328,2.0516
grasp,0.4859,1.4498,0.8368,2.5700,0.4237,-0.4396,0.4237,2.0224,0.8123,-0.4396,0.8123,1.7523
avenge,-0.0996,2.1607,0.9834,4.2302,0.9829,0.9557,0.9829,1.8099,0.9501,0.9557,0.9501,3.9294
like,2.5145,1.9197,0.7493,0.9840,0.7963,-0.0058,0.7963,2.4208,0.6467,-0.0058,0.6467,3.1372
stammer at,-0.9227,-0.6596,0.5931,0.8945,0.4814,-0.4300,0.4814,1.7309,-0.1532,-0.4300,-0.1532,1.9774
notice,2.1138,1.5641,0.1483,1.7278,0.5221,0.2695,0.5221,1.9771,0.1712,0.2695,0.1712,2.7507
accuse,-1.5648,1.2459,1.3676,1.6624,-0.2161,-0.4417,-0.2161,2.8950,0.0626,-0.4417,0.0626,1.7263
sneer at,-2.0484,-0.2280,0.0487,2.1489,-0.2426,0.3083,-0.2426,2.7312,1.1582,0.3083,1.1582,2.8424
propose marriage to,2.9652,3.1297,1.0865,1.8074,1.0789,0.7978,1.0789,2.4636,0.4115,0.7978,0.4115,5.7936
cheer,3.0484,2.5775,2.4319,1.2584,1.0626,0.4054,1.0626,1.8511,0.2587,0.4054,0.2587,1.7814
expel,-1.7507,2.7924,1.2114,2.1305,-0.1424,-0.3913,-0.1424,1.0568,0.0826,-0.3913,0.0826,2.8440
harangue,-1.4695,0.3343,1.2362,1.0331,-0.2000,-0.5799,-0.2000,2.1365,1.0897,-0.5799,1.0897,1.5946
collaborate with,2.2686,2.1672,0.8545,1.9772,0.5103,0.3788,0.5103,1.3083,0.3446,0.3788,0.3446,2.3084
stare down,-1.4310,1.4028,-1.4131,1.1140,-0.5172,0.0420,-0.5172,2.2931,-0.3133,0.0420,-0.3133,1.3626
needle,-1.5000,0.2429,0.1581,1.9891,0.4928,-0.3626,0.4928,2.0987,-0.4084,-0.3626,-0.4084,2.4402
demoralize,-3.1231,1.3856,0.6579,1.1422,-0.3811,0.0418,-0.3811,4.7818,0.4463,0.0418,0.4463,4.1372
fib to,-1.9674,0.5333,-0.0077,1.8141,-0.5429,-0.3167,-0.5429,3.6668,0.0850,-0.3167,0.0850,1.8416
bellow at,-1.0585,0.8146,1.9073,2.0644,-0.8292,-0.8777,-0.8292,2.6320,1.1065,-0.8777,1.1065,1.9003
entrust,2.4309,2.4145,-0.7058,1.5612,0.7672,-0.5585,0.7672,2.1488,-0.8826,-0.5585,-0.8826,3.3769
conspire with,-0.3912,1.4561,-0.1141,2.1971,-0.0485,-0.1656,-0.0485,1.6032,0.0643,-0.1656,0.0643,3.0979
leave,-1.8242,1.7951,-0.0800,2.2830,-0.2970,-0.1704,-0.2970,3.8766,-0.7628,-0.1704,-0.7628,3.3651
urge,0.6186,1.5204,1.3642,1.2659,0.0707,-0.1101,0.0707,1.0888,0.3661,-0.1101,0.3661,1.8809
guard,2.5652,2.7503,0.0500,1.3449,0.6816,-0.0780,0.6816,1.1196,0.0961,-0.0780,0.0961,4.2144
mother,2.8496,2.9266,0.3572,2.3454,1.7571,-0.0836,1.7571,2.2633,-0.2213,-0.0836,-0.2213,5.6715
choose,1.9924,2.4417,0.0462,2.0703,0.8543,0.3089,0.8543,1.2117,0.1452,0.3089,0.1452,2.9733
attract,2.4966,2.6072,0.7407,1.5325,0.4889,0.2204,0.4889,1.5870,0.1634,0.2204,0.1634,2.6464
defy,-1.1218,1.5186,0.7747,2.7433,0.3744,-0.2403,0.3744,2.3314,0.1322,-0.2403,0.1322,2.2420
spoil,-0.6973,1.2100,1.0076,3.7191,-0.0548,0.3461,-0.0548,2.4112,0.1851,0.3461,0.1851,1.7976
help,3.5190,3.2621,0.6463,0.7611,0.5801,0.1619,0.5801,1.0055,0.3738,0.1619,0.3738,3.4889
awe,2.0914,1.9607,0.3079,1.5005,1.2371,0.4004,1.2371,2.5295,0.9390,0.4004,0.9390,3.7902
pamper,1.0140,1.2547,0.0891,3.7014,1.2327,-0.4989,1.2327,2.4053,0.0776,-0.4989,0.0776,3.0060
interrupt,-2.0291,0.4639,1.8067,0.9396,-0.0092,-0.1281,-0.0092,3.0962,0.6923,-0.1281,0.6923,2.3799
divorce,-2.1326,1.3449,0.0540,1.5111,0.4673,0.2501,0.4673,5.2540,1.7310,0.2501,1.7310,4.8453
club,-2.7785,1.8848,1.7819,1.8475,-0.7340,-1.3156,-0.7340,3.2362,1.2154,-1.3156,1.2154,3.8625
wrong,-2.9304,0.8775,0.3007,1.2964,0.3696,-0.1468,0.3696,4.4572,0.1956,-0.1468,0.1956,2.6508
hate,-2.8312,0.9646,-0.1526,2.0634,-0.7564,0.7278,-0.7564,7.2098,1.5821,0.7278,1.5821,4.9823
assassinate,-3.3719,2.6625,0.9197,2.8046,-0.1240,-0.6774,-0.1240,4.6862,1.2627,-0.6774,1.2627,8.5493
please,2.3691,1.7126,0.3119,1.3563,0.8344,0.4443,0.8344,1.9832,0.4188,0.4443,0.4188,2.6545
humor,2.2923,1.8825,1.2340,2.0181,1.4371,0.9572,1.4371,1.7214,0.7639,0.9572,0.7639,2.1566
criticize,-0.9197,0.9782,1.0326,2.9198,1.1089,0.2305,1.1089,3.3827,0.6194,0.2305,0.6194,1.5553
chew out,-2.0404,1.4347,2.3025,2.2584,0.1874,-0.2415,0.1874,3.9459,0.2219,-0.2415,0.2219,2.0296
bill,-0.2800,1.3264,-0.1893,1.5347,-0.0470,0.5841,-0.0470,1.1918,0.3507,0.5841,0.3507,2.0649
rebuff,-0.5014,1.0550,0.7345,1.9842,1.4103,0.3789,1.4103,3.0233,0.7921,0.3789,0.7921,2.0742
disqualify,-1.0947,1.5323,0.7144,1.8635,0.2115,-0.0534,0.2115,1.9247,0.0691,-0.0534,0.0691,1.3844
laud,1.0800,1.0045,0.9897,3.8449,1.3426,0.8595,1.3426,1.3211,0.5483,0.8595,0.5483,1.0801
cave in to,-1.2600,-1.1875,-0.6922,1.5900,1.2203,0.4545,1.2203,3.1955,0.6326,0.4545,0.6326,2.6040
drone on at,-2.1019,-0.4251,-0.1940,0.9243,0.6591,0.0099,0.6591,2.3961,0.4431,0.0099,0.4431,5.5947
inspire,3.4102,3.2804,0.5902,0.5681,0.5913,0.3113,0.5913,0.8443,0.7159,0.3113,0.7159,3.9576
drug,-3.4267,1.4007,-0.2621,1.8149,0.6001,-0.4096,0.6001,6.3411,-0.7799,-0.4096,-0.7799,4.9802
endanger,-3.2118,1.2032,1.2107,1.2272,0.1282,-0.3804,0.1282,5.5940,1.2577,-0.3804,1.2577,2.9822
appoint,1.7429,2.3011,0.4150,1.2082,0.5568,0.2540,0.5568,1.2238,-0.0288,0.2540,-0.0288,2.3083
confound,-0.2684,1.0560,0.3698,2.5786,0.9160,-0.0673,0.9160,2.8433,0.2713,-0.0673,0.2713,1.8176
discomfort,-2.2902,0.7677,0.4888,1.3515,0.3784,-0.1928,0.3784,3.2217,0.2899,-0.1928,0.2899,2.3926
entreat,0.9000,0.7935,-0.0530,1.9184,0.9024,-0.1983,0.9024,2.0399,-0.3185,-0.1983,-0.3185,1.0548
share something with,2.5246,2.0400,0.1954,1.5832,1.0928,-0.1044,1.0928,1.9351,0.1121,-0.1044,0.1121,2.3885
serenade,2.1970,1.6162,-0.0654,1.4047,0.5596,-0.3046,0.5596,1.2465,-0.5235,-0.3046,-0.5235,3.6566
rescue,3.4277,3.3130,2.1060,1.9327,1.1213,0.8840,1.1213,1.1890,0.5273,0.8840,0.5273,2.0080
blabber to,-1.2924,-0.3327,1.7545,0.9639,0.1158,0.2717,0.1158,2.2755,0.2972,0.2717,0.2972,2.6497
stare at,-0.7947,0.4102,-1.5804,1.3297,0.0461,0.1608,0.0461,2.1456,0.0748,0.1608,0.0748,1.8174
outwit,1.2362,1.9053,0.9049,2.2284,1.1474,0.0321,1.1474,2.5134,0.2501,0.0321,0.2501,2.6363
discuss something with,1.6993,1.5179,0.3470,1.6919,1.1574,0.4560,1.1574,1.8361,0.4521,0.4560,0.4521,2.1256
wed,2.9576,2.9074,0.7867,1.2201,0.8569,0.5019,0.8569,1.2516,0.1034,0.5019,0.1034,3.1323
discharge,-0.4360,1.5222,0.3396,1.7690,0.2257,-0.5791,0.2257,2.2388,0.2952,-0.5791,0.2952,1.4557
disenchant,-1.4550,0.3768,-0.2863,1.4216,0.7629,0.7618,0.7629,3.0512,1.8512,0.7618,1.8512,2.4038
kiss,2.4298,2.2948,0.1189,1.4465,0.9462,0.1777,0.9462,1.6365,0.3606,0.1777,0.3606,4.7740
confess to,1.6919,1.7400,-0.0873,1.5876,0.9845,-0.0927,0.9845,2.4799,0.0596,-0.0927,0.0596,2.6837
backstab,-3.3981,0.8423,0.3366,0.9581,-0.4645,-0.0328,-0.4645,6.6431,2.4490,-0.0328,2.4490,6.0524
rib,-1.1365,0.0924,1.0262,2.3317,0.6166,0.0256,0.6166,2.7627,1.6546,0.0256,1.6546,2.1222
blame,-2.2581,-0.5196,1.0761,1.9804,0.4586,0.2929,0.4586,4.6473,0.2778,0.2929,0.2778,3.1919
rebel against,-0.0004,1.9457,1.9555,2.7414,0.8543,-0.3857,0.8543,2.0698,0.3409,-0.3857,0.3409,2.4175
liberate,2.9133,2.8216,0.9522,1.8909,1.3298,0.0885,1.3298,2.4234,0.3896,0.0885,0.3896,3.9658
disable,-2.7446,0.5577,0.6531,1.8456,0.2739,-0.3740,0.2739,5.8616,0.5866,-0.3740,0.5866,2.4359
prod,-0.8943,0.1786,0.6429,1.0119,0.4241,0.1724,0.4241,1.1860,0.5815,0.1724,0.5815,2.1351
boss,-1.2102,1.6570,1.5804,1.8072,0.1481,-0.7092,0.1481,1.9082,0.7298,-0.7092,0.7298,1.6274
compete with,1.4589,1.5611,1.8723,1.4785,0.5855,0.5625,0.5855,1.1726,0.6375,0.5625,0.6375,1.2257
bribe,-1.4581,0.8457,0.5064,2.0938,0.8188,0.5255,0.8188,3.1133,0.5627,0.5255,0.5627,2.7949
shun,-2.4446,0.6669,-0.2969,1.5388,0.2156,-0.5879,0.2156,5.5024,1.2210,-0.5879,1.2210,3.6121
marry,2.3619,2.1385,0.2879,2.1742,1.2307,0.2352,1.2307,3.3970,-0.5271,0.2352,-0.5271,4.1742
haze,-2.9125,1.0804,1.5861,1.3662,-0.2660,-0.4858,-0.2660,4.9070,-0.6391,-0.4858,-0.6391,4.5924
disobey,-1.4181,0.9211,0.6600,2.2541,0.4294,-0.1166,0.4294,2.8153,0.9546,-0.1166,0.9546,1.9501
disregard,-2.0160,0.0420,-0.6470,0.9538,0.7752,0.2126,0.7752,4.3946,0.8880,0.2126,0.8880,1.9220
flee,-0.5608,0.1350,1.1723,1.7218,0.3134,0.4545,0.3134,3.0997,0.0577,0.4545,0.0577,3.3846
bless,2.3900,1.8962,-0.0946,2.1984,2.4369,-0.2040,2.4369,3.4354,-0.4460,-0.2040,-0.4460,3.3899
deride,-1.5800,0.0450,0.7875,2.6193,-0.7558,-1.8524,-0.7558,2.8148,0.6350,-1.8524,0.6350,2.2966
drink with,1.0223,0.5812,1.2627,2.0674,0.5391,0.0259,0.5391,1.1527,0.0768,0.0259,0.0768,1.7668
cling to,-0.9435,-1.4058,-0.2435,3.3556,2.1493,0.5177,2.1493,3.1081,0.5440,0.5177,0.5440,3.0963
compromise with,2.1702,2.0008,-0.1336,1.3778,0.9789,-0.1430,0.9789,2.3254,0.2445,-0.1430,0.2445,2.5160
taunt,-2.5004,0.2038,1.4589,1.3612,-0.0459,-0.7008,-0.0459,4.1950,0.5082,-0.7008,0.5082,1.9128
coax,-0.1711,0.9430,0.0141,1.3247,0.1169,-0.6264,0.1169,1.0034,0.3969,-0.6264,0.3969,2.2670
betray,-3.4316,0.5208,0.1339,0.9768,-0.2422,-0.1462,-0.2422,7.7577,-0.0871,-0.1462,-0.0871,4.1555
talk down to,-2.9842,-0.5898,1.1725,1.1332,0.5069,-0.3096,0.5069,5.7476,0.3256,-0.3096,0.3256,2.8571
baptize,1.6242,1.9273,0.1804,3.1322,2.4808,0.6464,2.4808,3.2338,0.9883,0.6464,0.9883,3.0661
talk to,2.2483,1.7555,0.9192,1.3187,1.1033,0.6879,1.1033,1.5724,0.7197,0.6879,0.7197,2.1747
reform,0.6548,1.6956,-0.2612,2.2352,0.8386,0.2698,0.8386,1.2346,0.2830,0.2698,0.2830,2.6295
persuade,0.7888,1.9292,0.6165,1.4825,0.5492,0.4266,0.5492,1.7302,0.3105,0.4266,0.3105,1.8745
fix,1.5648,2.2837,0.0263,3.8059,1.8374,0.8221,1.8374,1.7089,0.6080,0.8221,0.6080,4.0627
control,-2.0051,2.3389,0.2484,2.1534,0.2681,0.6764,0.2681,3.0670,1.3672,0.6764,1.3672,3.7466
demand,-1.3927,1.4135,1.5055,1.3210,0.4575,-0.1296,0.4575,2.5270,0.2532,-0.1296,0.2532,1.6396
jostle,-1.0357,0.8339,1.5313,0.7753,-0.0917,-0.1829,-0.0917,2.2751,0.9737,-0.1829,0.9737,1.3824
escape,1.5891,1.9447,0.6076,2.3087,1.3903,1.9896,1.3903,2.0499,1.0739,1.9896,1.0739,5.1566
convince,1.1182,2.1931,0.5447,1.4046,0.7819,0.2699,0.7819,2.1672,0.2858,0.2699,0.2858,1.6750
exorcise,-0.8687,1.3061,1.7370,4.2448,1.0688,-0.5966,1.0688,4.0854,1.1941,-0.5966,1.1941,2.6260
abort,-1.9204,1.3374,-0.3192,3.2960,-0.1195,0.0063,-0.1195,6.1277,1.5447,0.0063,1.5447,5.8405
smother,-1.9869,0.8429,0.3909,2.5893,0.4477,1.1168,0.4477,4.6154,-0.2564,1.1168,-0.2564,5.1765
mimic,-1.0000,-0.4164,0.9862,1.8171,0.0224,-0.4138,0.0224,2.9585,0.5320,-0.4138,0.5320,1.8783
curtsey to,1.5450,0.1004,-0.7742,2.0271,1.2034,-0.2893,1.2034,3.4560,0.8232,-0.2893,0.8232,2.9796
ask someone out,2.3905,1.9549,0.4705,1.4966,0.8758,0.2643,0.8758,2.3804,0.9197,0.2643,0.9197,3.2467
jest,-0.4982,0.1800,1.5055,2.3411,0.4202,-0.1182,0.4202,2.3054,-0.2866,-0.1182,-0.2866,1.8142
endure,0.5830,0.6947,-0.7993,2.5060,0.9096,0.6316,0.9096,2.6261,0.3867,0.6316,0.3867,1.8254
spurn,-1.4786,0.0013,0.9373,1.8628,0.8959,0.0156,0.8959,3.4165,0.7817,0.0156,0.7817,3.0627
accommodate,2.6175,1.7487,0.5084,1.4812,0.5828,0.2092,0.5828,1.6300,0.4493,0.2092,0.4493,1.4666
alienate,-2.9145,1.1287,-0.4633,1.0076,-0.0630,0.1818,-0.0630,5.1662,1.2960,0.1818,1.2960,4.2121
combat,-1.2102,1.3840,2.0095,2.2338,0.4318,0.8403,0.4318,2.6320,0.9165,0.8403,0.9165,2.4190
bequeath to,0.4542,1.1381,0.1458,3.7652,0.9014,-0.2424,0.9014,2.2002,0.1467,-0.2424,0.1467,1.6481
cut the pay of,-2.3320,1.9422,-0.0363,1.4583,0.0992,0.4258,0.0992,3.2219,1.1579,0.4258,1.1579,3.7054
penalize,-0.5782,1.8691,0.3585,2.4629,-0.0313,0.2361,-0.0313,1.8126,0.3816,0.2361,0.3816,2.2709
curse,-2.5004,0.4927,1.2105,1.4281,-0.2281,-0.1557,-0.2281,4.7268,0.5830,-0.1557,0.5830,4.3749
neglect,-3.2567,0.8622,-1.1833,1.0595,0.0479,0.1266,0.0479,7.2930,2.4805,0.1266,2.4805,4.1646
molest,-4.0425,1.0684,0.6687,0.3085,0.0833,0.0373,0.0833,11.0936,1.1843,0.0373,1.1843,6.2707
butter-up,0.1478,1.0422,0.4007,3.0883,-0.0048,0.3963,-0.0048,2.1777,0.3082,0.3963,0.3082,1.8636
charm,2.0833,2.0345,0.6382,1.6916,0.7352,0.0593,0.7352,1.4606,0.8039,0.0593,0.8039,3.2163
slay,-3.2359,1.9478,1.3481,1.8009,0.2332,0.7447,0.2332,6.3343,3.2868,0.7447,3.2868,5.8455
endorse,1.9108,1.6863,1.0115,1.4966,0.8033,0.6552,0.8033,2.0115,0.6499,0.6552,0.6499,1.3720
confide in,2.0011,1.8360,-1.1636,1.6987,0.9386,-0.0313,0.9386,3.4391,0.0217,-0.0313,0.0217,2.5829
deter,-1.1565,1.0420,0.1981,1.9835,-0.0181,0.1498,-0.0181,3.1644,0.9568,0.1498,0.9568,1.9669
hold,2.8585,2.3476,-1.1320,1.3335,1.1592,-0.2674,1.1592,1.9673,-0.2864,-0.2674,-0.2864,4.6037
brief,1.1615,1.1219,0.3962,1.3304,0.6111,0.5046,0.6111,0.9982,0.4362,0.5046,0.4362,1.5858
tackle,-0.6607,2.3421,2.8604,2.3861,-0.2082,0.0842,-0.2082,1.5850,0.9299,0.0842,0.9299,1.0565
whip,-3.3514,2.2345,2.4804,1.3522,-0.3783,-0.5108,-0.3783,4.3341,1.0963,-0.5108,1.0963,3.1067
convert,0.0907,2.0579,-0.0517,2.4527,0.9465,-0.0900,0.9465,2.5287,-0.1493,-0.0900,-0.1493,3.0642
disturb,-2.1300,1.0793,1.7338,1.4700,-0.1875,-0.5028,-0.1875,2.5429,0.4473,-0.5028,0.4473,2.2681
repulse,-2.4000,0.8557,0.5786,1.6885,-0.1684,0.4157,-0.1684,4.0072,1.3111,0.4157,1.3111,2.6962
cue,1.0864,1.4034,0.3136,1.0882,0.4640,0.1354,0.4640,1.2472,0.1997,0.1354,0.1997,2.3828
bawl-out,-1.0866,0.6600,1.3111,1.9134,0.0615,-1.1618,0.0615,3.8010,0.6578,-1.1618,0.6578,2.0955
undress,1.1073,1.9128,0.0445,2.2561,0.6555,0.5495,0.6555,2.1327,0.6701,0.5495,0.6701,3.4865
oppose,-0.1121,1.6021,1.2341,1.2812,0.1656,0.2982,0.1656,1.4566,0.6565,0.2982,0.6565,1.2673
curry favor from,0.2974,0.1057,0.4161,1.2709,0.5527,0.2971,0.5527,1.4582,0.2435,0.2971,0.2435,0.9049
delay payment to,-2.6779,0.0597,-0.9883,1.1324,-0.0303,0.1323,-0.0303,5.9913,1.0414,0.1323,1.0414,3.3689
subdue,-0.6468,1.6328,0.7596,2.2746,0.3178,0.5113,0.3178,3.5383,1.6719,0.5113,1.6719,3.6300
get to know,2.9024,2.2448,0.3203,0.7189,0.6289,-0.1084,0.6289,1.4859,0.1054,-0.1084,0.1054,3.3669
encourage,3.3417,2.7411,1.4717,0.9677,0.8902,-0.0527,0.8902,1.7619,0.1836,-0.0527,0.1836,1.7074
suspect,-0.8093,0.5983,-0.5452,1.3063,-0.1353,-0.0350,-0.1353,1.6241,0.4177,-0.0350,0.4177,2.2216
esteem,2.4781,1.9227,0.6483,1.4993,0.9638,0.3939,0.9638,2.2716,0.8781,0.3939,0.8781,2.1516
grouse at,-1.1683,-0.1227,0.6545,1.1237,0.3022,0.0443,0.3022,1.7600,0.4747,0.0443,0.4747,1.7120
sweet-talk,0.7686,1.8717,0.5521,2.6925,0.7429,0.5356,0.7429,1.9945,-0.0428,0.5356,-0.0428,3.0291
obstruct,-1.6268,1.4443,1.0136,1.2562,-0.3444,0.0036,-0.3444,2.7685,0.5618,0.0036,0.5618,2.4998
ensnare,-1.8071,1.4448,0.8238,2.3650,0.0360,-0.1661,0.0360,3.0257,-0.3679,-0.1661,-0.3679,2.7794
treat,2.7728,2.0490,0.5648,1.6242,0.8548,0.0227,0.8548,2.0356,-0.4169,0.0227,-0.4169,2.7037
ogle,-0.8470,-0.2830,-0.0735,1.9333,0.9252,-0.0386,0.9252,2.8686,0.5317,-0.0386,0.5317,2.4095
quiz,0.6042,0.9066,0.4673,1.8614,0.7440,0.6245,0.7440,2.1887,0.4453,0.6245,0.4453,2.6105
sicken,-2.7828,1.0733,0.1677,1.0503,0.0181,-0.4214,0.0181,4.4427,-0.0948,-0.4214,-0.0948,3.6494
assail,-1.4681,1.1719,1.3217,2.1704,-0.7865,-1.3781,-0.7865,2.8310,1.6836,-1.3781,1.6836,2.7710
explain something to,2.3738,1.9783,0.1624,1.4159,0.8830,-0.0265,0.8830,1.3682,0.3048,-0.0265,0.3048,2.5659
seek advice from,2.1123,1.0568,-0.3428,1.6282,1.4700,0.2271,1.4700,3.0804,0.4824,0.2271,0.4824,2.1460
shield,2.3421,2.8537,1.2579,3.4626,0.7257,0.8791,0.7257,1.3861,0.6100,0.8791,0.6100,2.9257
dress,1.2172,1.2642,-0.2263,1.3517,0.9239,0.2981,0.9239,1.6418,0.2580,0.2981,0.2580,2.3820
employ,2.4286,2.6014,0.3252,1.5999,0.7986,0.2808,0.7986,1.2340,0.0036,0.2808,0.0036,2.1128
imprison,-1.0804,2.4852,-0.1483,3.4025,-0.1056,0.4682,-0.1056,2.3282,0.1362,0.4682,0.1362,3.9566
repel,-1.5546,1.6139,0.6868,2.2254,0.1052,0.0879,0.1052,2.2795,0.2881,0.0879,0.2881,1.8934
lure,-0.9828,1.7741,-0.6376,1.7001,0.0389,0.3519,0.0389,1.3971,-0.1541,0.3519,-0.1541,2.7417
gossip with,-1.6304,0.4039,0.9414,0.7604,0.1848,-0.0472,0.1848,3.1362,0.1234,-0.0472,0.1234,3.9079
support,3.0550,2.7543,0.3161,1.1321,1.0358,0.3324,1.0358,1.8120,0.5553,0.3324,0.5553,3.8691
stall,-0.8946,0.1498,-0.1753,1.0793,0.3519,0.1916,0.3519,1.8367,0.0898,0.1916,0.0898,2.6054
desire sexually,1.6204,1.6200,1.4095,1.8741,1.0143,0.6915,1.0143,3.7206,0.7008,0.6915,0.7008,2.6633
offend,-2.4025,0.8686,1.2629,1.0968,-0.1617,-0.1855,-0.1617,3.1455,0.5505,-0.1855,0.5505,1.4819
lust for,-0.0829,1.3404,0.6215,3.0763,1.7408,0.5110,1.7408,4.3753,-0.1059,0.5110,-0.1059,3.8856
scorn,-1.7839,1.3478,1.3539,2.1232,-0.3232,0.0139,-0.3232,2.4459,0.6839,0.0139,0.6839,2.0181
yield to,0.1622,-0.7004,-1.1080,3.0653,1.5305,-0.2400,1.5305,2.7982,0.5487,-0.2400,0.5487,1.9004
dazzle,2.3444,2.2073,1.6760,1.1691,0.9703,0.4829,0.9703,1.3032,0.6070,0.4829,0.6070,2.1049
torment,-3.3232,1.3379,0.6032,0.9596,-0.4344,0.1361,-0.4344,5.0660,0.5503,0.1361,0.5503,4.1227
elbow,-1.6646,0.4943,1.1382,1.1697,-0.6220,-0.5957,-0.6220,2.0649,0.9737,-0.5957,0.9737,1.8730
damn,-2.8641,1.0685,1.5263,1.1445,-0.6292,-0.3005,-0.6292,5.8848,1.8765,-0.3005,1.8765,3.1579
amaze,2.6929,2.7482,1.7832,1.2928,0.6433,0.1768,0.6433,0.8540,0.3794,0.1768,0.3794,2.7595
capture,-1.0553,2.2811,1.5218,4.3275,0.3152,0.5537,0.3152,2.1477,0.6903,0.5537,0.6903,1.9492
congratulate,2.9329,2.2925,1.6068,0.9335,0.6292,0.1163,0.6292,1.4850,0.5223,0.1163,0.5223,2.1943
borrow money from,-0.7243,-0.6289,-0.4843,0.8204,0.4679,-0.0368,0.4679,3.0745,0.0096,-0.0368,0.0096,1.3650
find,1.9764,1.8525,0.7660,1.3487,1.2047,0.3807,1.2047,2.1501,0.1431,0.3807,0.1431,2.6720
cross-examine,0.0104,1.1900,0.7314,1.6023,0.9163,0.8187,0.9163,2.5497,1.0397,0.8187,1.0397,2.4363
tantalize,-1.1111,0.5593,0.5300,2.5652,1.8885,-0.3051,1.8885,4.0226,-0.5760,-0.3051,-0.5760,2.9436
disgrace,-2.5600,0.8600,0.5204,0.9712,0.0443,0.1881,0.0443,5.1253,0.5242,0.1881,0.5242,2.8855
lie to,-2.5436,0.7579,-0.1936,1.3679,0.4811,0.1736,0.4811,5.9427,0.4749,0.1736,0.4749,3.6198
infuriate,-2.3986,1.6397,1.6918,1.0227,-0.4196,-0.3403,-0.4196,3.1816,1.6634,-0.3403,1.6634,2.7570
scratch,-1.3800,0.4236,1.0465,2.2388,-0.2591,-0.2909,-0.2591,1.9032,0.6338,-0.2909,0.6338,1.7482
glance at,0.7561,0.0346,-0.1096,0.7267,0.3627,0.1848,0.3627,1.3439,0.4923,0.1848,0.4923,2.8502
hail,0.2596,0.8430,1.1260,2.0050,0.2610,0.4181,0.2610,2.6993,0.7463,0.4181,0.7463,2.4952
extort,-2.4025,1.4106,0.6555,1.9435,-0.7113,-0.3369,-0.7113,2.9742,0.4228,-0.3369,0.4228,2.8890
pray with,2.2864,2.1839,-1.3800,2.4303,2.1781,0.3821,2.1781,3.1779,0.6411,0.3821,0.6411,3.4295
josh,0.2004,0.3949,1.2302,2.6084,0.8616,0.3610,0.8616,1.5941,0.5154,0.3610,0.5154,1.0497
laugh with,3.2261,2.4054,2.4954,1.0691,0.4674,0.4412,0.4674,1.4165,0.4372,0.4412,0.4372,1.0861
complain about,-1.7861,-0.9911,1.0625,0.7579,0.5435,-0.3410,0.5435,2.8237,0.3247,-0.3410,0.3247,2.5264
harass,-3.0439,0.5461,1.5625,0.8761,-0.1946,-0.2884,-0.1946,5.2364,1.1123,-0.2884,1.1123,2.8986
beckon,0.2989,0.6611,0.4483,1.2899,0.4443,-0.4411,0.4443,1.8476,0.2589,-0.4411,0.2589,1.9983
rant at,-1.5586,0.2264,2.3775,1.6161,-0.0417,-0.4892,-0.0417,3.0580,0.3431,-0.4892,0.3431,1.2581
suggest to,1.1793,1.3367,0.5026,1.1924,0.6856,0.1940,0.6856,0.9797,0.3488,0.1940,0.3488,1.7061
convict,-0.1903,2.1325,0.7718,3.1983,0.2448,-0.1876,0.2448,3.0941,-0.3962,-0.1876,-0.3962,2.8280
mouth off to,-1.9996,0.6061,2.1839,1.6410,-0.1278,-0.8883,-0.1278,3.2429,0.4206,-0.8883,0.4206,1.2843
debase,-1.7406,0.4606,0.4955,1.5329,-0.0664,-0.6946,-0.0664,2.1193,0.2850,-0.6946,0.2850,1.8791
alarm,-0.3467,1.5256,2.3759,2.5296,0.2013,0.2073,0.2013,1.2436,0.8202,0.2073,0.8202,1.4703
search,-0.2389,0.8135,0.6869,1.8474,-0.4303,-0.4093,-0.4303,2.0338,0.8547,-0.4093,0.8547,2.0031
supervise,1.1247,2.2306,-0.2698,1.5639,0.4740,0.0191,0.4740,1.0994,0.5083,0.0191,0.5083,2.5204
value,2.9672,2.4018,-0.2625,1.0662,0.8457,-0.0085,0.8457,1.7887,0.0548,-0.0085,0.0548,3.1395
revere,1.7141,1.3204,-0.5490,1.8332,1.2440,0.1467,1.2440,2.6158,0.1666,0.1467,0.1666,2.7178
lay-off someone from a job,-1.9255,2.0342,0.3880,1.4314,-0.1492,0.0293,-0.1492,2.1115,0.2805,0.0293,0.2805,3.0745
silence,-1.2657,1.7132,0.5550,1.6280,-0.0421,0.5737,-0.0421,1.5165,0.8034,0.5737,0.8034,3.6611
coach,2.5432,2.2043,1.3504,0.9337,0.5649,0.1577,0.5649,1.7814,0.4334,0.1577,0.4334,3.1154
touch,1.1168,1.4764,-0.4061,1.8937,0.9510,0.1755,0.9510,1.7283,0.2425,0.1755,0.2425,2.0094
forbid,-1.3086,1.9279,0.7222,1.7623,-0.3585,-0.0748,-0.3585,1.9899,0.1122,-0.0748,0.1122,2.6015
console,2.7886,2.0957,-1.1250,1.6110,0.9230,-0.7264,0.9230,1.9855,-0.3298,-0.7264,-0.3298,2.7730
leer at,-1.2782,0.1813,-0.4489,1.3913,-0.3461,0.2383,-0.3461,2.1308,0.6490,0.2383,0.6490,2.3000
appeal to,1.9761,1.7957,0.1725,1.1139,1.1202,0.5223,1.1202,2.2449,0.5158,0.5223,0.5158,1.9366
demean,-2.7253,0.6370,1.0962,1.0086,-0.3075,0.0335,-0.3075,4.9347,1.6913,0.0335,1.6913,2.5600
financially back,2.0347,2.4897,-0.0222,2.0904,0.5738,-0.3501,0.5738,1.1771,0.5095,-0.3501,0.5095,2.0834
submit to,-1.3989,-1.4782,-1.1822,2.8111,1.5464,0.4270,1.5464,4.6140,1.1293,0.4270,1.1293,2.0846
fluster,-0.2193,1.2386,0.8429,2.5781,-0.1228,-0.1261,-0.1228,1.9847,0.5502,-0.1261,0.5502,1.9830
court,2.0548,1.7204,-0.1352,1.6509,0.8778,-0.2680,0.8778,1.0648,-0.1765,-0.2680,-0.1765,2.2255
hide from,-0.9471,-1.0468,-1.5547,1.1405,0.3765,-0.4732,0.3765,2.8837,0.2066,-0.4732,0.2066,2.6865
sit next to,1.1872,0.5475,-0.4614,1.2860,0.7838,0.0855,0.7838,1.6521,0.7436,0.0855,0.7436,1.8271
unfriend,-1.5611,1.1614,-0.3621,1.5118,-0.6397,-0.1233,-0.6397,2.7937,0.7754,-0.1233,0.7754,2.5989
show something to,1.2111,0.9540,0.1179,1.3297,0.5019,0.2733,0.5019,1.7831,0.3902,0.2733,0.3902,1.5646
detest,-1.8972,0.4254,0.2443,1.5419,-0.2031,0.0182,-0.2031,4.4467,1.2109,0.0182,1.2109,2.7369
catch,1.1668,1.7454,1.1279,2.1454,0.7314,0.4952,0.7314,2.0020,0.5646,0.4952,0.5646,2.2062
mug,-3.3078,1.1671,1.5336,1.5389,-0.3380,-1.1872,-0.3380,3.5454,1.8678,-1.1872,1.8678,4.3611
kick,-2.5346,0.8527,1.8331,1.4391,0.1310,-0.5565,0.1310,2.7711,-0.2299,-0.5565,-0.2299,1.8330
elude,-0.4212,0.5306,-0.7381,2.0069,0.4905,0.3519,0.4905,2.1610,1.0753,0.3519,1.0753,3.6377
drive out,-1.6581,1.4177,1.0993,1.8387,0.1886,0.1343,0.1886,2.0871,1.2363,0.1343,1.2363,2.3151
chastise,-1.5498,0.9651,1.1482,2.1355,-0.3631,-0.1532,-0.3631,3.2156,1.2110,-0.1532,1.2110,2.0706
say farewell to,-0.4475,0.8797,-0.9072,4.3512,0.1658,0.8164,0.1658,4.0802,-0.2083,0.8164,-0.2083,3.1457
study,0.8389,0.8197,-1.2636,0.7935,0.4859,0.4009,0.4859,1.6891,0.2470,0.4009,0.2470,2.7981
demote,-1.3593,1.4974,0.4330,1.0007,0.1518,0.0794,0.1518,1.8323,0.8373,0.0794,0.8373,1.9701
shame,-2.6658,0.9411,0.5123,1.1297,0.2982,0.0012,0.2982,3.6204,0.1221,0.0012,0.1221,3.3699
implicate,-0.7155,0.8475,0.2850,1.5783,-0.1558,-0.2829,-0.1558,1.7887,0.2846,-0.2829,0.2846,1.4457
embarrass,-2.4011,1.2604,1.4589,2.2148,-0.5301,-0.2931,-0.5301,3.4304,0.6859,-0.2931,0.6859,2.0667
diagnose,1.1162,2.0849,-0.5253,3.1198,1.2298,0.0460,1.2298,2.0120,-0.3644,0.0460,-0.3644,2.8641
quarrel with,-1.6691,0.4249,1.7242,2.4872,0.7607,-1.0801,0.7607,3.1909,0.0368,-1.0801,0.0368,2.0518
answer,1.8366,1.1951,0.5072,1.4058,0.9543,0.3373,0.9543,1.6409,0.5308,0.3373,0.5308,1.6675
hookup with,0.4781,0.5200,1.9124,4.2020,1.9618,-0.3260,1.9618,4.1036,0.3742,-0.3260,0.3742,2.0306
deprecate,-2.2682,0.2518,0.3477,2.7986,-0.7719,-0.3589,-0.7719,4.8920,1.3601,-0.3589,1.3601,3.1502
interview,1.2604,1.7672,0.3872,1.3695,0.2192,0.0098,0.2192,1.9732,0.0370,0.0098,0.0370,1.8695
visit,2.5881,1.3077,0.1373,0.8377,0.4205,0.1823,0.4205,2.2680,0.1619,0.1823,0.1619,1.9725
malign,-1.7613,0.6465,0.3852,2.0667,-0.3441,-0.3677,-0.3441,2.3462,0.2069,-0.3677,0.2069,1.8384
emulate,0.5895,0.5581,0.1257,1.5053,1.1481,0.1167,1.1481,2.1833,0.3496,0.1167,0.3496,1.2840
hire,2.2411,2.3717,0.0325,1.2103,0.4439,0.1276,0.4439,1.1270,0.1542,0.1276,0.1542,2.6867
have a heart-to-heart talk with,2.9917,2.8675,-1.0023,1.1123,0.6353,-0.2271,0.6353,1.2186,-0.3522,-0.2271,-0.3522,2.5834
draw near to,1.6150,1.1350,-0.8023,2.1508,0.7637,-0.1306,0.7637,2.2630,-0.1779,-0.1306,-0.1779,1.7830
slap,-2.4853,1.1215,2.3026,1.1283,-0.0997,-0.1567,-0.0997,4.1124,0.1939,-0.1567,0.1939,1.9120
cooperate with,2.7827,1.6715,-0.4361,1.2339,0.7503,0.0049,0.7503,2.2692,0.6618,0.0049,0.6618,2.6169
warn,2.2570,1.9128,1.1076,1.3498,0.4656,0.4163,0.4656,1.3085,0.5319,0.4163,0.5319,2.3428
bewilder,-0.2247,0.7923,0.6791,1.5859,0.4652,-0.0019,0.4652,1.9290,0.7329,-0.0019,0.7329,1.8744
discriminate against,-3.4566,0.0970,0.2513,0.9313,0.1202,-0.0866,0.1202,7.4601,0.4690,-0.0866,0.4690,3.8848
mislead,-2.3581,0.8476,0.1487,2.2041,-0.2446,0.2182,-0.2446,3.0782,0.4141,0.2182,0.4141,2.6268
bluff,-1.0204,1.0369,-0.1961,1.4332,0.5460,0.4276,0.5460,2.4740,0.5229,0.4276,0.5229,2.3869
debate with,1.0910,1.8106,1.9072,1.6078,0.7263,0.1866,0.7263,1.5436,0.5673,0.1866,0.5673,1.4552
excite,2.4302,2.1090,2.4713,1.3192,0.4639,0.5987,0.4639,1.4796,0.4906,0.5987,0.4906,1.0738
defile,-3.0654,0.6513,1.1308,1.5567,-0.3913,-0.7554,-0.3913,6.5000,0.6113,-0.7554,0.6113,3.9408
shoot,-3.5713,1.6672,2.9034,1.0691,0.2436,-0.1081,0.2436,7.6657,1.1614,-0.1081,1.1614,3.5842
force,-2.3532,1.6328,1.7691,1.9309,0.0456,-0.3932,0.0456,5.0706,0.3882,-0.3932,0.3882,2.3375
make love to,3.2000,2.9491,0.9642,1.1512,0.9255,1.0014,0.9255,2.1497,0.8482,1.0014,0.8482,3.7413
admonish,-0.1527,0.6587,0.4567,2.3022,0.2366,-0.3638,0.2366,2.0287,0.2223,-0.3638,0.2223,1.3605
abandon,-3.3698,-0.1208,-0.3072,1.5526,0.6259,-0.2684,0.6259,8.3147,-0.7816,-0.2684,-0.7816,5.4178
request something from,0.2215,0.2509,-0.3879,1.0071,0.3031,-0.1824,0.3031,2.0681,0.4699,-0.1824,0.4699,1.4008
scream at,-2.2961,1.4568,3.3151,1.6370,0.0225,-0.2801,0.0225,4.3568,0.0254,-0.2801,0.0254,0.7848
interfere with,-1.5484,0.9379,1.0183,2.0726,0.6270,-0.1731,0.6270,2.1687,-0.1011,-0.1731,-0.1011,1.7414
murmur to,-0.2392,-0.7970,-2.2238,1.5787,-0.0094,-0.2852,-0.0094,2.0526,-0.2202,-0.2852,-0.2202,1.5167
lecture,0.0375,1.2845,0.8919,1.9645,0.8586,0.9048,0.8586,1.9002,0.9941,0.9048,0.9941,3.3513
quiet,-0.4491,1.3302,-0.3702,2.0210,0.4081,0.0018,0.4081,2.4401,0.7063,0.0018,0.7063,3.4069
frisk,-1.2204,1.0815,1.1093,2.2963,0.4098,0.1907,0.4098,3.5905,0.5271,0.1907,0.5271,2.9474
bewitch,-0.9796,1.5558,0.4188,3.9871,0.8628,-0.2521,0.8628,3.9068,1.1619,-0.2521,1.1619,2.9915
use,-2.6769,0.4239,-0.4919,1.5506,0.5976,0.2932,0.5976,5.2452,1.4389,0.2932,1.4389,3.5292
tease,-2.0814,0.2565,1.4067,2.8585,0.1752,-0.4220,0.1752,4.3239,1.2008,-0.4220,1.2008,2.3096
plot against,-2.4232,1.0881,-0.8783,1.6853,0.0947,-0.1976,0.0947,4.3016,1.6472,-0.1976,1.6472,4.3770
pursue,1.3281,1.4874,1.1256,1.7313,0.8537,0.2305,0.8537,1.8670,0.4213,0.2305,0.4213,2.4919
acclaim,1.5380,1.2980,1.0728,2.3051,1.7106,0.2501,1.7106,2.9054,0.7121,0.2501,0.7121,2.0071
attack,-3.1165,1.7393,2.4562,1.0037,0.1030,-0.0049,0.1030,4.5976,0.8756,-0.0049,0.8756,2.7453
gaze at,0.9947,0.2695,-1.5863,1.9349,0.5973,-0.1063,0.5973,2.8430,0.0902,-0.1063,0.0902,2.0574
applaud,2.9526,2.3011,2.5923,0.8099,0.5615,0.2443,0.5615,1.4577,0.4559,0.2443,0.4559,0.5743
humble,1.8368,2.0270,-0.5407,2.7477,1.1181,-1.4416,1.1181,1.5421,-0.4991,-1.4416,-0.4991,3.4514
instruct,2.0793,2.4284,0.6116,1.2064,0.6369,0.1518,0.6369,1.4458,0.4285,0.1518,0.4285,2.4739
undermine,-2.2803,-0.2407,-0.2593,2.0334,0.7342,-0.4775,0.7342,5.3219,0.6355,-0.4775,0.6355,3.0188
disappoint,-2.9053,0.0154,-1.0870,1.1563,-0.3178,0.2935,-0.3178,7.4335,1.6422,0.2935,1.6422,3.1745
suck up to,-1.5291,-1.3449,0.3312,2.1674,1.6174,0.2671,1.6174,4.7243,1.9647,0.2671,1.9647,5.3515
understand,3.2204,2.7390,-0.4081,0.7843,0.6131,-0.0424,0.6131,2.9895,-0.7372,-0.0424,-0.7372,3.6471
amuse,2.5109,2.0947,1.8025,2.1668,1.6120,1.1341,1.6120,2.4667,0.9707,1.1341,0.9707,2.2404
barricade,-1.8037,1.5819,0.8074,1.4528,-0.4313,-0.2158,-0.4313,2.2786,0.4263,-0.2158,0.4263,3.3669
jail,-0.2486,2.4678,0.9800,3.4596,-0.6830,0.0842,-0.6830,2.9896,-0.7250,0.0842,-0.7250,3.2483
peep at,-2.1279,-1.0504,-1.5018,2.2778,0.7069,1.1302,0.7069,3.2775,1.2262,1.1302,1.2262,3.7429
foil,-0.5642,1.2681,0.6072,2.9626,0.9506,0.4028,0.9506,2.3537,0.3970,0.4028,0.3970,2.3529
grieve for,0.3512,0.7867,-1.9158,5.4972,1.4914,1.0502,1.4914,5.9017,-0.0950,1.0502,-0.0950,2.4581
scrutinize,-1.6748,0.0130,0.4119,2.6615,0.6461,-0.1234,0.6461,4.8107,0.6273,-0.1234,0.6273,3.1863
kowtow to,-1.1272,-1.3100,0.3328,3.4573,0.9342,1.0919,0.9342,3.9806,0.6491,1.0919,0.6491,3.6148
direct,1.5772,2.0389,1.1362,1.2810,0.5018,-0.2442,0.5018,1.8473,0.5040,-0.2442,0.5040,3.1222
love,3.2997,3.1298,0.7947,1.8306,0.5163,0.1980,0.5163,2.9519,0.8759,0.1980,0.8759,6.5312
frustrate,-1.7533,1.0765,1.3667,1.3351,-0.0217,-0.5215,-0.0217,2.9845,0.5888,-0.5215,0.5888,2.5456
caution,2.1119,1.3456,0.6004,0.5855,0.3741,0.1291,0.3741,1.9616,0.2092,0.1291,0.2092,3.2267
arrest,-0.0321,2.5187,1.8361,2.6010,-0.3803,-0.0945,-0.3803,2.0005,0.6181,-0.0945,0.6181,1.6294
beam at,1.2688,1.3056,-0.0193,3.1561,0.9156,0.4456,0.9156,2.1911,0.3161,0.4456,0.3161,2.9504
rob,-3.5456,0.9699,1.9452,0.8959,0.3986,-0.6088,0.3986,6.4411,-0.0260,-0.6088,-0.0260,2.9466
heal,3.3690,3.1900,-0.5363,1.6548,0.1876,0.3916,0.1876,0.8861,0.1392,0.3916,0.1392,4.0538
photograph,1.1934,1.0443,-0.1206,1.9228,0.7431,-0.1970,0.7431,2.5566,0.3421,-0.1970,0.3421,2.9955
aid,3.1613,2.7738,0.4026,1.0538,0.7936,-0.0967,0.7936,1.1115,0.1489,-0.0967,0.1489,2.1473
yell at,-1.8089,1.2829,2.8157,1.4856,-0.2717,-0.3838,-0.2717,3.2160,0.6469,-0.3838,0.6469,0.9845
deflate,-2.3549,1.0939,0.5003,2.6536,0.1792,0.1980,0.1792,4.8750,1.4689,0.1980,1.4689,3.9323
wash,1.3370,1.1597,-0.3152,2.2515,1.2146,-0.7247,1.2146,1.8228,-0.2659,-0.7247,-0.2659,2.4644
train,2.0466,2.1685,0.4138,1.6475,0.7429,0.0511,0.7429,1.0056,0.1145,0.0511,0.1145,1.9070
scoff at,-1.9867,-0.1709,0.6817,2.0317,0.4794,-0.3540,0.4794,2.9209,0.1490,-0.3540,0.1490,2.4954
bug,-1.8477,-0.0200,1.6177,1.5859,0.0888,-1.1853,0.0888,2.7253,-0.0531,-1.1853,-0.0531,2.3798
coerce,-1.1147,1.7819,0.5396,2.0797,-0.2286,-0.6881,-0.2286,1.2949,0.5117,-0.6881,0.5117,2.5694
snarl at,-2.5003,0.3047,1.3922,1.4334,0.5176,-0.2444,0.5176,3.5715,0.4287,-0.2444,0.4287,1.7712
influence,0.9551,2.5508,0.3836,1.5305,0.1559,-0.0074,0.1559,1.3609,0.2509,-0.0074,0.2509,1.5788
cheer up,3.2303,2.6857,1.0853,0.9582,0.5156,0.2115,0.5156,1.0195,0.3576,0.2115,0.3576,2.1546
address,1.2880,1.2710,0.3600,1.3036,0.4418,-0.1102,0.4418,1.5292,0.8065,-0.1102,0.8065,1.7040
invite,2.4174,1.5384,0.3744,1.1503,0.5302,0.1908,0.5302,1.3682,0.3618,0.1908,0.3618,1.6053
forgive,3.0862,2.9616,-1.1440,1.4302,0.8508,-0.5266,0.8508,2.3778,-0.0834,-0.5266,-0.0834,3.2122
halt,-0.3721,1.5764,1.1341,0.7553,-0.0441,0.0143,-0.0441,1.7232,0.7712,0.0143,0.7712,1.8529
give in to,-0.9485,-1.4892,-0.8233,1.4856,0.9436,0.7698,0.9436,2.7028,1.0010,0.7698,1.0010,1.3551
torture,-3.8010,1.6163,0.9160,0.7988,-0.0447,-0.2389,-0.0447,7.7555,0.2452,-0.2389,0.2452,7.3769
poison,-3.6505,1.4003,-0.8816,1.0164,-0.1792,0.4053,-0.1792,7.0889,0.1924,0.4053,0.1924,5.3750
lead,2.0489,2.6190,0.5702,1.6163,0.9867,0.0399,0.9867,2.0164,-0.0854,0.0399,-0.0854,2.8956
dismay,-1.8559,0.2044,0.0170,1.7819,1.0876,0.3582,1.0876,2.9585,0.9055,0.3582,0.9055,2.6508
sentence,-0.2548,2.6725,0.2367,1.6914,0.5653,-0.2222,0.5653,2.1658,0.5624,-0.2222,0.5624,2.4955
exterminate,-3.2017,2.6357,1.6917,1.8348,-0.8805,-0.8955,-0.8805,3.7148,2.0754,-0.8955,2.0754,4.4269
ravish,0.2738,1.1827,1.3092,3.4047,1.0075,-0.9031,1.0075,2.3004,0.3850,-0.9031,0.3850,2.3860
distract,-1.1046,0.9885,1.4102,1.3529,-0.3108,-0.4660,-0.3108,1.8214,1.0759,-0.4660,1.0759,1.8720
stop,0.2363,1.7357,1.1033,1.0777,0.5257,0.3727,0.5257,1.5047,0.3934,0.3727,0.3934,1.4987
underpay,-2.9610,0.4954,-0.7970,0.9900,0.2142,0.2937,0.2142,6.0792,0.2048,0.2937,0.2048,2.8196
listen to,2.8554,2.1305,-1.7056,1.4183,0.8879,-0.6157,0.8879,2.8533,-0.3418,-0.6157,-0.3418,2.7131
oppress,-3.3438,1.7894,0.1638,0.9762,-0.3443,0.0127,-0.3443,5.1902,-0.3533,0.0127,-0.3533,4.3930
correct,0.6226,1.0900,0.7670,1.8562,0.9200,-0.3296,0.9200,2.1959,-0.2636,-0.3296,-0.2636,1.5082
bend,-0.7982,1.2921,-0.0665,1.2392,-0.1121,0.0308,-0.1121,1.6303,-0.1942,0.0308,-0.1942,2.2096
entice,0.0258,1.7384,0.2665,2.4749,0.6140,0.0658,0.6140,1.5758,0.0708,0.0658,0.0708,1.9783
apologize to,2.7252,2.4522,-0.7963,2.6023,1.0944,-0.7195,1.0944,3.1227,0.4997,-0.7195,0.4997,3.7905
experience,2.4353,2.0078,0.2608,1.6481,0.4387,-0.0948,0.4387,2.8220,-0.5522,-0.0948,-0.5522,3.3375
shout at,-1.3759,1.5423,2.6667,2.6392,0.3812,0.2295,0.3812,1.6061,0.8620,0.2295,0.8620,1.5672
annoy,-1.8926,0.5759,1.7130,2.5954,1.1512,0.4830,1.1512,3.2914,0.4210,0.4830,0.4210,2.6279
unnerve,-1.2752,1.5084,0.4948,2.1287,0.2140,-0.1315,0.2140,1.6322,-0.2306,-0.1315,-0.2306,2.2004
thank,3.3652,2.7370,0.0504,0.9564,0.6788,-0.1863,0.6788,1.4005,-0.1954,-0.1863,-0.1954,3.4097
judge,-1.9770,0.8696,-0.0163,1.8885,0.2219,-0.4612,0.2219,3.7556,0.2810,-0.4612,0.2810,3.5824
beseech,-0.7154,0.7500,0.4460,3.1364,-0.0876,-0.2984,-0.0876,3.7327,-0.5804,-0.2984,-0.5804,2.8557
acknowledge,2.6852,2.0915,0.4507,1.0344,0.9901,0.0662,0.9901,2.2057,0.2509,0.0662,0.2509,1.6330
extol,-0.2687,1.0044,0.7748,4.9287,0.5060,-0.3372,0.5060,1.7845,0.3964,-0.3372,0.3964,1.5888
dismiss,-1.6374,1.1615,0.1789,1.3854,0.1523,0.2041,0.1523,2.0910,-0.2070,0.2041,-0.2070,2.7440
pester,-2.1678,0.2711,1.7593,0.8789,-0.1247,-0.4413,-0.1247,2.8150,-0.0816,-0.4413,-0.0816,1.4059
serve,1.6781,0.9830,-0.0244,4.0491,3.1258,0.4737,3.1258,5.9859,0.1829,0.4737,0.1829,2.7258
menace,-2.4296,1.0992,0.9892,0.8480,-0.3252,-0.2109,-0.3252,3.2572,0.0294,-0.2109,0.0294,2.9507
smirk at,-0.5978,0.4192,-0.4852,2.1744,1.0798,-0.1772,1.0798,1.7617,0.8612,-0.1772,0.8612,2.6231
astonish,1.6100,2.1722,1.6389,2.1555,0.8683,0.4272,0.8683,1.8533,0.2672,0.4272,0.2672,1.8867
banter with,0.3520,0.7096,1.7940,3.4994,-0.1938,0.3620,-0.1938,1.7184,0.5960,0.3620,0.5960,1.6032
snuggle,2.8711,1.3445,-1.9189,1.8356,0.7687,-0.7818,0.7687,3.9330,0.2579,-0.7818,0.2579,2.5247
reprimand,-0.3623,1.7173,1.0039,2.0039,-0.0177,0.2332,-0.0177,1.2101,-0.1061,0.2332,-0.1061,1.8658
idealize,0.1596,1.0407,-0.0133,2.4763,1.4593,0.9581,1.4593,3.9422,1.2012,0.9581,1.2012,2.7580
command,-0.5063,2.3856,1.6896,1.6789,0.2014,-0.1837,0.2014,1.1822,0.1951,-0.1837,0.1951,1.0593
walk out on,-2.4363,1.3141,0.6896,1.8165,0.8598,0.1161,0.8598,5.6140,0.3323,0.1161,0.3323,4.2890
bind,-1.5238,1.5604,0.1650,3.2619,0.3437,-0.4639,0.3437,3.6789,0.1407,-0.4639,0.1407,2.7656
agree with,1.8656,1.2841,0.1055,1.3478,0.3392,0.1164,0.3392,1.2276,0.1023,0.1164,0.1023,1.7032
incite,-0.5953,1.1684,0.7432,3.0404,0.0296,0.2804,0.0296,2.2839,-0.7129,0.2804,-0.7129,2.4974
hurry,-0.4911,0.7874,2.0708,1.4895,0.8879,0.3534,0.8879,1.9539,0.5101,0.3534,0.5101,1.1569
placate,0.6838,0.9238,-0.9687,3.2624,1.0648,-1.1559,1.0648,2.4701,-0.0935,-1.1559,-0.0935,1.4112
delude,-1.7011,1.0937,-0.7369,0.9563,0.0158,-0.1710,0.0158,2.1160,-0.3746,-0.1710,-0.3746,1.2928
sue,-1.1037,1.5900,0.8893,1.7447,0.0505,0.4308,0.0505,1.9939,0.5691,0.4308,0.5691,3.8286
apprehend,0.0162,2.0098,1.8008,3.2086,0.8478,1.2886,0.8478,1.6713,1.1710,1.2886,1.1710,2.3449
caress,2.3098,1.6274,-1.8428,1.4496,0.7874,-0.5688,0.7874,2.0368,-0.7112,-0.5688,-0.7112,2.1642
dislike,-1.1648,0.6497,-0.0934,1.4545,-0.3703,-0.0148,-0.3703,2.0450,0.8623,-0.0148,0.8623,2.1044
dominate,-1.4031,2.6290,1.9359,2.9531,0.1608,0.1208,0.1608,2.1959,0.5910,0.1208,0.5910,2.2364
make fun of,-2.9976,0.5607,1.8862,1.2816,-0.1298,-0.1212,-0.1298,7.3970,0.8536,-0.1212,0.8536,1.6131
comfort,3.4483,2.6114,-1.4569,0.6697,0.4279,0.0849,0.4279,1.6466,0.0576,0.0849,0.0576,2.3588
embrace,3.1721,2.6693,-1.0024,1.5799,1.0762,-0.3882,1.0762,1.5799,-0.5395,-0.3882,-0.5395,3.4194
disparage,-2.3644,0.4969,0.4369,1.1846,-0.1805,-0.4034,-0.1805,3.8932,-0.3455,-0.4034,-0.3455,3.6602
giggle at,0.0503,0.2655,0.9383,1.7313,0.0859,0.0781,0.0859,1.1807,-0.0679,0.0781,-0.0679,0.9550
exonerate,1.1974,2.3431,0.7518,3.9874,0.7999,-0.8096,0.7999,2.2156,-0.0719,-0.8096,-0.0719,2.5280
dance with,2.6526,1.4702,1.1281,1.2702,0.6023,0.5318,0.6023,1.4986,0.0669,0.5318,0.0669,3.4377
remind,1.8014,1.4307,0.3234,1.2692,0.5555,0.1585,0.5555,1.3813,0.1567,0.1585,0.1567,1.9761
calm,2.8783,2.1269,-2.0973,0.8890,0.7625,-0.1470,0.7625,2.4544,-0.0824,-0.1470,-0.0824,1.5781
deport,-1.4739,2.0321,1.1593,2.4886,-0.5492,-0.8877,-0.5492,4.2742,0.9244,-0.8877,0.9244,3.4558
upstage,-1.1856,1.3463,2.1614,2.3581,0.3837,0.1292,0.3837,2.7983,0.8662,0.1292,0.8662,1.6516
joke with,2.2603,1.2759,2.0255,0.8362,0.1427,0.1743,0.1427,1.8384,-0.0954,0.1743,-0.0954,0.8359
arm,-0.5807,2.2800,1.3430,2.5680,0.2292,-0.2444,0.2292,2.2059,0.8057,-0.2444,0.8057,2.5201
grade,0.0744,2.1197,-0.6249,1.5704,0.0703,0.1579,0.0703,1.5130,-0.0400,0.1579,-0.0400,1.9849
distrust,-1.4331,0.8834,-0.6676,2.4395,0.4299,-0.3262,0.4299,4.8444,1.3713,-0.3262,1.3713,2.8020
fight,-2.0365,1.2335,2.8631,3.1475,-0.0523,-0.2068,-0.0523,3.9794,0.4460,-0.2068,0.4460,1.2028
be intimate with,2.4924,2.5300,-0.1766,2.2660,0.5872,-0.0807,0.5872,2.4663,0.1235,-0.0807,0.1235,4.3287
miss,-0.0662,1.0755,-1.4314,5.4752,0.9295,0.3829,0.9295,5.1339,0.1876,0.3829,0.1876,2.7040
bow to,1.0876,0.0765,-1.3145,2.8132,1.3575,-0.4854,1.3575,4.4147,-0.3310,-0.4854,-0.3310,1.7041
uplift,3.4079,3.0093,0.8721,0.9523,0.7601,0.0523,0.7601,1.2930,0.3169,0.0523,0.3169,2.7702
exploit,-2.9531,1.6093,0.9514,1.6930,-0.5567,-0.2212,-0.5567,4.8817,-0.7034,-0.2212,-0.7034,3.2281
startle,-0.8928,0.9552,2.0859,1.1787,0.0108,-0.5873,0.0108,1.4850,0.0904,-0.5873,0.0904,2.1797
shaft,-2.5886,0.7518,0.9477,1.3373,-0.0913,-0.7628,-0.0913,3.9003,1.0435,-0.7628,1.0435,2.6276
disapprove of,-0.7759,1.1097,0.0072,1.3232,-0.1233,0.4398,-0.1233,2.2662,0.0860,0.4398,0.0860,2.2423
hassle,-2.3010,0.4659,2.0121,0.9755,0.1534,-0.3958,0.1534,3.2163,0.1183,-0.3958,0.1183,1.1112
stun,-0.2576,1.8693,1.7686,2.8620,-0.2094,-0.0069,-0.2094,1.3373,0.8596,-0.0069,0.8596,1.7335
dupe,-2.4221,0.8238,0.4400,1.1720,0.1261,0.3678,0.1261,3.9831,-0.7790,0.3678,-0.7790,3.7889
mumble to,-0.9012,-1.6819,-2.0366,0.8838,0.5164,0.3708,0.5164,1.1512,0.6217,0.3708,0.6217,1.4899
flunk,-1.7238,1.8304,-0.3158,2.2224,-0.1227,0.1421,-0.1227,2.8730,-0.5265,0.1421,-0.5265,2.7252
confine,-2.1539,1.3004,-0.2323,2.4663,0.0367,-0.4490,0.0367,4.2210,1.0638,-0.4490,1.0638,3.0293
diddle,-0.2617,0.2092,1.0450,3.7880,2.5107,0.1723,2.5107,3.3990,0.2087,0.1723,0.2087,2.8681
desert,-2.9218,0.4978,-0.2637,1.1410,0.2576,-0.0706,0.2576,6.2145,1.5715,-0.0706,1.5715,4.1291
reassure,2.8248,2.1115,-0.1719,0.9116,0.8667,0.3787,0.8667,1.8933,0.7992,0.3787,0.7992,3.5857
sexually arouse,2.1808,2.4627,1.0702,2.0997,0.9395,1.0676,0.9395,1.1257,0.6515,1.0676,0.6515,4.9142
dissuade,0.0170,1.6268,0.4766,1.3537,0.6337,0.6977,0.6337,2.1453,0.8764,0.6977,0.8764,2.2576
parody,0.0421,0.6906,1.4136,1.8479,0.4421,0.4087,0.4421,2.3674,0.8714,0.4087,0.8714,1.0476
contact,1.5045,1.2739,0.9056,1.2865,0.7612,0.7005,0.7612,1.1847,0.4277,0.7005,0.4277,1.4988
defend,2.6585,2.7585,1.6307,1.7320,0.6798,0.6284,0.6798,1.0344,0.6494,0.6284,0.6494,1.9688
debrief,1.3004,1.3608,0.1279,1.2814,0.7345,0.0768,0.7345,1.6928,0.0364,0.0768,0.0364,2.1739
glower at,-1.5075,-0.2756,-0.8875,1.1995,0.0243,0.6810,0.0243,2.7297,0.7679,0.6810,0.7679,3.2231
hold up,-1.3212,1.2573,0.7834,5.1500,0.1778,-1.1289,0.1778,2.8895,1.0659,-1.1289,1.0659,3.2903
restrain,-1.3461,1.5215,1.6083,2.5358,0.5762,-0.3585,0.5762,4.2901,0.0236,-0.3585,0.0236,2.6359
bathe,1.3215,0.4876,-0.6657,2.0583,0.9673,-0.1994,0.9673,2.6284,0.4192,-0.1994,0.4192,2.1100
titillate,1.0464,1.4414,1.5900,2.4096,1.0651,1.0090,1.0651,1.8184,1.3601,1.0090,1.3601,1.7430
disbelieve,-0.7842,0.5600,-0.4838,1.2652,0.0424,0.4132,0.0424,2.0778,0.3333,0.4132,0.3333,1.0972
fear,-2.5667,-0.7067,-0.7548,1.2541,0.4626,0.2217,0.4626,7.3142,0.8187,0.2217,0.8187,3.4960
defeat,0.8906,2.1309,1.5219,2.6896,0.8438,1.3249,0.8438,1.7344,0.5722,1.3249,0.5722,1.9305
break up with,-1.5408,1.1474,0.5356,2.1743,0.4953,0.8447,0.4953,5.2051,1.8795,0.8447,1.8795,4.3912
swindle,-2.4763,0.5037,0.8130,3.1088,0.7469,-0.6184,0.7469,5.7210,1.0461,-0.6184,1.0461,3.6367
raise the pay of,2.5560,2.1956,0.3970,1.1106,0.2990,0.2060,0.2990,1.3088,0.3720,0.2060,0.3720,2.5589
knock out,-2.3298,2.4657,2.4419,2.3537,-0.3269,-0.8480,-0.3269,2.3746,1.0238,-0.8480,1.0238,2.6013
chase,-0.7921,0.7480,1.9698,1.1678,0.3384,-0.2405,0.3384,3.4809,0.1737,-0.2405,0.1737,1.6349
patronize,-1.6828,0.6480,0.8672,2.3335,0.5556,-0.4181,0.5556,3.0078,0.0403,-0.4181,0.0403,2.2569
compliment,2.9670,2.5348,0.5663,1.1177,0.8183,0.1379,0.8183,1.6176,0.3285,0.1379,0.3285,2.2839
enthrall,1.6018,2.0893,1.3182,2.6025,0.8425,2.0830,0.8425,1.5311,0.8441,2.0830,0.8441,2.9520
follow,-0.2800,0.0122,-1.1526,2.2172,0.6584,0.2378,0.6584,2.0179,0.5279,0.2378,0.5279,2.7620
psychoanalyze,-0.0064,1.2808,-0.5656,1.1215,0.6639,-0.1262,0.6639,1.5921,0.2247,-0.1262,0.2247,2.0430
impede,-1.6957,0.9526,0.9333,1.4625,-0.3818,-0.5900,-0.3818,3.4560,1.1261,-0.5900,1.1261,2.3242
concur with,1.7253,1.1922,-0.0478,1.3715,0.6104,-0.0777,0.6104,1.7504,0.3303,-0.0777,0.3303,1.8037
mock,-2.4836,0.2050,1.8461,1.2727,-0.3162,-0.9376,-0.3162,4.7108,0.3614,-0.9376,0.3614,1.8535
sell something to,1.0768,1.2818,1.0732,2.3547,0.0349,0.3250,0.0349,1.7087,0.1170,0.3250,0.1170,1.3743
disrespect,-3.0646,0.4811,1.0450,0.9949,0.1218,-0.7528,0.1218,5.8996,-0.2005,-0.7528,-0.2005,3.1702
blackmail,-3.3654,1.5107,-0.0007,0.9946,-0.0079,-0.1062,-0.0079,6.8162,0.5296,-0.1062,0.5296,5.1924
goad,-1.5141,0.4215,1.4215,1.6442,0.5016,-0.6556,0.5016,2.7363,0.3618,-0.6556,0.3618,1.8097
frown at,-1.8847,0.4271,-1.0707,1.3874,-0.1851,0.6046,-0.1851,2.9277,-0.3875,0.6046,-0.3875,2.8832
be sarcastic toward,-0.6664,0.5029,0.9732,1.4524,0.6520,-0.0776,0.6520,1.6742,0.3068,-0.0776,0.3068,1.3912
kid,0.3589,0.4436,1.2665,1.5782,0.3234,0.5952,0.3234,1.1746,0.3857,0.5952,0.3857,1.1932
aggravate,-2.3786,0.5604,1.8268,1.1873,0.2977,-0.5193,0.2977,3.9210,0.0869,-0.5193,0.0869,2.2239
underrate,-1.9364,0.2289,-0.2111,1.7325,-0.3867,-0.1406,-0.3867,4.4455,-0.3601,-0.1406,-0.3601,2.5722
manipulate,-2.6393,1.7136,0.6300,2.1485,0.3689,-0.6640,0.3689,4.4253,0.7321,-0.6640,0.7321,3.5174
renounce,-1.5770,1.5079,0.6660,2.4875,-0.3924,-0.0485,-0.3924,2.9947,-0.3344,-0.0485,-0.3344,2.7083
slander,-3.3082,0.7993,1.4443,0.7589,0.1013,-0.5671,0.1013,7.0875,0.1422,-0.5671,0.1422,3.7269
watch,0.2975,0.5657,-1.4790,2.2109,0.5246,0.4409,0.5246,2.9059,0.6574,0.4409,0.6574,2.9170
smile at,3.2022,2.6175,-0.2275,0.9124,0.7270,0.0483,0.7270,1.6121,0.0846,0.0483,0.0846,3.4630
envy,-2.2846,-0.7036,-0.4975,1.3389,-0.1753,-0.0540,-0.1753,4.7128,0.5809,-0.0540,0.5809,4.7351
glorify,1.0161,1.2861,1.4886,2.0862,1.0214,0.3199,1.0214,3.9292,0.4162,0.3199,0.4162,1.9744
flatter,1.8464,1.5243,1.0782,1.9180,0.8670,-0.4479,0.8670,1.6710,0.0175,-0.4479,0.0175,1.2959
abuse,-3.8307,1.0300,1.5078,0.9483,-0.3851,-0.1487,-0.3851,8.5393,-0.9041,-0.1487,-0.9041,4.2161
care for,3.3418,3.0271,-0.2286,0.7368,0.4235,-0.1995,0.4235,1.4437,0.0675,-0.1995,0.0675,2.8947
evaluate,0.6386,1.4664,-0.4546,1.4361,0.5600,-0.1300,0.5600,1.7821,0.1374,-0.1300,0.1374,2.7128
denigrate,-2.2059,0.6330,0.5630,1.6576,-0.6746,-1.0297,-0.6746,3.2843,0.5673,-1.0297,0.5673,3.0648
engage,1.8189,2.0804,1.3189,1.6568,0.5862,0.2599,0.5862,1.2090,0.5306,0.2599,0.5306,1.4189
barter with,1.2044,1.3757,1.5480,1.4549,0.9674,0.3722,0.9674,1.4431,0.6336,0.3722,0.6336,1.6779
isolate,-2.6875,1.4461,-1.6878,1.8027,-0.5959,1.3081,-0.5959,4.8447,0.1170,1.3081,0.1170,3.3100
bite,-2.3911,0.8718,1.3425,1.2184,-0.3988,-0.7699,-0.3988,4.0454,0.9967,-0.7699,0.9967,3.2819
shush,-0.9553,0.6640,0.5469,1.4599,0.0469,-0.5719,0.0469,2.2984,-0.2033,-0.5719,-0.2033,2.5631
respect,3.3789,2.4693,-0.5539,0.8243,0.5590,-0.1817,0.5590,2.6836,0.3254,-0.1817,0.3254,2.7016
contemplate,0.9666,1.2575,-1.3295,2.6948,1.4259,-0.8238,1.4259,1.9491,-0.5886,-0.8238,-0.5886,2.8406
frame,-3.4497,1.3725,-0.2125,0.7530,-0.1905,-0.1994,-0.1905,5.8007,1.5676,-0.1994,1.5676,3.4028
defer to,-0.1510,0.4526,-0.4400,1.8591,-0.2283,0.1574,-0.2283,2.3156,0.1809,0.1574,0.1809,1.3587
incriminate,-1.1837,1.6415,0.8940,2.1087,0.0331,-0.1628,0.0331,2.2465,0.8930,-0.1628,0.8930,2.6248
entertain,2.2321,1.5735,1.9600,1.1499,0.4459,0.8094,0.4459,2.2647,0.9113,0.8094,0.9113,1.8833
hide,-0.1738,0.9428,-1.0534,1.9378,0.3209,0.1041,0.3209,2.5198,0.0224,0.1041,0.0224,2.2497
bash,-2.6390,0.3645,1.4772,1.0015,0.3524,-0.0616,0.3524,4.5724,0.0154,-0.0616,0.0154,1.8848
bias,-1.8745,0.1593,-0.1528,1.2259,0.4853,0.1353,0.4853,3.2833,0.0072,0.1353,0.0072,1.5553
save,3.5148,3.3776,1.7707,0.8835,0.4795,0.3259,0.4795,1.3809,0.3998,0.3259,0.3998,3.1068
educate,3.2766,3.3148,0.3990,1.3307,0.6777,0.6249,0.6777,1.1077,0.4257,0.6249,0.4257,3.7958
shake hands with,2.1245,1.7141,0.3635,1.1708,0.5214,0.0962,0.5214,1.2509,0.0531,0.0962,0.0531,2.1118
stymie,-0.6546,0.5436,0.2709,1.1693,-0.6711,-0.3168,-0.6711,1.5269,0.3766,-0.3168,0.3766,1.0040
reject,-1.3493,1.2817,0.3634,1.1669,0.0588,0.1441,0.0588,2.0146,0.2162,0.1441,0.2162,2.2923
overlook,-1.8469,0.5703,-0.6890,1.0735,-0.2722,0.2390,-0.2722,2.6841,-0.3246,0.2390,-0.3246,1.8414
hound,-1.3766,0.1513,1.5079,1.1863,0.2464,-0.0617,0.2464,2.5224,0.1980,-0.0617,0.1980,2.0083
ask about something,1.6656,1.1783,0.3846,1.3750,0.9493,0.5302,0.9493,1.5008,0.5842,0.5302,0.5842,1.7487
join,1.6109,1.5116,0.6353,1.0331,0.5012,0.1188,0.5012,1.4131,0.3667,0.1188,0.3667,1.5989
inject with medicine,0.9100,1.6586,-0.2307,2.5955,0.1978,0.1996,0.1978,2.0351,0.1611,0.1996,0.1611,2.7247
fondle,-0.1796,0.9029,-0.0724,3.9204,0.3681,0.6024,0.3681,1.7777,-0.0862,0.6024,-0.0862,2.8458
cut off relations with,-0.9541,1.4917,-0.2562,1.8119,0.6922,0.1218,0.6922,3.0767,-0.2166,0.1218,-0.2166,2.4391
deceive,-2.7590,0.5648,-0.4445,1.0555,0.1671,0.0530,0.1671,4.8059,0.8065,0.0530,0.8065,2.9448
confuse,-0.9873,0.6648,0.0993,1.3775,0.3672,0.5894,0.3672,1.6567,0.5880,0.5894,0.5880,1.7516
insult,-2.4917,0.2404,1.2714,2.0345,-0.0461,0.1613,-0.0461,5.3178,0.5134,0.1613,0.5134,1.8885
defame,-1.8712,0.9843,0.7742,1.7947,-0.5714,-0.4514,-0.5714,3.1269,0.6754,-0.4514,0.6754,2.1661
escort,1.2215,1.1129,0.3254,1.5424,0.5628,-0.2364,0.5628,1.3997,0.3013,-0.2364,0.3013,1.6807
delight,2.8446,2.2179,0.9793,1.3816,0.7334,0.4337,0.7334,1.2133,0.4820,0.4337,0.4820,2.3135
feed,2.7276,2.2690,0.0272,1.7391,0.8538,0.1326,0.8538,1.6238,0.2251,0.1326,0.2251,2.2081
call,1.4683,0.9983,1.0021,1.3500,0.8494,0.2218,0.8494,1.2109,0.2265,0.2218,0.2265,1.2241
short-change,-2.3737,-0.1748,0.0996,1.5749,0.2602,0.1443,0.2602,3.8885,0.1143,0.1443,0.1143,2.7312
quibble with,-0.8876,-0.2295,0.9047,0.7187,0.2371,-0.0478,0.2371,1.5524,0.4533,-0.0478,0.4533,1.3523
coddle,-0.2327,0.2177,-0.1964,2.5377,1.1062,0.2691,1.1062,2.8775,0.5098,0.2691,0.5098,1.9046
hinder,-1.9110,0.4646,-0.2786,1.2897,-0.1064,-0.0516,-0.1064,3.9897,0.3299,-0.0516,0.3299,2.0757
hustle,-2.3355,1.0414,1.1983,1.6164,0.4755,0.1195,0.4755,3.2308,0.3823,0.1195,0.3823,2.8649
examine,0.7756,0.9511,-1.2194,1.0270,0.2604,-0.1923,0.2604,1.2734,-0.3527,-0.1923,-0.3527,1.9001
forget,-1.5904,0.4575,-1.0525,2.2529,-0.0377,0.4787,-0.0377,4.0289,0.4635,0.4787,0.4635,2.6932
block,-0.9895,1.4302,0.6567,1.9017,0.4901,0.6995,0.4901,2.0050,0.3519,0.6995,0.3519,2.1881
flog,-2.5836,1.3264,2.2327,1.4460,-0.5495,-0.6572,-0.5495,2.9282,0.6088,-0.6572,0.6088,1.3120
fail,-2.5236,0.3086,-0.1518,1.3831,1.0737,0.1190,1.0737,6.4273,0.6565,0.1190,0.6565,3.3854
chatter to,0.4498,0.0619,1.4260,2.1333,0.0171,-0.6854,0.0171,1.2882,0.1794,-0.6854,0.1794,1.7140
preach to,0.3025,1.1193,1.5682,3.5853,2.0719,-0.0966,2.0719,2.4811,0.4056,-0.0966,0.4056,2.0182
misunderstand,-1.6554,-0.4518,-0.1475,0.7819,0.0379,-0.2833,0.0379,2.3700,0.2906,-0.2833,0.2906,2.0330
favor,0.5139,1.1375,0.2396,3.0307,0.4959,0.2295,0.4959,1.7302,0.6390,0.2295,0.6390,1.5602
brush off,-1.5524,0.8757,-0.3044,2.7400,0.4005,0.5225,0.4005,3.0527,0.8539,0.5225,0.8539,2.9256
decorate,1.4192,1.0000,0.6658,1.3110,0.7513,-0.2606,0.7513,2.0465,-0.3543,-0.2606,-0.3543,1.4964
accost,-1.6142,0.6748,1.3336,1.6740,-0.6160,-0.9930,-0.6160,1.2668,0.3860,-0.9930,0.3860,1.1250
assure,2.5611,2.0967,-0.1982,0.9849,0.6942,0.1271,0.6942,1.1493,0.2805,0.1271,0.2805,3.2028
dine with,2.2900,1.2318,0.1353,1.1483,0.6423,0.2425,0.6423,1.3885,0.1689,0.2425,0.1689,2.8917
medicate,1.4868,2.1232,-0.4146,2.8270,0.8816,-0.1476,0.8816,1.4699,0.4170,-0.1476,0.4170,2.7045
get even with,-1.6489,0.3179,0.4979,3.4423,1.5787,0.5694,1.5787,5.2329,-0.2742,0.5694,-0.2742,3.7688
give a raise to,2.7411,2.2543,0.4636,1.0834,0.7410,0.3573,0.7410,1.1131,0.3697,0.3573,0.3697,2.7431
deafen,-2.7060,1.0989,1.5849,2.8161,-0.3384,-0.5826,-0.3384,5.0773,1.4847,-0.5826,1.4847,5.4389
rape,-4.1865,0.5226,1.4898,0.0846,0.1313,0.0746,0.1313,12.4771,1.3148,0.0746,1.3148,6.8203
befuddle,-1.0467,0.4753,0.7896,1.0976,0.1054,-0.3052,0.1054,1.3697,-0.0336,-0.3052,-0.0336,1.5809
rehabilitate,3.0146,2.6236,-0.7704,0.8896,0.7890,0.0170,0.7890,1.3118,0.1461,0.0170,0.1461,4.4529
badger,-1.9320,-0.0938,1.9476,1.3571,0.8661,-0.8860,0.8661,3.8541,-0.6852,-0.8860,-0.6852,1.9016
babble to,-0.6914,-0.6302,1.8780,1.8797,0.4618,-0.4542,0.4618,2.0440,-0.1860,-0.4542,-0.1860,1.0363
appreciate,3.2943,2.6450,-0.2111,0.5900,0.4891,-0.0813,0.4891,1.3551,0.2851,-0.0813,0.2851,2.7891
disillusion,-1.8273,1.1715,0.4173,1.4112,-0.4173,0.0090,-0.4173,2.3277,-0.0110,0.0090,-0.0110,2.1059
beg,-1.5914,-1.9720,0.8320,1.5890,0.8249,-0.2988,0.8249,2.7736,-0.0155,-0.2988,-0.0155,3.2059
counsel,2.7468,2.3004,-0.7757,0.9053,0.5582,-0.0576,0.5582,1.0009,0.3448,-0.0576,0.3448,2.4178
agitate,-2.1061,0.6539,1.6911,1.0294,-0.3144,-0.2982,-0.3144,2.8327,0.5312,-0.2982,0.5312,1.8967
inform,2.2018,2.2046,0.4129,1.0398,0.6634,0.3229,0.6634,1.2108,0.3817,0.3229,0.3817,1.8526
pay for,2.2600,1.7575,0.1453,1.7047,0.5070,-0.4447,0.5070,1.5561,0.1743,-0.4447,0.1743,2.3468
befriend,2.5997,2.5132,0.2464,3.4653,1.4016,0.5310,1.4016,1.5012,-0.0301,0.5310,-0.0301,4.1547
loathe,-2.3828,0.2893,-0.1076,2.0756,0.3466,0.1172,0.3466,6.7876,2.7596,0.1172,2.7596,4.9855
have an affair with,-3.3346,0.7254,0.4017,1.4733,-0.0018,-0.4466,-0.0018,8.5734,0.3554,-0.4466,0.3554,7.4822
flirt with,1.8471,1.7437,0.7071,1.2765,0.9279,0.6480,0.9279,1.3109,0.6997,0.6480,0.6997,2.9912
persecute,-1.7772,1.7255,0.9624,3.2643,0.0193,-0.5953,0.0193,4.0328,0.7630,-0.5953,0.7630,3.4059
implore,0.7739,0.7552,0.7813,1.7876,1.5129,0.8170,1.5129,3.1400,1.4677,0.8170,1.4677,2.2339
exclude,-2.5929,0.6390,-0.3024,1.6105,0.0993,-0.0960,0.0993,5.3043,1.6947,-0.0960,1.6947,4.0068
cheat,-3.3061,0.0898,0.0169,0.8132,0.2973,-0.0106,0.2973,8.0944,2.2679,-0.0106,2.2679,5.3419
holler at,-0.5486,0.6269,2.5214,2.7991,0.7453,-0.7172,0.7453,3.4548,-0.3784,-0.7172,-0.3784,1.5753
imitate,-1.0471,-0.2139,0.7725,2.3034,0.4946,-0.5556,0.4946,3.3432,0.4211,-0.5556,0.4211,2.2708
anger,-2.2302,1.3000,1.7946,1.7604,-0.5889,-0.7216,-0.5889,3.8961,0.6945,-0.7216,0.6945,2.7071
cheat on,-3.6553,0.4929,0.0244,1.0096,0.2264,0.2780,0.2264,10.6750,0.7297,0.2780,0.7297,7.0876
retaliate against,-1.1241,1.1434,1.7000,2.8339,0.7801,0.0337,0.7801,4.2006,1.1977,0.0337,1.1977,2.0406
censure,-0.8191,0.6674,-0.2735,2.9091,-0.1505,0.9472,-0.1505,3.5667,0.2377,0.9472,0.2377,2.6268
discourage,-2.4593,0.0762,0.2179,2.1577,0.8868,0.0657,0.8868,5.9394,1.2834,0.0657,1.2834,4.4969
wink at,1.3763,1.0115,-0.0488,1.7622,1.1071,-0.0549,1.1071,1.8875,0.4327,-0.0549,0.4327,4.1625
excuse,1.2231,1.1597,-0.2917,1.7339,0.6815,-0.7948,0.6815,1.1127,-0.0615,-0.7948,-0.0615,2.1327
snub,-1.8098,0.1767,-0.0155,2.4607,0.2500,0.6806,0.2500,3.0477,1.8171,0.6806,1.8171,3.3636
knife,-3.6193,1.8403,2.3258,1.2270,-0.4651,-0.5700,-0.4651,6.4955,1.2005,-0.5700,1.2005,4.0173
entrap,-2.0811,1.2204,0.5843,2.0384,0.2327,0.1150,0.2327,4.1670,1.8625,0.1150,1.8625,3.3135
disagree with,0.2871,1.3593,1.1800,0.9686,-0.0089,-0.0344,-0.0089,1.8443,0.3033,-0.0344,0.3033,1.9928
baby,-1.4661,-0.3363,-0.8569,2.5166,1.2146,0.1170,1.2146,4.5956,1.7361,0.1170,1.7361,3.1681
nuzzle,1.4523,0.2269,-1.1127,2.9285,1.0257,-0.5055,1.0257,1.6050,-0.1254,-0.5055,-0.1254,2.0698
beat,-1.6604,1.7262,2.1514,5.8813,0.7596,-0.9388,0.7596,5.4912,1.5791,-0.9388,1.5791,2.4356
pet,0.2238,0.2693,-0.6342,2.5492,0.9231,0.3161,0.9231,2.6426,0.3015,0.3161,0.3015,1.9231
adopt,3.1231,2.9936,0.2868,1.1788,0.8172,-0.1530,0.8172,1.2768,-0.4462,-0.1530,-0.4462,4.6119
challenge,1.2753,2.0170,1.5109,1.4453,0.5134,0.4419,0.5134,1.5235,0.9081,0.4419,0.9081,1.4598
refuse,-0.5607,1.4014,0.5465,1.6440,0.0766,-0.1089,0.0766,2.1124,0.9587,-0.1089,0.9587,2.1983
surprise,1.7759,1.8024,1.8448,2.7687,1.0847,0.3530,1.0847,1.9041,0.2978,0.3530,0.2978,3.8181
seduce,0.6305,1.7614,-0.2461,3.4436,2.2310,0.0340,2.2310,4.2121,-0.0921,0.0340,-0.0921,4.3325
analyze,0.6780,1.2461,-0.6383,1.5794,1.1016,-0.5067,1.1016,2.1165,-0.2105,-0.5067,-0.2105,2.9773
bait,-1.7996,1.0729,-0.3942,1.5482,-0.0517,0.8264,-0.0517,3.0729,0.2240,0.8264,0.2240,2.9779
antagonize,-2.8404,0.9638,1.6242,1.0462,0.0098,-0.4488,0.0098,4.9547,0.3134,-0.4488,0.3134,3.4293
sock,-2.5535,1.1522,2.4970,1.7184,0.2727,-0.7706,0.2727,6.5435,0.9584,-0.7706,0.9584,2.6697
reply to,2.4196,1.4617,0.7086,0.9243,0.4607,0.3169,0.4607,2.0191,-0.1005,0.3169,-0.1005,2.7455
ask,1.7980,1.2612,0.2669,1.8896,0.8964,-0.1085,0.8964,2.7763,0.6815,-0.1085,0.6815,3.0948
play with,2.6253,1.7123,1.6396,1.0637,0.9330,0.4298,0.9330,1.7898,0.2452,0.4298,0.2452,2.8443
fool,-1.9159,0.6110,0.5037,1.4163,0.1502,-0.0625,0.1502,4.4091,-0.3629,-0.0625,-0.3629,2.9381
advise,2.6012,2.4604,0.2363,1.3371,0.9552,0.2054,0.9552,1.8762,0.4495,0.2054,0.4495,2.5132
awaken,-1.1204,1.2375,1.4821,2.2758,0.0158,-1.1632,0.0158,2.7872,0.9189,-1.1632,0.9189,3.0558
believe,1.6412,1.8082,-0.3551,2.0621,1.1739,0.5137,1.1739,2.8893,0.4439,0.5137,0.4439,3.1401
overcharge,-2.6151,0.7955,0.3673,1.8504,0.4233,0.4191,0.4233,5.7223,2.0603,0.4191,2.0603,4.7525
pooh pooh,-1.8387,-0.2426,0.4742,1.8415,0.0169,-0.1199,0.0169,3.4293,0.7814,-0.1199,0.7814,2.0733
delay,-2.0147,0.6886,-0.0049,1.2697,0.1267,0.1208,0.1267,3.4497,-0.0836,0.1208,-0.0836,4.5709
groom,1.4294,0.9830,-0.2204,2.2266,1.7168,0.3330,1.7168,2.9621,0.9430,0.3330,0.9430,2.2340
relish,0.8780,0.7478,0.2868,3.4902,0.9519,1.2019,0.9519,2.7237,0.6714,1.2019,0.6714,2.3079
attend to,2.6616,1.8049,0.1731,2.0671,1.5399,-0.6707,1.5399,2.7395,-1.0339,-0.6707,-1.0339,3.5062
horse around with,0.9049,0.9780,2.1845,2.3187,0.6691,0.6988,0.6691,2.1395,0.8705,0.6988,0.8705,1.7113
depress,-3.5510,0.7286,-1.0376,0.8499,-0.3863,0.3192,-0.3863,7.7169,1.4756,0.3192,1.4756,5.5098
have sex with,2.0012,2.6188,1.7841,3.4543,0.7505,0.2915,0.7505,1.8087,0.5863,0.2915,0.5863,3.3777
nudge,-0.0327,0.0086,0.2931,1.3594,0.3038,-0.5377,0.3038,2.0266,0.3462,-0.5377,0.3462,2.5674
tip,2.9955,2.0584,-0.2776,1.2528,0.7586,-0.2064,0.7586,2.4297,0.6710,-0.2064,0.6710,3.8815
freakout,-1.5500,1.1508,2.0054,2.1516,0.1164,-0.0921,0.1164,3.2778,0.1632,-0.0921,0.1632,1.6341
exhibit,-0.7420,0.7360,0.6665,2.5845,0.3036,-0.5224,0.3036,2.5749,-0.3457,-0.5224,-0.3457,1.6683
threaten,-3.2845,1.4820,1.7894,1.8551,-0.4436,-0.2471,-0.4436,6.0747,-0.1463,-0.2471,-0.1463,5.1292
monitor,-0.1457,1.5943,-1.4543,2.7936,0.7845,0.3306,0.7845,3.1307,-0.5357,0.3306,-0.5357,2.8445
bankrupt,-3.3449,1.4531,-0.0172,1.2653,-0.4783,0.4764,-0.4783,7.9431,1.1449,0.4764,1.1449,6.5433
brutalize,-3.6531,1.3123,1.6559,0.7051,-0.2679,-0.0806,-0.2679,7.5597,0.7158,-0.0806,0.7158,5.9026
chide,-0.9993,0.5750,0.6928,2.1956,-0.2378,-0.7994,-0.2378,2.4918,-0.0946,-0.7994,-0.0946,1.4504
lift,1.7567,2.5029,1.2322,2.5551,1.0633,0.0707,1.0633,2.5592,0.2153,0.0707,0.2153,2.7117
handcuff,-0.8310,2.0719,1.7645,3.5193,0.8883,0.1369,0.8883,4.4288,0.7825,0.1369,0.7825,3.3517
condemn,-2.4192,1.4151,1.0706,2.2940,0.3519,-0.7627,0.3519,5.8613,1.1607,-0.7627,1.1607,3.5426
vex,-1.6519,1.2069,0.5187,2.5428,-1.1387,-0.3799,-1.1387,2.7701,-0.1190,-0.3799,-0.1190,3.6747
frightened,-1.2308,1.1615,1.7205,2.1753,-0.7726,0.3458,-0.7726,2.5657,0.8112,0.3458,0.8112,2.1123
scheming,-2.1432,0.9108,-0.5973,0.9925,0.4216,-0.0165,0.4216,3.2416,0.0158,-0.0165,0.0158,3.3130
conspire against,-2.1600,1.4150,-0.5475,1.9521,-0.0195,0.6737,-0.0195,2.8619,-0.2590,0.6737,-0.2590,3.6174
enchant,1.4344,2.1906,-0.3188,1.6487,0.8178,-0.2784,0.8178,1.5957,-0.2260,-0.2784,-0.2260,3.1415
assess,0.3093,1.0188,-0.7125,1.2358,0.2308,-0.1212,0.2308,1.0158,-0.2963,-0.1212,-0.2963,1.8050
complainto,-1.1613,-0.5242,1.3323,1.5148,0.6500,-0.2620,0.6500,2.0530,0.1422,-0.2620,0.1422,1.9229
displease,-1.8513,0.1410,0.4744,1.2983,-0.4539,-0.7301,-0.4539,2.2090,0.9706,-0.7301,0.9706,2.4619
assault,-3.6103,1.7512,2.3692,0.4420,-0.1424,-0.2090,-0.1424,5.7742,0.1566,-0.2090,0.1566,1.1637
cry for,0.3026,0.7821,0.3179,2.8820,0.5935,0.2649,0.5935,3.3394,0.4998,0.2649,0.4998,3.2520
annihilate,-2.9786,3.0286,2.2036,2.3572,-0.3547,-0.6319,-0.3547,3.3815,0.9969,-0.6319,0.9969,2.7403
associate with,1.4782,1.2531,0.4750,1.4605,0.7512,1.0249,0.7512,1.4897,0.8320,1.0249,0.8320,1.6012
 someone is,0.1382,-0.4206,-1.4824,5.9691,3.4298,1.1939,3.4298,3.7320,1.5746,1.1939,1.5746,1.5911
deny,-0.8867,1.8400,0.2067,2.1316,0.0680,-0.0422,0.0680,1.7156,0.4660,-0.0422,0.4660,1.7793
pity,-0.6194,-0.0528,-1.1861,2.0960,0.6389,0.4549,0.6389,2.5179,0.9207,0.4549,0.9207,1.6978
deprave,-2.3867,0.6000,-0.0334,1.4625,-0.7483,0.0001,-0.7483,4.8248,0.4318,0.0001,0.4318,3.2464
dickerwith,-1.4364,-0.1637,1.0485,2.2730,-0.7961,-0.0054,-0.7961,2.3986,0.7382,-0.0054,0.7382,1.6251
berate,-2.3250,0.4417,1.9708,2.2218,0.8401,-0.9347,0.8401,4.6234,0.0552,-0.9347,0.0552,1.8761
allow,1.3162,1.8581,-0.2807,1.5940,0.6334,0.0007,0.6334,1.6065,0.0751,0.0007,0.0751,1.7282
jeer at,-1.9414,0.1862,1.7069,1.2403,0.3844,-0.6851,0.3844,2.7976,0.3516,-0.6851,0.3516,1.6193
enrage,-2.5487,1.7513,2.1282,1.4510,-0.2009,-1.0470,-0.2009,3.0016,0.1433,-1.0470,0.1433,1.9699
ridicule,-3.0147,-0.1206,2.0088,0.7061,0.3758,-0.4945,0.3758,6.1109,-0.5590,-0.4945,-0.5590,1.8032
proselytize,-0.8999,1.3200,0.5500,2.7735,0.1899,0.8011,0.1899,2.9549,1.0164,0.8011,1.0164,4.3980
cut someone down to size,-1.3236,0.9412,1.2500,3.7897,0.5192,-0.8627,0.5192,4.7032,-0.4115,-0.8627,-0.4115,2.4311
accept,2.6800,2.2972,-0.5400,1.2669,1.2511,-1.1005,1.2511,2.5868,-1.7878,-1.1005,-1.7878,3.3830
discredit,-1.7912,1.4883,0.9412,2.1262,0.1277,-0.7285,0.1277,3.3199,0.4302,-0.7285,0.4302,3.0491
intruder,-2.7000,1.0091,0.3061,0.7888,-0.0525,0.3644,-0.0525,3.3553,-0.1673,0.3644,-0.1673,4.1432
foster,2.8382,2.2735,-0.4618,0.9164,0.5368,-0.0476,0.5368,1.2577,0.1989,-0.0476,0.1989,2.3237
buckle,0.6087,0.8870,0.5000,3.3128,0.9135,-0.7141,0.9135,3.0503,-0.0610,-0.7141,-0.0610,0.8091
embezzle from,-2.7750,0.7972,-0.1333,1.8905,-0.6740,-0.3991,-0.6740,4.3288,0.5192,-0.3991,0.5192,3.3434
despise,-2.1417,0.4111,0.2305,0.9099,0.0128,0.0359,0.0128,4.7707,-0.9709,0.0359,-0.9709,2.4113
ban,-1.6568,2.5649,1.3000,1.4292,-0.5070,-0.5886,-0.5070,0.9712,0.7425,-0.5886,0.7425,2.6134
date,2.1417,1.4250,0.2222,2.5270,1.0252,0.5479,1.0252,3.0390,0.4201,0.5479,0.4201,2.2864
intimidate,-1.7161,1.3677,1.1033,2.2021,0.2602,-0.1196,0.2602,4.7169,2.4547,-0.1196,2.4547,2.9104
sympathize with,2.6448,1.7001,-0.5518,1.1519,0.9057,0.0245,0.9057,1.9600,0.2185,0.0245,0.2185,2.1804
tickle,1.2172,1.1310,2.0931,1.9966,0.5095,0.1393,0.5095,2.2244,0.3630,0.1393,0.3630,1.9992
admit,1.0819,0.9666,0.2060,2.0596,1.3496,-0.2562,1.3496,2.4804,0.1302,-0.2562,0.1302,1.7812
horrify,-2.2500,1.3737,1.4895,1.5366,0.0411,-0.2757,0.0411,3.4593,0.6376,-0.2757,0.6376,3.2643
indoctrinate,-0.0642,1.9572,-0.3214,4.6735,-0.2584,0.7363,-0.2584,1.7472,-0.0155,0.7363,-0.0155,1.4910
fine,-1.5692,1.2500,0.5577,2.0566,-0.0228,-0.1542,-0.0228,2.7001,2.0602,-0.1542,2.0602,2.9504
choke,-3.7962,1.2000,1.6115,0.7132,0.2052,-0.2272,0.2052,7.1032,-0.8385,-0.2272,-0.8385,4.0042
concede to,-0.1177,-0.1000,-0.9941,1.2079,1.6913,-0.0862,1.6913,3.0502,-0.1600,-0.0862,-0.1600,1.1793
