wholesaler,0.8926,1.1418,0.6341,1.4963,0.3191,0.3284,0.3191,2.1453,0.2171,0.3284,0.2171,1.8233
watchman,1.3963,1.4397,-1.2677,1.2635,0.4764,-0.2387,0.4764,1.2617,0.072,-0.2387,0.072,2.7661
windbag,-0.6042,-0.4358,0.9674,1.3538,0.8999,-0.076,0.8999,1.957,0.5179,-0.076,0.5179,3.365
educator,2.5653,2.5872,0.5961,1.6979,1.319,0.4154,1.319,2.2361,0.6637,0.4154,0.6637,2.606
boss,0.8846,3.0751,1.3318,1.7301,0.6618,0.8976,0.6618,1.27,0.6856,0.8976,0.6856,1.9117
cousin,1.5157,0.2984,0.7036,1.7677,0.8842,-0.0371,0.8842,1.577,-0.3292,-0.0371,-0.3292,1.5779
voter,1.8679,1.7016,0.1003,1.8661,1.0632,0.2618,1.0632,3.193,0.2361,0.2618,0.2361,3.1872
foreman,0.4982,1.0947,0.3858,0.9094,0.3524,0.1618,0.3524,2.0217,0.7462,0.1618,0.7462,1.8353
parolee,-0.7161,-0.8448,0.1918,2.46,0.6162,-0.0771,0.6162,3.3722,1.2482,-0.0771,1.2482,2.0157
jock,0.0813,1.8685,2.1403,1.7515,0.1901,0.1496,0.1901,1.2309,0.1191,0.1496,0.1191,1.2239
sweetheart,2.8449,1.6885,0.1692,0.9706,0.6433,0.0901,0.6433,2.2507,0.2609,0.0901,0.2609,2.1093
jeweler,0.7875,0.4944,-0.6302,0.8757,0.1266,-0.2833,0.1266,1.7452,0.5407,-0.2833,0.5407,1.796
boor,-0.9644,-0.5056,-0.8419,2.3201,0.2978,0.0145,0.2978,4.2218,2.5435,0.0145,2.5435,3.3869
handyman,1.7467,1.056,0.6537,1.2079,0.5709,0.1213,0.5709,1.5117,0.678,0.1213,0.678,2.1365
dietitian,1.5167,0.7692,-0.1761,1.5559,0.7961,0.1484,0.7961,1.524,0.6956,0.1484,0.6956,1.847
file clerk,0.5196,-1.0424,-1.1841,1.0516,0.2615,-0.3474,0.2615,1.8563,0.3453,-0.3474,0.3453,1.882
pedestrian,0.682,-0.5328,-0.3997,1.1494,0.5263,-0.0443,0.5263,2.806,0.6602,-0.0443,0.6602,2.3233
gangster,-2.3131,1.1794,2.0725,1.8137,0.1976,-0.8469,0.1976,3.9616,-0.0435,-0.8469,-0.0435,1.7562
fighter,0.7547,2.424,2.2607,2.6448,1.0794,0.1302,1.0794,1.5326,0.3944,0.1302,0.3944,1.0278
sadist,-2.4753,0.9298,0.5567,1.7289,-0.2219,-0.6109,-0.2219,4.4017,1.1743,-0.6109,1.1743,4.0068
shut-in,-1.0072,-2.1544,-2.4772,1.2498,0.4583,0.1221,0.4583,1.7119,0.9828,0.1221,0.9828,1.1621
devil,-3.5977,1.9285,1.3,1.3306,0.0979,-0.9351,0.0979,7.152,0.6522,-0.9351,0.6522,6.2957
minor,0.1807,-1.3951,1.0764,0.7034,0.4737,0.0217,0.4737,2.357,0.0097,0.0217,0.0097,2.4401
myself as i really am,2.1317,1.1053,0.67,1.2175,0.9677,0.2459,0.9677,2.2724,1.0951,0.2459,1.0951,3.0182
spoilsport,-1.9664,-0.164,1.038,1.5231,0.2441,-0.9799,0.2441,2.8831,-0.1373,-0.9799,-0.1373,3.6193
housekeeper,1.4439,-0.8016,-0.521,1.6944,0.4975,-0.1061,0.4975,2.0819,0.7391,-0.1061,0.7391,2.3222
psychotic,-1.735,-0.276,1.4107,1.6207,-0.2998,0.28,-0.2998,5.0838,-0.0621,0.28,-0.0621,3.8472
engineer,1.7249,2.0033,0.4505,1.9318,0.9356,0.4082,0.9356,1.7286,0.303,0.4082,0.303,2.855
wallflower,0.1283,-1.5735,-2.2273,1.7601,0.6523,0.5895,0.6523,1.9715,0.7039,0.5895,0.7039,2.3222
street preacher,-0.3473,-0.5127,2.33,3.5242,2.2341,-0.0998,2.2341,3.5792,-0.0853,-0.0998,-0.0853,1.8081
civil servant,1.1265,-0.4231,-0.542,3.658,1.825,0.7334,1.825,3.9794,1.0725,0.7334,1.0725,2.3065
bystander,-0.0479,-0.5357,-1.3069,0.9036,0.6667,0.0701,0.6667,2.8631,0.4458,0.0701,0.4458,1.5536
student,1.8102,0.4643,0.08,1.7608,1.1455,0.1278,1.1455,4.0285,0.3752,0.1278,0.3752,2.9337
slut,-2.06,-0.927,1.6203,2.5043,1.2499,0.0467,1.2499,4.224,0.9033,0.0467,0.9033,3.526
ward of the state,-0.1608,-0.332,-0.0064,1.9764,1.1573,0.9275,1.1573,5.2547,1.5844,0.9275,1.5844,1.9613
laborer,0.939,-0.3525,0.4318,1.1475,0.5558,0.6216,0.5558,2.9947,1.6936,0.6216,1.6936,2.6765
retiree,1.1918,-0.3768,-1.6413,1.6998,0.1997,-0.453,0.1997,2.386,0.2706,-0.453,0.2706,1.2011
CPA,0.7206,1.3347,-0.4365,2.2519,1.4203,0.5927,1.4203,1.9646,0.241,0.5927,0.241,2.4993
consumer,1.1697,1.4423,0.9926,2.0749,1.1067,0.323,1.1067,3.7027,0.2555,0.323,0.2555,2.0396
diplomat,1.1319,2.3203,0.9003,3.094,0.424,-0.205,0.424,1.7265,1.1343,-0.205,1.1343,2.751
busybody,0.3326,0.5969,2.44,2.9143,0.365,0.5944,0.365,3.0293,0.1622,0.5944,0.1622,1.6541
ex-boyfriend,-1.2173,-0.5878,0.4559,2.6993,0.8069,-0.0462,0.8069,4.8105,0.5624,-0.0462,0.5624,3.0624
Pentecostal,0.4533,-0.1013,0.048,2.0209,0.2428,-1.3275,0.2428,2.3893,0.5833,-1.3275,0.5833,1.9092
angel,3.3156,2.8261,-0.8746,1.9124,1.6075,-0.1191,1.6075,2.5989,-0.4388,-0.1191,-0.4388,5.4321
merchant,0.8069,0.3928,1.3255,1.2926,0.4109,0.0948,0.4109,2.7708,0.6861,0.0948,0.6861,2.7403
carpenter,1.2414,0.6675,1.0098,1.5313,0.621,0.6049,0.621,2.4842,1.051,0.6049,1.051,2.7296
foster father,1.9466,1.6914,0.1769,2.1299,0.6279,0.3383,0.6279,2.3308,1.1153,0.3383,1.1153,2.3574
construction foreman,1.1203,1.4291,1.5253,1.9127,0.2138,0.224,0.2138,2.5938,1.4009,0.224,1.4009,2.4228
airline pilot,1.7559,2.5088,0.2969,1.6502,0.5071,0.1185,0.5071,2.0108,0.6,0.1185,0.6,3.5836
nonsmoker,2.2509,1.2698,-0.077,2.2599,0.6929,-0.1039,0.6929,2.8517,0.6019,-0.1039,0.6019,3.3936
bookworm,1.5858,0.4115,-2.4071,2.2516,0.8838,-0.5142,0.8838,4.358,0.4674,-0.5142,0.4674,1.7083
gold-digger,-2.5817,-0.4997,0.7044,1.8031,0.2301,-0.2267,0.2301,5.3308,0.4053,-0.2267,0.4053,5.0786
coach,2.0085,2.6197,2.3549,1.5804,0.9776,0.6221,0.9776,1.5181,0.9202,0.6221,0.9202,1.6473
typist,0.6796,-0.5106,0.8816,0.9547,-0.0176,0.7622,-0.0176,1.8964,0.309,0.7622,0.309,3.8823
hypocrite,-2.6878,-1.2495,1.1027,1.7189,0.6871,-0.4777,0.6871,4.1333,0.6574,-0.4777,0.6574,3.9041
victim,-0.1752,-2.5955,-1.5069,3.9645,0.1401,-0.1454,0.1401,1.8225,0.9804,-0.1454,0.9804,2.5418
host,2.1993,1.739,1.5532,1.6565,0.5105,0.8027,0.5105,1.5608,0.6378,0.8027,0.6378,2.0463
call girl,-1.1753,-0.6334,1.0699,2.6142,1.6978,-0.8391,1.6978,4.252,-0.4179,-0.8391,-0.4179,2.4847
baby,2.5238,-2.59,1.5859,3.3182,0.4217,-0.1556,0.4217,2.7432,-0.2325,-0.1556,-0.2325,5.1074
cripple,-0.054,-1.9473,-1.8642,2.0896,0.342,-0.0295,0.342,1.9832,0.8877,-0.0295,0.8877,1.7654
lady,1.8772,1.1014,0.2745,1.9683,0.9791,0.0929,0.9791,4.4879,0.7963,0.0929,0.7963,3.9004
worker,1.6321,0.4279,0.6955,1.4193,0.939,0.4651,0.939,2.8906,0.9855,0.4651,0.9855,2.4979
Australian,1.1039,0.2751,0.6393,2.136,0.9069,-0.5348,0.9069,1.2061,0.0422,-0.5348,0.0422,1.9573
web developer,1.3685,1.298,-0.9953,1.6004,0.701,-0.1449,0.701,2.4573,0.272,-0.1449,0.272,2.3801
interviewer,0.6265,1.8248,0.8213,1.2082,0.1554,-0.0948,0.1554,1.9786,0.0934,-0.0948,0.0934,2.8783
critic,-0.4641,1.5872,1.3773,1.579,-0.0636,-0.5094,-0.0636,1.9858,0.5362,-0.5094,0.5362,1.9362
runaway,-0.7221,-0.4476,0.3845,2.8096,1.5568,1.3897,1.5568,4.592,1.709,1.3897,1.709,4.9986
priest,2.041,2.2902,-0.8888,3.0046,1.2909,-0.3211,1.2909,2.1747,-0.0928,-0.3211,-0.0928,3.4709
assailant,-2.2521,1.575,0.925,2.9857,-1.3452,-0.6918,-1.3452,2.6104,0.7695,-0.6918,0.7695,3.688
sheriff,1.0766,2.5252,1.0924,2.7016,0.6801,1.1627,0.6801,1.8502,1.1819,1.1627,1.1819,3.4812
chef,1.9207,1.4692,1.8163,1.5947,1.1187,0.9504,1.1187,2.4524,1.5307,0.9504,1.5307,2.2959
street musician,1.3749,-0.5664,1.7997,1.655,0.6063,0.3675,0.6063,2.9763,-0.282,0.3675,-0.282,1.554
musician,1.8783,1.3559,1.72,1.8643,0.7566,0.4408,0.7566,3.292,-0.1012,0.4408,-0.1012,2.4801
unwed parent,-0.2037,0.1342,0.1888,2.2254,0.4446,0.3909,0.4446,2.7179,0.3415,0.3909,0.3415,1.9614
cabinet member,0.561,1.8471,0.4902,2.0962,-0.1243,-0.3508,-0.1243,3.5524,-0.1347,-0.3508,-0.1347,3.7763
grownup,1.0112,2.0095,0.0786,2.0392,1.3036,0.0895,1.3036,1.7329,0.0954,0.0895,0.0954,3.1279
womanizer,-1.9268,0.8321,1.7193,3.5029,0.6003,-0.9799,0.6003,3.4508,-0.2176,-0.9799,-0.2176,2.3095
bridesmaid,2.145,0.4143,1.1325,1.636,0.8015,0.7436,0.8015,2.1829,1.1515,0.7436,1.1515,2.5921
optical engineer,1.6638,1.4304,-0.3388,1.3995,0.4742,0.0223,0.4742,1.4395,-0.1135,0.0223,-0.1135,1.526
customs officer,0.2674,1.3537,-0.0296,2.0045,-0.1828,0.1994,-0.1828,1.3865,0.3796,0.1994,0.3796,2.1862
accountant,1.0887,1.256,-0.4051,1.3221,0.5992,0.2913,0.5992,2.2971,1.5672,0.2913,1.5672,4.0762
cosmetologist,1.4123,0.3669,0.5319,1.3868,0.9324,0.0755,0.9324,2.3871,0.4484,0.0755,0.4484,2.8298
bisexual,-0.2066,-0.2738,0.3636,3.8326,1.4898,0.5203,1.4898,1.7493,0.3132,0.5203,0.3132,1.7491
dairy farmer,1.5178,0.3895,-0.6764,1.5204,1.0248,-0.0295,1.0248,2.7962,0.7286,-0.0295,0.7286,2.0361
colleague,1.5675,1.0171,0.3943,1.0544,0.7118,0.3788,0.7118,1.0727,0.6075,0.3788,0.6075,1.2086
waitress,1.3564,-0.2664,1.3386,1.3434,-0.1247,0.2267,-0.1247,2.488,-0.0054,0.2267,-0.0054,1.3625
Marine Corps enlistee,2.0904,1.5061,1.2079,1.8553,1.7354,0.6875,1.7354,3.0871,1.0726,0.6875,1.0726,1.7959
agnostic,0.0264,-0.264,0.0592,2.0721,0.8638,-0.6802,0.8638,1.6518,-0.1894,-0.6802,-0.1894,1.604
mugger,-3.5753,1.2288,1.1193,0.7284,-0.2335,0.0457,-0.2335,4.6754,0.2258,0.0457,0.2258,4.1855
pagan,-0.6119,-0.4072,-0.1136,1.8991,0.7792,-0.0729,0.7792,1.5561,-0.0714,-0.0729,-0.0714,1.206
maniac,-1.9925,0.5493,1.6346,1.653,-0.2246,0.0839,-0.2246,3.6106,1.1677,0.0839,1.1677,4.3152
dental hygienist,1.7107,0.9082,0.3172,1.9179,0.2029,0.2636,0.2029,1.905,0.9355,0.2636,0.9355,1.9949
suspect,-0.8893,-0.8629,-0.3186,1.6605,0.2161,0.7706,0.2161,2.3468,0.1495,0.7706,0.1495,1.6737
half brother,0.9455,0.4135,0.432,2.3455,1.1459,1.017,1.1459,1.676,1.0897,1.017,1.0897,1.4636
bulldozer operator,0.4117,1.132,1.5116,1.0876,0.3265,0.0456,0.3265,2.4874,0.8669,0.0456,0.8669,3.1315
goon,-1.5238,-0.3423,1.0523,1.7769,-0.107,-0.5545,-0.107,3.2421,-0.8234,-0.5545,-0.8234,2.1944
atheist,-0.5172,-0.5247,-0.0268,3.7011,2.813,0.6249,2.813,3.8564,0.2669,0.6249,0.2669,2.3902
waiter,1.2891,-0.204,1.3124,1.1992,0.0511,0.4359,0.0511,2.4138,0.294,0.4359,0.294,1.171
Navy officer,2.1,2.6768,1.025,2.8267,1.2775,0.4925,1.2775,1.4827,0.7036,0.4925,0.7036,2.4406
auditor,-0.0816,1.4364,-0.6664,1.8737,-0.6448,0.2683,-0.6448,1.5872,0.1474,0.2683,0.1474,1.8987
relation,1.9975,1.8422,0.4204,1.4925,1.0913,0.7288,1.0913,1.662,0.3018,0.7288,0.3018,2.427
nurse,2.8589,1.8939,0.6471,1.9354,0.9856,0.7095,0.9856,2.4594,0.9377,0.7095,0.9377,3.6225
hooker,-1.5354,-1.7565,0.6096,3.8106,0.3634,-0.0396,0.3634,3.0435,0.4289,-0.0396,0.4289,4.3697
barber,1.3268,0.2514,0.4514,1.1131,0.3271,0.1961,0.3271,1.9907,-0.0614,0.1961,-0.0614,1.9066
hairstylist,1.7307,0.5275,0.8032,1.4852,0.6731,0.2019,0.6731,2.3655,0.0724,0.2019,0.0724,2.2265
spectator,0.5504,-0.6225,-0.1621,0.835,0.0358,-0.163,0.0358,2.3852,0.2611,-0.163,0.2611,3.3039
Navy enlistee,1.9847,1.2197,0.9967,2.041,2.1534,0.8141,2.1534,3.8865,1.0993,0.8141,1.0993,2.1542
intern,1.5093,-1.38,0.0389,1.3071,0.412,0.1365,0.412,3.0926,0.6014,0.1365,0.6014,2.666
blind date,0.5836,-0.0882,0.0082,1.3125,0.2894,0.065,0.2894,1.4381,-0.1261,0.065,-0.1261,1.8847
best friend,3.5761,3.1493,1.4786,0.5751,0.4134,0.1148,0.4134,0.7857,0.1049,0.1148,0.1049,3.6296
minister,1.6872,2.0961,0.6868,2.6869,0.7507,0.1852,0.7507,1.2688,0.2254,0.1852,0.2254,2.6907
stockholder,0.6868,0.8915,0.5257,1.3715,-0.377,-0.3595,-0.377,2.2698,0.3316,-0.3595,0.3316,2.6439
arsonist,-3.3149,1.518,0.649,1.407,0.2153,0.1006,0.2153,4.7178,0.0285,0.1006,0.0285,6.0973
genius,2.1539,2.6207,-0.0565,1.8171,0.9629,0.1159,0.9629,1.6729,0.349,0.1159,0.349,3.5014
loan shark,-1.7245,1.8162,0.4898,2.5812,-1.1783,-1.0177,-1.1783,2.5515,0.6729,-1.0177,0.6729,4.7166
auto mechanic,1.3342,0.4816,0.7596,1.65,0.5138,0.941,0.5138,2.5839,0.9488,0.941,0.9488,2.9436
librarian,1.9623,-0.4585,-2.1173,2.0713,0.3935,-0.1799,0.3935,2.4075,0.7607,-0.1799,0.7607,2.0013
homeless person,-0.6173,-2.4153,-1.1874,1.5703,0.7478,0.6283,0.7478,2.1286,0.7144,0.6283,0.7144,1.9613
defense attorney,0.8804,2.1735,1.4408,2.2166,0.2276,0.4099,0.2276,1.285,0.7997,0.4099,0.7997,1.8999
louse,-1.25,-0.7446,0.2238,1.8913,0.5674,-0.5136,0.5674,2.3714,-0.2051,-0.5136,-0.2051,1.3729
lout,-0.9291,-0.2773,-0.2618,2.5859,-0.2658,-0.3424,-0.2658,2.1665,1.4546,-0.3424,1.4546,2.0327
maiden,1.0354,-0.7908,-0.6875,1.9652,0.4122,0.1747,0.4122,1.6143,0.7971,0.1747,0.7971,1.0534
nonconformist,0.8361,0.7516,0.7888,1.9092,0.6751,0.0174,0.6751,1.9429,-0.0473,0.0174,-0.0473,2.0298
executive,0.9219,2.8262,1.4227,2.2023,0.3571,0.196,0.3571,1.2542,0.5819,0.196,0.5819,1.2875
philanthropist,2.5106,1.8434,0.3664,1.869,1.5385,-0.0285,1.5385,2.4936,0.2573,-0.0285,0.2573,2.2286
ambassador,1.5292,2.3296,0.3289,1.386,0.5429,-0.0781,0.5429,1.8139,0.0388,-0.0781,0.0388,2.076
hick,-0.3086,-0.7425,0.6416,1.9224,0.1023,0.561,0.1023,2.5441,-0.3729,0.561,-0.3729,3.291
Hindu,0.8192,0.1359,-0.6114,2.2012,0.3326,-0.2736,0.3326,0.5801,-0.0098,-0.2736,-0.0098,0.8278
shrink,1.0035,1.0058,-0.8289,2.7108,1.587,-0.4409,1.587,2.6746,-0.3938,-0.4409,-0.3938,1.9587
tot,0.9746,-1.6395,1.3693,1.6817,-0.2731,0.5959,-0.2731,1.8581,-0.1252,0.5959,-0.1252,2.7518
tomboy,0.5869,0.6893,0.8639,1.0203,0.6321,0.7432,0.6321,0.9273,0.6468,0.7432,0.6468,1.6903
commentator,0.9796,0.9604,1.9389,1.0495,0.5612,0.4164,0.5612,2.4552,0.9131,0.4164,0.9131,1.4146
half-wit,-1.6353,-1.8349,-0.7906,1.501,0.9164,0.3347,0.9164,1.5389,0.5939,0.3347,0.5939,3.1374
newlywed,2.2546,1.4635,1.7208,2.1284,1.789,0.4421,1.789,2.5794,0.6384,0.4421,0.6384,1.7501
wife abuser,-4.0154,0.5304,1.6581,0.424,-0.0009,-0.5212,-0.0009,10.0333,3.1489,-0.5212,3.1489,5.4242
senator,0.0315,2.25,0.8208,2.4271,0.2952,-0.1933,0.2952,2.2996,0.3614,-0.1933,0.3614,2.6053
prosecuting attorney,0.1131,2.32,1.7046,1.9299,-0.014,-0.032,-0.014,1.3097,0.9779,-0.032,0.9779,2.2239
locksmith,1.1612,0.75,-0.4331,1.0795,0.3127,-0.551,0.3127,1.9128,0.3308,-0.551,0.3308,1.9705
competitor,0.3485,1.8816,1.59,3.2902,0.3977,0.8846,0.3977,0.9566,0.5694,0.8846,0.5694,1.7238
topless dancer,-0.8835,-0.4566,1.7888,4.0775,1.3038,-0.0052,1.3038,4.7327,0.4138,-0.0052,0.4138,1.7689
fugitive,-1.7723,-0.8831,0.4,2.6007,0.0465,-0.4069,0.0465,3.7225,0.8804,-0.4069,0.8804,3.7861
Mormon,0.1073,-0.4196,-0.5281,1.1097,0.4083,0.0726,0.4083,0.9831,0.5769,0.0726,0.5769,1.1558
son-in-law,1.2,0.3339,0.1084,1.3603,0.4565,0.0723,0.4565,1.5553,0.3899,0.0723,0.3899,0.9153
menace,-2.5196,0.5092,1.7685,1.2809,0.0268,-0.1669,0.0268,3.2955,0.5756,-0.1669,0.5756,2.4186
husband,2.2131,1.7616,0.3581,2.2661,0.9281,0.4392,0.9281,1.7412,0.3808,0.4392,0.3808,1.5685
Army reservist,1.9463,1.4154,0.6292,2.3854,0.8794,-0.244,0.8794,2.2158,0.6021,-0.244,0.6021,2.5437
Asian,1.4261,0.4204,-0.2662,1.8341,0.796,-0.2366,0.796,1.3689,0.3133,-0.2366,0.3133,2.0563
teetotaler,-0.321,-0.5638,0.1619,1.5678,0.1775,0.0161,0.1775,1.4479,-0.3757,0.0161,-0.3757,2.5143
stepbrother,0.3742,0.1808,0.5223,1.1626,0.185,0.2539,0.185,0.6764,0.2521,0.2539,0.2521,0.778
skeptic,-0.0491,0.3193,0.0318,1.7168,0.765,-0.0955,0.765,2.1612,0.5344,-0.0955,0.5344,2.4207
transportation ticket agent,0.3882,0.0451,0.298,1.2321,0.3712,0.4992,0.3712,2.3129,1.1221,0.4992,1.1221,2.2933
truant,-0.73,-0.0838,0.3977,2.2294,0.8661,-0.3311,0.8661,1.7873,-0.4649,-0.3311,-0.4649,1.2728
sucker,-1.4533,-1.8667,-0.5431,1.7546,0.3413,-0.486,0.3413,1.8977,0.3611,-0.486,0.3611,1.9955
environmentalist,1.9546,0.796,0.9125,2.3024,1.3558,-0.2147,1.3558,2.9651,-0.175,-0.2147,-0.175,2.7236
deputy,1.0291,1.9713,0.7673,2.0328,0.2766,0.1835,0.2766,1.1006,0.2077,0.1835,0.2077,1.4981
coroner,0.5764,0.5218,-1.2689,1.8044,0.9876,-0.3212,0.9876,1.8042,0.2686,-0.3212,0.2686,1.4674
garbage collector,1.1786,-0.6607,0.4521,2.512,1.0687,0.6757,1.0687,3.229,0.5207,0.6757,0.5207,2.8561
tenant,0.7819,-0.7054,-0.0019,1.2421,0.0755,0.4053,0.0755,2.5396,0.0882,0.4053,0.0882,1.3389
instructor,1.8,1.9871,0.6911,1.3619,0.4336,0.3383,0.4336,1.228,0.248,0.3383,0.248,1.8792
freak,-0.5082,-0.3904,0.4229,2.0201,1.2401,0.3079,1.2401,2.965,0.6178,0.3079,0.6178,2.4797
biologist,1.8561,1.5182,-0.1129,1.4085,0.7804,0.3222,0.7804,1.2647,0.7449,0.3222,0.7449,2.1036
chauffeur,1.4141,-0.3863,-0.7122,1.4717,0.1518,-0.3125,0.1518,1.9184,-0.1381,-0.3125,-0.1381,2.2682
nutritionist,2.3107,1.125,0.3214,1.2594,0.4028,0.3086,0.4028,2.4602,0.4736,0.3086,0.4736,1.7756
insurance claims investigator,-0.0011,1.1793,0.0589,1.7018,0.1474,0.3579,0.1474,1.7087,0.9016,0.3579,0.9016,1.7351
myself as others would like me to be,2.4371,1.1069,0.8811,3.5425,2.4212,1.2294,2.4212,3.9791,0.6452,1.2294,0.6452,1.9203
adulterer,-2.9936,-0.1318,0.3582,1.4429,0.6128,-0.3917,0.6128,5.8648,0.4263,-0.3917,0.4263,4.5105
sorehead,-1.8417,-0.6006,-0.0311,0.8511,0.1905,0.2302,0.1905,3.006,0.6876,0.2302,0.6876,2.7116
helper,2.8389,1.7746,0.5603,0.9123,0.3785,0.5911,0.3785,2.1046,0.1509,0.5911,0.1509,2.4509
commissioned officer,1.3326,2.0573,0.891,2.9166,0.1132,-0.0798,0.1132,1.4726,0.5825,-0.0798,0.5825,1.3768
neighbor,1.4486,0.5164,0.1625,1.7314,0.7589,0.2257,0.7589,1.3994,0.0981,0.2257,0.0981,1.3073
drug addict,-2.4964,-2.4647,-0.0454,2.1838,0.6202,-0.1135,0.6202,4.6397,0.3671,-0.1135,0.3671,4.4572
pal,2.8682,1.6418,0.7875,1.1877,0.5983,0.6007,0.5983,1.3896,0.462,0.6007,0.462,1.8065
champion,2.2867,2.8563,1.9337,2.0428,1.1265,1.0063,1.1265,1.2489,0.7609,1.0063,0.7609,2.2396
bride,2.0139,1.8286,1.2907,2.1924,0.6574,0.7056,0.6574,2.4223,1.7327,0.7056,1.7327,2.7739
jackass,-2.5473,-0.5629,2.1153,1.5777,0.6107,-0.5383,0.6107,4.2913,0.173,-0.5383,0.173,3.4818
apprentice,1.5366,-0.4049,0.0464,0.9911,0.2473,0.2973,0.2473,2.6169,0.8014,0.2973,0.8014,1.7962
auditor general,-0.1241,1.5744,0.219,1.8795,0.5759,1.3654,0.5759,1.841,1.0023,1.3654,1.0023,2.2747
jerk,-2.6422,0.0084,1.8193,1.0305,0.1419,-0.6102,0.1419,4.1517,0.2417,-0.6102,0.2417,1.7341
rabbi,2.0233,2.124,-0.6687,1.4519,1.0013,0.102,1.0013,1.4037,0.0654,0.102,0.0654,1.8688
reservist,0.7119,-0.0486,-1.0005,1.2439,0.2756,0.046,0.2756,2.06,0.4964,0.046,0.4964,1.488
prodigy,2.1102,2.4913,1.0389,1.8719,0.7359,-0.2143,0.7359,1.135,-0.1368,-0.2143,-0.1368,2.8693
flunky,-1.67,-1.6516,-0.4058,1.8419,1.3883,0.2903,1.3883,1.8373,0.9815,0.2903,0.9815,3.0925
glutton,-1.8842,-0.5446,-0.0083,1.5725,0.3232,-0.315,0.3232,4.4754,0.134,-0.315,0.134,4.4912
Arab,0.4109,0.5502,0.2023,1.1373,0.4229,0.1556,0.4229,1.0483,0.1707,0.1556,0.1707,1.1436
drag queen,0.1304,0.4193,2.1248,2.4797,1.7415,0.1427,1.7415,2.4084,0.3727,0.1427,0.3727,1.8981
failure,-2.2604,-0.7325,-0.5514,1.841,1.385,0.4698,1.385,7.5885,2.0779,0.4698,2.0779,3.0117
sheet metal worker,0.9469,0.1796,1.1931,1.4052,0.9288,0.581,0.9288,2.3446,0.7697,0.581,0.7697,2.0177
radio and television announcer,0.7504,1.2811,2.5428,1.6531,0.9767,0.5559,0.9767,3.1527,0.4588,0.5559,0.4588,1.1645
Jew,1.2469,0.6807,0.2,1.9521,0.6883,0.5909,0.6883,1.9922,0.3938,0.5909,0.3938,2.1363
bodyguard,1.8371,2.8407,0.5,1.9927,0.9532,0.625,0.9532,1.1698,0.1996,0.625,0.1996,3.5567
technician,1.6529,1.0379,0.4061,1.0975,0.6358,-0.0512,0.6358,1.7394,0.3704,-0.0512,0.3704,2.2085
child molester,-4.172,0.1483,-0.9147,0.1528,-0.0627,0.1481,-0.0627,10.2708,1.9016,0.1481,1.9016,5.8377
heterosexual,1.3307,0.9947,0.3923,2.3,1.0294,0.6666,1.0294,2.4533,-0.0317,0.6666,-0.0317,1.6344
unwed father,-0.177,0.1267,-0.0087,2.329,1.6992,0.9059,1.6992,3.4258,1.6273,0.9059,1.6273,2.4865
mental patient,-0.482,-1.5719,-0.1407,1.2362,0.9688,0.8259,0.9688,2.7363,0.2837,0.8259,0.2837,3.3826
Air Force reservist,1.8551,1.4576,0.4804,2.0366,1.4095,0.3759,1.4095,2.7745,1.2204,0.3759,1.2204,2.4502
flight attendant,1.426,0.244,0.2227,1.7299,0.6441,0.2363,0.6441,2.1499,0.7978,0.2363,0.7978,3.3129
boyfriend,1.983,1.7237,0.9173,2.4592,1.1918,0.056,1.1918,1.9875,0.3423,0.056,0.3423,2.2596
bartender,1.1527,1.1653,2.2117,1.3592,0.8279,0.8322,0.8279,2.4069,0.6116,0.8322,0.6116,1.8422
father,2.5693,2.8527,0.633,1.8148,0.9226,0.3955,0.9226,1.5397,0.6233,0.3955,0.6233,3.528
delinquent,-2.256,-1.1413,1.413,1.4351,0.9248,-0.0883,0.9248,3.1175,0.2273,-0.0883,0.2273,3.0584
chairman of the board,0.9207,2.954,1.008,1.6669,0.394,0.324,0.394,0.9486,0.1726,0.324,0.1726,2.3352
opponent,-0.2273,1.1807,1.1643,2.3867,0.0753,0.0268,0.0753,1.4726,0.2415,0.0268,0.2415,1.6038
boy scout,1.732,0.455,0.9557,2.1161,1.1812,0.7555,1.1812,2.1278,0.4064,0.7555,0.4064,2.2419
bricklayer,1.1182,0.4614,0.0292,1.5842,0.5761,0.5271,0.5761,2.5263,1.3033,0.5271,1.3033,2.9188
idiot,-2.1727,-1.703,0.2687,1.9485,0.7959,-0.3561,0.7959,2.4274,-0.216,-0.3561,-0.216,6.3775
boarder,0.1639,-0.1819,-0.1126,1.209,0.7585,0.1304,0.7585,2.1468,0.7693,0.1304,0.7693,1.8851
commissioner,0.8751,1.7681,0.5874,1.1639,-0.0595,0.212,-0.0595,2.2688,1.0024,0.212,1.0024,2.0291
big shot,-0.6231,1.2762,2.0821,2.0627,1.0798,-0.3676,1.0798,2.4383,0.9243,-0.3676,0.9243,2.1136
employer,1.5,2.4678,0.6322,1.6235,0.4295,0.5104,0.4295,1.7758,0.7871,0.5104,0.7871,2.4961
golfer,0.6834,0.1907,-1.425,1.3314,0.8495,0.1207,0.8495,1.9473,0.3025,0.1207,0.3025,1.6009
construction contractor,1.1878,1.3976,1.3258,1.1343,0.3825,0.4023,0.3825,2.1641,0.6942,0.4023,0.6942,1.944
lunatic,-2.2479,-0.1652,1.9966,1.5848,0.4546,-0.7661,0.4546,4.2443,0.1185,-0.7661,0.1185,2.6534
ship engineer,1.4841,1.841,0.302,1.3718,0.5567,0.0624,0.5567,2.1964,0.8741,0.0624,0.8741,3.1099
celebrity,0.2973,2.1673,2.055,1.3301,0.4344,-0.3316,0.4344,2.6415,0.2854,-0.3316,0.2854,2.0812
online merchant,0.7077,0.7333,0.335,1.7589,1.1329,0.6277,1.1329,2.4851,0.166,0.6277,0.166,1.862
journalist,0.764,1.4817,1.007,2.2698,0.1293,-0.0069,0.1293,2.3678,1.3225,-0.0069,1.3225,2.998
mentor,3.1233,2.9673,0.1863,1.1284,0.8809,0.2616,0.8809,1.4813,0.4003,0.2616,0.4003,3.6596
investigator,1.6173,2.0187,0.1883,1.9091,0.9494,1.2022,0.9494,1.64,0.3945,1.2022,0.3945,3.5133
nut,0.0291,-0.8284,0.2063,2.9649,0.4251,-0.6477,0.4251,2.6546,0.5519,-0.6477,0.5519,4.2858
simpleton,-0.5015,-1.4677,-1.4835,1.9025,1.1058,0.2874,1.1058,2.4523,1.2502,0.2874,1.2502,2.7059
passenger,0.5673,-0.776,-0.086,1.409,0.118,0.6494,0.118,1.9357,0.6468,0.6494,0.6468,1.755
boxer,0.5563,2.5153,2.541,2.1844,0.5259,0.5049,0.5259,1.2191,0.5037,0.5049,0.5037,1.348
thief,-3.2093,0.147,-0.3307,1.1441,0.8077,0.1525,0.8077,5.9821,0.9282,0.1525,0.9282,5.5103
fiend,-1.5098,0.6279,1.0038,3.8682,0.683,-0.4849,0.683,2.7501,1.4328,-0.4849,1.4328,2.7025
undertaker,0.1781,0.7531,-0.6492,2.401,-0.3178,0.1273,-0.3178,2.3306,1.2701,0.1273,1.2701,2.9117
storyteller,2.103,1.612,0.3784,1.3336,0.9331,0.3286,0.9331,3.0005,0.9023,0.3286,0.9023,4.0182
pediatrician,2.8898,2.4861,0.4312,1.7668,0.9495,0.6857,0.9495,1.7967,1.3136,0.6857,1.3136,4.591
informer,0.816,1.4316,0.436,2.9598,1.1864,0.0658,1.1864,3.1765,0.1143,0.0658,0.1143,3.5717
beggar,-1.1545,-2.7052,-0.8359,2.1753,0.5733,0.2735,0.5733,1.2201,0.7505,0.2735,0.7505,4.4122
survivor,2.7673,2.8007,0.6393,1.7128,1.0826,0.1541,1.0826,2.7972,-0.2108,0.1541,-0.2108,3.3238
coward,-2.3065,-3.0128,-2.1224,2.7105,0.7682,0.513,0.7682,1.7006,0.5953,0.513,0.5953,2.8899
racketeer,-0.9338,0.7769,1.5637,1.9606,-0.6123,0.18,-0.6123,2.3748,-0.4527,0.18,-0.4527,1.9564
welfare recipient,-0.5018,-1.8025,-0.7896,1.9845,0.7856,0.5394,0.7856,1.7891,-0.0715,0.5394,-0.0715,2.0363
baker,1.8976,0.5783,0.0903,1.9285,0.2352,0.2492,0.2352,1.6606,-0.0877,0.2492,-0.0877,3.0961
decorator,1.6028,0.6469,1.0776,1.3865,0.3807,0.4623,0.3807,2.2659,-0.2367,0.4623,-0.2367,2.5093
tv repairman,0.9952,0.0386,-0.3972,1.4515,0.6603,0.389,0.6603,1.5884,0.0284,0.389,0.0284,2.5794
army general,1.7031,3.2197,2.0886,2.5288,0.7356,0.7532,0.7356,1.3577,0.5503,0.7532,0.5503,3.464
parking attendant,0.3758,-0.2393,-0.4365,2.683,0.3429,-0.0201,0.3429,2.6249,1.1539,-0.0201,1.1539,2.9074
optimist,2.8917,2.5169,1.47,1.867,1.4389,-0.1034,1.4389,2.0908,0.2865,-0.1034,0.2865,3.3222
baby sitter,2.0052,1.3379,0.6507,1.2607,0.4258,0.3559,0.4258,2.1587,-0.3144,0.3559,-0.3144,2.7021
bank teller,1.1048,0.5162,-0.4455,2.0389,0.0036,0.2729,0.0036,2.2,0.8115,0.2729,0.8115,2.884
miner,0.8814,-0.0354,0.4874,1.0626,0.5409,0.2053,0.5409,3.0246,1.2113,0.2053,1.2113,2.1013
labor union leader,0.5328,2.0366,1.9065,2.3321,0.6805,0.2049,0.6805,1.8872,0.4949,0.2049,0.4949,1.81
homosexual,0.513,0.0747,0.7467,3.7782,2.2826,0.6261,2.2826,2.4884,0.3608,0.6261,0.3608,2.0421
doll,1.12,-1.5711,-2.2703,1.5385,0.4142,0.2503,0.4142,3.8122,1.1082,0.2503,1.1082,2.4301
landlady,0.1986,1.6589,0.6293,1.3303,0.2156,-0.2641,0.2156,1.22,0.5122,-0.2641,0.5122,1.7164
supporter,2.6238,2.2486,1.2086,1.3433,1.0429,0.0184,1.0429,2.1317,-0.0189,0.0184,-0.0189,3.0924
mental case,-1.2104,-0.4664,0.5996,1.6869,0.5417,0.1457,0.5417,3.6183,0.8513,0.1457,0.8513,3.5938
madman,-2.2662,0.7955,2.2628,2.2976,0.1626,-0.5799,0.1626,4.0238,0.1351,-0.5799,0.1351,2.3071
customer,1.1745,1.37,0.5962,1.8805,0.6016,0.2417,0.6016,2.3555,0.5891,0.2417,0.5891,1.6572
tax preparer,0.5582,1.1909,-0.5961,2.2763,-0.1585,0.4632,-0.1585,1.6608,0.2373,0.4632,0.2373,3.3522
trespasser,-2.2376,0.0748,-0.9535,1.7385,-0.1026,0.4044,-0.1026,3.9164,0.2813,0.4044,0.2813,3.4709
scatterbrain,-1.2782,-0.95,1.8293,1.8937,0.9344,-0.3068,0.9344,1.9078,0.3103,-0.3068,0.3103,2.7283
restaurant operator,1.4321,1.6662,1.8528,1.0378,0.3989,0.5817,0.3989,2.2036,0.9132,0.5817,0.9132,1.8092
orphan,0.1762,-1.6997,-1.1255,2.8348,0.5597,0.2347,0.5597,2.7244,0.9896,0.2347,0.9896,1.8812
lover,2.7093,2.6852,0.6307,2.0163,0.6496,0.2107,0.6496,1.8646,0.4564,0.2107,0.4564,4.7152
lackey,-0.3942,-1.2871,-0.469,2.5897,1.7495,1.7345,1.7495,2.8483,1.6659,1.7345,1.6659,2.6053
granny,2.6907,0.5745,-1.7724,1.7168,0.7005,-0.5568,0.7005,3.5758,0.0638,-0.5568,0.0638,1.8865
deadbeat,-2.6904,-2.4374,-1.9089,2.0563,1.165,0.3329,1.165,3.3108,0.8345,0.3329,0.8345,3.9724
businesswoman,1.8607,2.2317,1.7086,1.6417,0.6482,0.3513,0.6482,1.4469,0.5785,0.3513,0.5785,1.7999
public relations specialist,1.5236,1.8991,1.7536,1.8199,0.4903,0.7936,0.4903,1.2068,0.7327,0.7936,0.7327,2.5721
girl,2.0841,1.4138,1.2359,2.456,1.5194,1.2209,1.5194,3.6161,0.4213,1.2209,0.4213,2.5575
burglar,-3.3383,0.8731,-0.4062,1.0784,0.1347,0.56,0.1347,4.1801,1.1862,0.56,1.1862,6.2385
reporter,0.5824,1.4355,2.2569,2.1541,-0.1947,-0.1019,-0.1947,2.3284,0.7024,-0.1019,0.7024,1.787
nitwit,-1.6557,-1.6175,-0.2186,1.5638,0.7074,-0.1996,0.7074,1.5131,0.3218,-0.1996,0.3218,3.8013
clerk,1.0054,-0.3696,-0.0864,1.2255,-0.0934,0.2113,-0.0934,1.291,0.4867,0.2113,0.4867,1.9799
invalid,-1.0166,-1.6762,-0.6804,1.62,0.589,-0.4653,0.589,2.3758,0.536,-0.4653,0.536,2.4834
American,1.44,1.7919,1.7421,2.7128,1.2737,0.1692,1.2737,2.1458,0.576,0.1692,0.576,1.8923
funeral director,0.8579,0.645,-1.4418,2.0246,0.94,0.0929,0.94,1.8774,-0.2174,0.0929,-0.2174,1.7436
actor,0.8639,1.3182,1.64,1.4251,0.7442,-0.1108,0.7442,2.61,0.3474,-0.1108,0.3474,1.483
crybaby,-2.4681,-2.0958,1.8965,1.2717,1.1883,-0.1125,1.1883,3.2821,0.4937,-0.1125,0.4937,3.6285
blind person,0.6554,-1.2933,-1.5491,2.1851,-0.0875,-0.1398,-0.0875,2.096,1.0357,-0.1398,1.0357,1.8366
assembly line worker,0.8463,-1.0204,0.7256,1.3672,0.1828,0.4583,0.1828,2.3295,0.293,0.4583,0.293,2.7939
executioner,-1.8635,2.774,0.1344,3.0231,-0.453,-0.8235,-0.453,1.8052,0.1676,-0.8235,0.1676,4.7147
shopkeeper,1.3193,0.2551,0.1579,1.1524,0.0562,0.2319,0.0562,2.3431,0.6264,0.2319,0.6264,2.109
motel owner,0.3872,0.3272,0.0954,1.5127,0.8076,-0.0995,0.8076,1.8912,0.1261,-0.0995,0.1261,1.9472
God,3.4004,3.6243,-0.3807,2.7384,1.9977,1.687,1.9977,2.8979,1.1193,1.687,1.1193,5.9766
loner,-0.446,-0.8554,-2.0877,2.4437,1.4759,0.1972,1.4759,2.7513,0.5747,0.1972,0.5747,1.4414
clerical worker,1.1063,-0.0392,-0.5435,1.4598,0.1269,0.1024,0.1269,2.0485,0.6799,0.1024,0.6799,1.5099
farm laborer,1.5457,0.1371,-0.2114,1.597,0.9714,0.3799,0.9714,3.3192,0.9696,0.3799,0.9696,3.0326
know-it-all,-1.501,0.3769,1.6976,1.9216,1.1205,-0.4387,1.1205,2.6958,0.0498,-0.4387,0.0498,2.3693
psychoanalyst,0.9436,1.1404,-0.3916,1.1759,0.6835,0.0155,0.6835,1.4736,0.3423,0.0155,0.3423,2.3488
intruder,-2.9709,0.7545,0.0609,0.8785,-0.1147,-0.1086,-0.1147,2.8873,1.6845,-0.1086,1.6845,4.864
chief operations officer,0.9422,2.5396,1.1067,1.5344,0.4363,0.844,0.4363,1.5042,0.286,0.844,0.286,1.9654
addict,-2.4502,-2.2551,0.0933,2.112,1.106,0.0151,1.106,4.3311,0.5855,0.0151,0.5855,5.4415
insurance agent,0.6505,0.6789,0.1757,1.5306,0.7279,-0.0912,0.7279,1.5041,0.4309,-0.0912,0.4309,1.3608
judge,1.199,2.5169,-0.1533,1.622,0.4362,0.2151,0.4362,3.1727,0.2525,0.2151,0.2525,2.4999
stepfather,0.1807,0.6975,0.1646,1.6277,0.245,-0.2959,0.245,2.5074,0.0607,-0.2959,0.0607,1.0432
fundraiser,2.7193,2.3485,1.4155,1.4433,1.0293,0.3635,1.0293,1.4036,0.9017,0.3635,0.9017,3.267
henchman,-1.9005,-0.207,0.4433,2.0262,-0.6835,-0.6755,-0.6835,4.746,1.7825,-0.6755,1.7825,3.1663
beautician,1.3367,0.0833,1.1284,2.0088,0.8402,0.1564,0.8402,3.244,-0.3472,0.1564,-0.3472,2.1742
alumnus,1.6311,1.4516,0.2831,1.9662,0.7827,0.3579,0.7827,1.0578,0.1043,0.3579,0.1043,1.181
pessimist,-1.9049,-0.8024,-0.9158,2.734,1.0139,0.6242,1.0139,4.4434,1.8879,0.6242,1.8879,3.6099
scientist,2.0446,1.9088,-0.3382,1.4056,0.8369,-0.0756,0.8369,2.0294,0.3677,-0.0756,0.3677,3.8357
leader,2.3804,3.1197,1.2986,1.5869,0.4196,0.4625,0.4196,1.8984,0.0898,0.4625,0.0898,2.9447
sleuth,-0.6084,0.76,-1.1871,3.1227,1.9053,0.4874,1.9053,3.3216,-0.5904,0.4874,-0.5904,3.7073
deadbeat dad,-3.3479,-0.9,-0.9879,0.932,0.3271,0.2932,0.3271,7.5625,0.58,0.2932,0.58,6.6514
electrician,1.2424,0.4786,-0.1604,1.0474,0.7743,0.1728,0.7743,2.1596,0.726,0.1728,0.726,1.7324
citizen,1.4446,0.9965,0.5312,1.6758,0.6495,0.3189,0.6495,2.241,0.5698,0.3189,0.5698,1.2434
chambermaid,0.3659,-1.4379,-0.7367,2.4797,1.1036,0.0984,1.1036,2.8764,-0.2081,0.0984,-0.2081,2.4072
CEO,0.9853,3.2976,1.534,3.1178,0.7248,1.3371,0.7248,1.5668,0.7017,1.3371,0.7017,3.1825
foster son,0.9477,-0.4102,-0.0705,1.966,0.4986,0.494,0.4986,2.5219,0.3636,0.494,0.3636,1.8198
education administrator,1.3696,2.1307,0.61,1.6136,0.5624,0.2523,0.5624,1.8409,0.45,0.2523,0.45,2.603
chaplain,2.0686,1.7123,-0.2964,2.0024,0.5951,-0.7329,0.5951,1.1301,-0.3691,-0.7329,-0.3691,2.6403
architect,1.5351,1.8,-0.4313,1.265,0.9607,0.1912,0.9607,1.8381,0.2208,0.1912,0.2208,2.5894
receptionist,1.2932,-0.2664,0.1128,1.6606,0.1674,-0.2404,0.1674,1.5241,0.5298,-0.2404,0.5298,3.2101
governor,0.6708,2.1711,0.5769,1.1047,0.2054,0.2935,0.2054,1.4508,0.2031,0.2935,0.2031,3.0645
paranoid,-1.2192,-1.4258,0.435,1.1549,0.2341,-0.3476,0.2341,2.4094,0.1959,-0.3476,0.1959,3.6273
republican,0.1704,0.8269,0.4531,2.0218,0.6222,-0.2703,0.6222,1.6,0.6809,-0.2703,0.6809,2.2998
part-time employee,0.88,-0.7427,0.0646,1.2088,0.2649,0.3066,0.2649,1.9212,0.6612,0.3066,0.6612,1.559
stranger,-0.1447,-0.1831,-0.1953,1.0273,-0.0304,0.0482,-0.0304,1.0556,0.2447,0.0482,0.2447,1.145
physician,2.4325,2.3747,-0.1758,1.844,1.2264,-0.5326,1.2264,1.6145,-0.4308,-0.5326,-0.4308,2.7848
electrical linesman,0.9822,0.5178,0.2724,1.2575,0.7672,0.2645,0.7672,2.1268,1.205,0.2645,1.205,1.9094
fundamentalist,-0.2532,0.6637,0.48,2.9036,1.3679,-0.73,1.3679,2.2884,-0.1483,-0.73,-0.1483,2.8834
outlaw,-1.7565,0.6638,0.9115,2.4271,0.2719,-0.4932,0.2719,3.1195,0.0424,-0.4932,0.0424,3.79
fast food server,0.6898,-1.0668,0.9649,1.3301,0.8497,0.9316,0.8497,2.5163,0.8441,0.9316,0.8441,2.4585
textile worker,0.7314,-0.8537,0.3067,0.8918,-0.2865,-0.2058,-0.2865,1.3811,0.3243,-0.2058,0.3243,1.784
pornographer,-1.25,0.595,1.0488,3.3971,1.0859,-0.401,1.0859,3.5993,0.5826,-0.401,0.5826,3.1098
bus driver,1.3038,0.1147,0.1181,1.4134,0.795,0.0506,0.795,2.7584,0.9669,0.0506,0.9669,1.9649
umpire,1.0104,2.018,1.5608,1.4392,0.2655,-0.1524,0.2655,1.5453,0.4202,-0.1524,0.4202,1.507
outsider,0.0042,-1.0166,-0.7431,1.3076,-0.367,-0.6202,-0.367,1.8647,0.4186,-0.6202,0.4186,2.2167
welder,0.9,0.5147,0.8767,1.1214,0.842,-0.2398,0.842,2.0742,-0.1001,-0.2398,-0.1001,2.5239
soul mate,3.2034,2.8419,0.6355,1.8386,1.5257,0.1728,1.5257,2.6703,0.9006,0.1728,0.9006,4.4835
probationer,-0.119,0.7631,0.3174,1.2379,-0.0292,0.0805,-0.0292,3.0693,0.43,0.0805,0.43,1.4113
casual laborer,0.7743,-0.4567,-0.0657,1.3189,0.546,0.3638,0.546,1.8707,1.0148,0.3638,1.0148,2.1913
weakling,-1.4069,-2.7815,-1.9712,2.1137,0.7344,0.7031,0.7344,1.4414,1.0413,0.7031,1.0413,1.9575
innocent,1.8173,-0.6719,-1.0635,1.8526,0.5622,-0.025,0.5622,1.8291,0.4232,-0.025,0.4232,1.6791
puritan,0.2318,-0.211,-0.7608,2,-0.1508,-1.0874,-0.1508,1.6789,0.6685,-1.0874,0.6685,2.8929
hothead,-1.9096,-0.4808,2.7335,1.0546,0.23,-0.6374,0.23,2.6383,-0.1714,-0.6374,-0.1714,1.5571
censor,-0.8808,1.6536,-0.2276,2.9122,-0.5916,0.3418,-0.5916,1.5495,-0.3772,0.3418,-0.3772,2.097
magician,1.1023,0.6853,1.8155,1.7059,0.7062,0.7689,0.7062,1.5903,0.4532,0.7689,0.4532,1.8413
supervisor,0.7355,2.103,0.7698,1.2426,0.5012,0.3624,0.5012,1.1787,0.3735,0.3624,0.3735,1.6382
gamer,0.351,-0.1706,0.6879,1.5044,0.8937,0.372,0.8937,1.9588,1.1026,0.372,1.1026,3.4804
midget,0.3858,-0.6381,0.0877,1.5417,0.5271,0.1004,0.5271,1.7117,0.1986,0.1004,0.1986,1.2092
crook,-2.7858,-0.365,0.2615,1.6879,0.3142,0.1535,0.3142,3.8803,-1.1352,0.1535,-1.1352,4.1235
editor,1.0953,1.6212,0.1455,1.2837,-0.0018,-0.0179,-0.0018,1.9076,-0.4121,-0.0179,-0.4121,4.1387
university student,1.7038,0.7608,1.4691,1.5471,1.2403,0.483,1.2403,3.0871,0.4156,0.483,0.4156,1.8422
malingerer,-1.5944,0.0734,-0.6111,1.0413,-0.589,0.7649,-0.589,2.3567,-0.0327,0.7649,-0.0327,2.0551
sissy,-1.33,-1.9161,-0.8558,1.6714,0.7954,0.6119,0.7954,2.0364,1.1022,0.6119,1.1022,4.2107
gay,0.7316,0.03,0.7846,2.4209,0.2288,0.0452,0.2288,2.0512,-0.2897,0.0452,-0.2897,1.6258
heel,0.3413,0.4735,0.2405,1.3316,0.6376,0.5331,0.6376,1.2076,0.6719,0.5331,0.6719,1.6219
juvenile,-0.2381,-1.0672,1.3049,1.8952,-0.347,0.8828,-0.347,2.6514,-0.9178,0.8828,-0.9178,2.5988
stepson,0.4972,-0.1404,0.4824,1.1676,0.4857,0.2803,0.4857,1.1481,0.0971,0.2803,0.0971,0.7124
black woman,1.3571,1.4574,1.8844,3.1306,0.9719,-0.1848,0.9719,3.1292,1.0443,-0.1848,1.0443,1.9073
moron,-2.1506,-2.104,0.0276,2.0839,0.6271,-0.6948,0.6271,1.8347,0.4137,-0.6948,0.4137,6.3711
union member,0.7389,0.7419,1.126,1.4966,0.3162,0.4744,0.3162,2.5509,0.971,0.4744,0.971,1.8405
lecturer,1.2756,1.7633,0.3891,2.2579,0.8993,0.6671,0.8993,2.5548,1.1432,0.6671,1.1432,3.3742
snot,-2.1023,-0.9569,0.7477,1.2601,0.6354,-0.3882,0.6354,3.1978,0.0577,-0.3882,0.0577,3.4103
political scientist,0.8918,0.8452,0.2719,1.732,0.9999,0.0991,0.9999,2.4755,0.5174,0.0991,0.5174,2.9325
busboy,0.8453,-1.0608,0.6049,1.6626,0.8095,0.1935,0.8095,2.0846,0.7089,0.1935,0.7089,2.6979
snoop,-1.9535,0.0785,-1.3262,2.1096,1.0989,1.3063,1.0989,3.1592,0.7104,1.3063,0.7104,4.0184
daredevil,0.5353,1.6935,3.1684,2.3817,0.4521,0.045,0.4521,2.1229,0.1324,0.045,0.1324,1.2678
tailor,1.1762,0.0815,-0.4692,1.1963,0.3167,-0.1117,0.3167,1.5071,0.9753,-0.1117,0.9753,2.6206
chairwoman,1.447,2.3452,0.9341,1.7128,0.7199,0.6304,0.7199,1.2687,0.7913,0.6304,0.7913,2.2072
boy,1.0266,0.8927,1.7378,2.0948,1.3404,0.9083,1.3404,3.2689,0.5973,0.9083,0.5973,2.3622
kidnapper,-3.8331,1.1873,-0.0393,0.42,0.0246,0.2515,0.0246,7.2439,-0.1586,0.2515,-0.1586,6.4659
father (my),2.3353,2.4094,0.0633,3.7257,2.0204,0.4822,2.0204,2.7125,0.9302,0.4822,0.9302,4.0805
landscaper,1.1749,0.0604,0.3316,1.0634,0.4852,-0.0051,0.4852,2.612,0.4517,-0.0051,0.4517,3.6838
chairman,0.6189,2.4557,0.6291,2.0189,-0.0391,0.6268,-0.0391,1.182,-0.1236,0.6268,-0.1236,3.5613
psychiatrist,1.7722,1.7685,-1.1652,2.0348,0.9874,-1.0364,0.9874,2.0597,-0.0457,-1.0364,-0.0457,2.7857
stockbroker,0.3489,1.8444,1.5078,1.6251,0.2668,0.3769,0.2668,2.0573,0.734,0.3769,0.734,3.1813
liberal,0.773,0.8063,1.3637,2.5984,1.1456,0.9576,1.1456,1.8555,0.5345,0.9576,0.5345,2.1156
fan,1.7313,0.8935,2.1633,1.6855,0.2771,0.334,0.2771,2.147,0.1974,0.334,0.1974,2.4025
philosopher,1.4756,0.8957,-1.072,1.7347,1.0259,0.5188,1.0259,4.2959,-0.0016,0.5188,-0.0016,3.242
truelove,3.3451,3.2677,0.6513,2.1765,0.6632,0.6288,0.6632,2.0546,0.1426,0.6288,0.1426,5.8373
auctioneer,0.7825,1.0455,3.0364,1.192,0.3606,0.2758,0.3606,1.7744,0.554,0.2758,0.554,1.9279
gas station attendant,0.724,-1.0695,-0.4109,1.2113,-0.0831,1.0435,-0.0831,1.425,0.3223,1.0435,0.3223,2.7245
onlooker,-0.0724,-0.8197,-1.2102,1.322,1.0596,0.3588,1.0596,2.8712,0.6096,0.3588,0.6096,2.4657
parent,2.5571,3.1215,0.9142,2.6653,1.1067,0.8221,1.1067,1.2519,0.5896,0.8221,0.5896,3.2581
bookie,-0.4862,0.99,-0.1624,2.5863,0.1601,-0.4691,0.1601,2.9075,0.4507,-0.4691,0.4507,3.6163
has-been,-0.9291,-1.9796,-0.7283,1.647,0.6635,-0.3745,0.6635,1.7857,0.4057,-0.3745,0.4057,2.7669
safecracker,-1.276,0.84,-0.2189,2.4136,0.5012,0.6356,0.5012,3.7437,2.1725,0.6356,2.1725,5.721
captive,-1.1355,-2.6611,-0.8698,2.8011,-0.2032,-0.6164,-0.2032,3.618,1.3374,-0.6164,1.3374,5.0908
newcomer,0.7894,-1.0116,-0.8727,1.1391,0.138,0.0538,0.138,2.1571,1.0029,0.0538,1.0029,1.6223
oddball,0.2185,-0.4837,-0.0244,2.5234,1.7886,1.7186,1.7886,2.949,1.7173,1.7186,1.7173,4.0566
cutthroat,-2.046,1.3985,0.9317,2.0362,0.2418,0.6626,0.2418,4.4247,1.0456,0.6626,1.0456,4.2465
bully,-3.3178,0.7393,1.9869,1.4706,0.5185,-0.184,0.5185,8.0401,0.0293,-0.184,0.0293,2.9732
brother,1.8513,1.7091,1.56,2.0844,1.2807,0.9281,1.2807,2.1723,1.3569,0.9281,1.3569,2.2332
Austrian,0.6527,0.2611,0.4358,1.1016,0.3041,0.2342,0.3041,1.0348,0.0953,0.2342,0.0953,0.6676
sister,1.9044,1.2455,1.3749,2.6054,0.5102,0.5115,0.5102,2.9083,0.227,0.5115,0.227,2.6175
nobody,-0.5444,-2.7826,-2.3124,1.9961,0.4472,0.2756,0.4472,1.8875,1.4775,0.2756,1.4775,2.4339
trainee,0.8527,-1.4091,-0.5357,1.2365,0.6094,0.6029,0.6094,2.1712,1.4052,0.6029,1.4052,2.6466
policewoman,1.1551,1.8607,1.512,2.6207,0.959,-0.0768,0.959,2.1491,0.1242,-0.0768,0.1242,1.3595
guest,1.4321,0.1914,0.2259,1.1372,0.5559,-0.0575,0.5559,2.0718,0.2819,-0.0575,0.2819,1.4645
sophisticate,1.688,2.0724,0.188,2.0815,0.7608,-0.2606,0.7608,1.5875,0.0235,-0.2606,0.0235,3.3384
security guard,1.2924,1.3504,-0.1155,1.9305,1.2136,0.4235,1.2136,2.8526,0.3305,0.4235,0.3305,2.6104
ex-girlfriend,-1.0704,0.2186,0.7104,1.4175,-0.107,-0.055,-0.107,2.7231,0.5053,-0.055,0.5053,2.6102
truck driver,0.4498,0.2484,0.2067,1.403,0.1823,0.1203,0.1823,2.6296,1.065,0.1203,1.065,3.4704
daughter,1.6903,0.9221,1.2559,3.3109,1.0792,0.2311,1.0792,3.5336,0.0243,0.2311,0.0243,2.0868
gambler,-1.1317,-1.0793,1.6097,1.4118,0.4541,-0.0241,0.4541,3.6188,-1.1686,-0.0241,-1.1686,2.2133
grandfather,2.7496,1.6424,-0.869,1.5623,0.6594,0.3454,0.6594,2.765,1.2856,0.3454,1.2856,3.9555
chemical engineer,1.6886,1.861,-0.4283,1.9701,1.0474,-0.2346,1.0474,1.7154,-0.411,-0.2346,-0.411,2.6773
sports fan,1.0772,-0.0176,3.1248,1.9865,0.9499,0.4445,0.9499,3.6755,0.1385,0.4445,0.1385,1.0972
cement worker,0.7441,0.0804,0.8259,1.5049,0.4138,0.6411,0.4138,3.0095,1.2732,0.6411,1.2732,2.8635
rival,-0.919,1.5231,1.449,2.2671,0.1921,0.0345,0.1921,1.7478,1.2137,0.0345,1.2137,1.7356
slave driver,-3.4193,1.9051,1.8946,1.7212,-1.3991,-0.9819,-1.3991,6.615,2.8295,-0.9819,2.8295,4.6776
broad,-0.2898,-0.3462,0.9827,2.6317,1.3526,-0.3723,1.3526,2.9855,-0.1302,-0.3723,-0.1302,2.8895
referee,0.5455,2.0035,1.4128,2.2052,-0.0357,0.3404,-0.0357,2.0552,0.2606,0.3404,0.2606,2.4901
customer systems analyst,0.9015,0.2952,-0.6289,1.9718,1.2868,0.2889,1.2868,2.9129,1.1789,0.2889,1.1789,3.3805
brat,-2.8876,-0.0824,2.6586,1.1408,0.0655,-0.7433,0.0655,4.5978,0.3404,-0.7433,0.3404,2.1138
board director,1.04,2.6783,1.1828,1.8707,0.3113,-0.3185,0.3113,1.4013,0.8149,-0.3185,0.8149,2.8235
loser,-1.8521,-2.4986,-1.4431,1.464,0.9645,0.5254,0.9645,1.8602,0.6096,0.5254,0.6096,3.8223
researcher,1.8304,1.669,-0.6238,1.5353,0.7937,0.1989,0.7937,2.0661,0.3442,0.1989,0.3442,3.2027
gentleman,3.17,2.1686,-0.1993,1.196,0.3862,0.0805,0.3862,1.7305,0.1958,0.0805,0.1958,3.3815
logger,0.7725,1.0721,0.657,1.439,0.5731,-0.0716,0.5731,3.1577,0.3373,-0.0716,0.3373,1.9854
scapegoat,-1.3843,-1.565,-1.0693,2.9453,1.5112,0.9977,1.5112,5.9534,2.8601,0.9977,2.8601,4.0041
library assistant,1.5628,-0.4534,-1.998,2.1832,0.8312,-0.3142,0.8312,2.9818,0.3441,-0.3142,0.3441,1.6139
hippie,0.6523,-0.7821,-0.3881,2.1644,1.0272,0.2179,1.0272,3.1801,0.857,0.2179,0.857,4.0182
job seeker,1.4307,-0.4893,0.4696,2.6027,1.42,1.4378,1.42,3.3141,1.5676,1.4378,1.5676,3.2394
fisherman,1.4055,0.2417,-0.8672,1.6051,0.91,-0.3281,0.91,3.531,0.3977,-0.3281,0.3977,3.7602
taxi driver,0.7555,-0.4986,1.7038,1.4042,0.5764,0.0439,0.5764,2.8703,-0.2439,0.0439,-0.2439,2.294
hostess,1.8141,0.0548,0.9845,1.4742,0.5456,0.1049,0.5456,3.3104,0.3163,0.1049,0.3163,1.5524
evildoer,-3.4635,1.88,0.8895,0.7367,-0.3774,-0.4171,-0.3774,3.6862,0.0679,-0.4171,0.0679,4.6215
broadcast news analyst,0.6145,1.3172,1.4665,1.2521,0.327,0.0331,0.327,2.0612,0.6942,0.0331,0.6942,2.3472
chairperson,1.0269,2.5214,0.8279,1.5224,0.4522,0.5368,0.4522,1.2171,0.3615,0.5368,0.3615,2.1979
state trooper,0.1996,2.3507,0.9624,3.3448,0.1453,-0.031,0.1453,1.7657,0.7746,-0.031,0.7746,2.6277
roofer,0.7952,0.1667,0.8141,2.1822,1.0928,1.4298,1.0928,2.445,1.1185,1.4298,1.1185,2.9609
prostitute,-1.4418,-1.2669,0.9865,2.9662,0.6047,0.2179,0.6047,5.7525,-0.4656,0.2179,-0.4656,4.1622
stepdaughter,0.8314,0.0597,0.4661,1.2674,-0.1049,0.2216,-0.1049,1.868,0.2173,0.2216,0.2173,1.6633
Marine Corps reservist,1.6504,1.6815,0.5363,2.4115,1.4843,-0.5583,1.4843,2.4383,0.1545,-0.5583,0.1545,2.9587
foster child,1.2207,-0.5935,-0.076,1.9515,0.964,0.3987,0.964,3.1878,0.5764,0.3987,0.5764,1.6563
fiance,2.5017,2.0967,1.5383,2.1797,0.5119,1.4723,0.5119,0.8452,0.433,1.4723,0.433,2.157
vandal,-2.1996,-0.2493,0.6529,0.9637,0.1904,-0.0398,0.1904,2.9129,0.0932,-0.0398,0.0932,3.0457
immigration officer,0.0603,1.6818,0.8618,2.2267,-0.3566,0.4555,-0.3566,2.1635,0.633,0.4555,0.633,2.696
dimwit,-1.5118,-2.1196,-1.2357,1.8304,0.9528,0.6924,0.9528,1.4668,0.6611,0.6924,0.6611,3.9864
assistant,1.5847,-0.2618,0.1207,1.1891,0.0361,0.1155,0.0361,2.2527,-0.0191,0.1155,-0.0191,2.5331
grandparent,2.7261,1.8118,-1.2189,1.867,1.3053,-0.3028,1.3053,2.4449,-0.188,-0.3028,-0.188,2.2053
whore,-1.848,-1.532,1.3,1.824,1.0686,-0.2775,1.0686,3.9192,0.1451,-0.2775,0.1451,3.261
artist,1.6704,0.7557,-0.3829,1.3671,0.8157,0.161,0.8157,3.0713,1.1626,0.161,1.1626,3.3082
shoplifter,-2.5111,-0.7178,-0.3718,1.5957,-0.0388,0.4078,-0.0388,3.5449,0.9378,0.4078,0.9378,5.4958
sibling,2.2607,1.4346,1.5282,1.4698,0.6653,1.0383,0.6653,2.4516,0.8923,1.0383,0.8923,2.0346
communist,-1.407,0.5767,0.4244,2.7168,-0.3264,-0.4625,-0.3264,4.2783,2.0745,-0.4625,2.0745,3.7717
virgin,1.7415,1.076,-0.8375,2.3457,1.4312,-0.9794,1.4312,3.3454,-0.2121,-0.9794,-0.2121,1.9183
subordinate,0.157,-1.4838,-0.8792,1.7726,-0.3054,-0.0214,-0.3054,2.0668,0.9336,-0.0214,0.9336,2.2358
tutor,2.3996,1.6514,-0.3282,0.6845,0.152,-0.1642,0.152,1.1485,0.2933,-0.1642,0.2933,2.6897
bandit,-2.1989,0.9153,1.312,1.0112,-0.6928,-0.3304,-0.6928,2.1714,0.8713,-0.3304,0.8713,3.4197
battered woman,-2.1989,-1.9907,-1.6882,2.5609,0.6188,0.5426,0.6188,3.728,1.3112,0.5426,1.3112,2.8145
intellectual,2.0847,2.5232,0.1086,1.7431,0.8153,0.8854,0.8153,1.4672,0.6568,0.8854,0.6568,4.1818
disciplinarian,0.1096,2.2141,0.9933,2.4119,-0.2035,-0.1027,-0.2035,1.473,0.2942,-0.1027,0.2942,1.9598
mother,3.1025,2.7079,0.8207,1.5755,0.7708,0.1572,0.7708,2.1057,-0.0124,0.1572,-0.0124,4.0501
electrical engineer,1.7896,1.6618,0.3035,1.1953,0.6331,0.3201,0.6331,0.9376,0.4935,0.3201,0.4935,2.672
abortionist,-1.0811,1.1582,-0.1255,4.5003,0.9776,0.5416,0.9776,5.0533,1.1564,0.5416,1.1564,3.6528
preacher,1.5732,2.2229,0.8654,3.8106,1.038,-0.7593,1.038,1.5066,0.5014,-0.7593,0.5014,3.4718
black professional,1.5557,1.4339,0.7289,2.0574,1.8166,1.0742,1.8166,2.2583,1.0343,1.0742,1.0343,2.4253
adopted son,1.7214,0.3454,0.2586,1.7644,0.8392,0.2184,0.8392,2.1846,0.4341,0.2184,0.4341,1.8955
defendant,0.1547,-0.4668,-0.0971,1.3062,1.3345,0.2924,1.3345,3.0278,1.2275,0.2924,1.2275,2.6587
choreographer,1.3132,1.1318,2.1203,1.2442,0.5507,0.4009,0.5507,1.6938,0.8007,0.4009,0.8007,2.3706
retailer,0.5114,0.8397,1.1239,1.6147,0.0358,-0.1657,0.0358,1.4368,0.2046,-0.1657,0.2046,1.7586
policeman,0.9611,2.3425,1.3804,2.4218,0.5722,0.7304,0.5722,1.1088,0.321,0.7304,0.321,1.9961
granddaughter,2.0364,0.2664,1.1861,1.9821,0.77,0.6723,0.77,3.1127,0.9106,0.6723,0.9106,2.195
bachelor,0.685,0.7414,1.4086,0.9228,0.2774,0.3116,0.2774,1.406,0.1914,0.3116,0.1914,1.5306
grandson,2.1061,0.3718,1.6511,2.0913,0.7901,1.1382,0.7901,2.9347,0.2155,1.1382,0.2155,2.2249
mourner,-0.2279,-1.7211,-1.6236,2.1585,0.9848,0.1858,0.9848,2.6625,1.192,0.1858,1.192,3.175
dope,-1.3412,-1.4252,-1.1244,2.2508,0.2238,0.8719,0.2238,3.172,1.3921,0.8719,1.3921,3.7452
geologist,1.3039,0.3293,-1.1311,1.4739,0.8808,-0.195,0.8808,1.8639,0.6239,-0.195,0.6239,2.0455
bookkeeper,1.3564,-0.2768,-1.7096,1.2676,-0.0962,-0.4446,-0.0962,1.7374,0.4292,-0.4446,0.4292,1.755
advertising copy writer,0.5756,0.342,0.7433,0.998,0.5449,0.3995,0.5449,2.3567,0.7217,0.3995,0.7217,1.927
statistician,1.0333,0.4815,-0.753,1.046,0.331,0.0931,0.331,2.8629,1.031,0.0931,1.031,2.8122
hillbilly,-0.6846,-1.3443,0.3164,2.1413,1.1622,-0.0265,1.1622,2.5658,0.8538,-0.0265,0.8538,5.4069
Imam,0.3947,1.4042,-0.019,2.1263,0.8947,-0.7899,0.8947,2.5548,0.0943,-0.7899,0.0943,1.5914
adulteress,-2.3828,0.3318,0.9255,2.2834,-0.1655,-0.2843,-0.1655,2.9586,0.4064,-0.2843,0.4064,2.7559
fool,-1.5168,-1.7761,0.6961,1.8614,0.4263,-0.4481,0.4263,1.8743,0.5565,-0.4481,0.5565,3.9067
patrolman,1.0282,1.1964,0.3689,1.7932,0.7387,0.5717,0.7387,2.3067,0.5535,0.5717,0.5535,2.1846
professional,1.7272,2.3175,0.2271,1.9653,0.653,0.916,0.653,0.8197,0.4945,0.916,0.4945,2.0954
villain,-3.1496,1.9593,1.3811,1.2967,-0.4694,-0.0123,-0.4694,3.2812,0.4224,-0.0123,0.4224,3.6128
spy,0.1407,1.855,-1.1071,1.912,0.2659,-0.6833,0.2659,1.7701,0.0531,-0.6833,0.0531,6.0507
rancher,0.9116,0.3345,-0.1375,1.0383,0.5516,0.3646,0.5516,1.9459,0.6068,0.3646,0.6068,3.1576
con artist,-2.5154,1.4186,0.8607,2.0736,-0.1924,-0.4813,-0.1924,3.4168,-0.2287,-0.4813,-0.2287,4.7939
teenager,0.1975,-0.6579,2.0079,1.7289,0.367,0.0594,0.367,2.2901,-0.6271,0.0594,-0.6271,1.6022
Navy reservist,1.9,1.4448,0.4728,1.0144,0.708,0.4544,0.708,1.7953,0.7541,0.4544,0.7541,2.5022
rapist,-3.9507,1.6885,1.2011,1.4768,-0.2411,0.2211,-0.2411,7.3582,0.0363,0.2211,0.0363,5.215
railroad engineer,1.0386,0.9964,0.9354,1.674,0.8378,0.3996,0.8378,2.0859,0.8696,0.3996,0.8696,2.3855
systems engineer,1.3627,1.2747,-0.0634,1.34,0.9777,0.0014,0.9777,1.8217,0.4161,0.0014,0.4161,2.1489
applicant,1.1311,-0.7818,0.0789,1.3113,0.0728,0.2508,0.0728,2.4136,0.4054,0.2508,0.4054,1.1621
interrogator,-0.2114,2.2757,1.3239,1.5624,0.2948,-0.5896,0.2948,1.368,0.1773,-0.5896,0.1773,2.1646
divorcee,-1.1064,0.0261,0.1729,2.7465,-0.1122,0.139,-0.1122,3.4969,0.9037,0.139,0.9037,1.8558
niece,1.9146,-0.4271,0.7693,1.712,0.2242,0.68,0.2242,2.4974,-0.0174,0.68,-0.0174,2.2941
housewife,1.6705,0.0484,-0.0342,1.4496,1.0117,0.6397,1.0117,3.8693,1.691,0.6397,1.691,2.5252
shrimp,0.9779,-2.4372,-1.1664,2.6182,-0.3422,-0.7427,-0.3422,1.5899,0.3731,-0.7427,0.3731,3.3973
woman,1.6704,1.0264,0.5782,1.941,0.7516,0.2484,0.7516,2.5119,0.042,0.2484,0.042,1.9397
born-again Christian,1.4468,0.9702,0.7762,3.6672,2.9259,0.4726,2.9259,3.6134,0.8636,0.4726,0.8636,3.0509
man,1.1857,1.7496,0.6754,1.5277,0.4926,0.2871,0.4926,1.4325,0.8282,0.2871,0.8282,1.5325
divorce lawyer,-0.4464,1.9368,1.0425,2.2151,-0.4122,-0.5099,-0.4122,1.3217,0.8135,-0.5099,0.8135,2.9768
immigrant,0.7,-0.7825,-0.0532,1.8901,0.6034,-0.0808,0.6034,2.1695,0.5207,-0.0808,0.5207,1.4427
ringleader,0.2731,2.7087,1.7538,2.0018,0.1088,0.3784,0.1088,1.0607,0.1153,0.3784,0.1153,2.7608
dentist,1.544,1.3251,0.156,2.1154,1.4016,0.68,1.4016,1.6814,0.8076,0.68,0.8076,2.7844
traveler,1.7346,0.6436,0.8336,1.6274,0.792,0.192,0.792,2.2269,0.6285,0.192,0.6285,2.7587
astrologer,0.8833,0.2885,-0.4485,1.9945,0.4539,-0.4816,0.4539,1.7984,0.7864,-0.4816,0.7864,1.814
German,0.5643,0.7964,0.7269,1.5272,0.3056,0.0219,0.3056,1.087,0.3736,0.0219,0.3736,1.8012
Asian man,0.8254,0.2472,-0.3661,1.5137,0.3371,0.3868,0.3371,1.219,0.3392,0.3868,0.3392,1.8955
culprit,-2.1491,-0.1556,0.7542,1.4082,0.1792,-0.3703,0.1792,3.2769,0.553,-0.3703,0.553,2.8728
playboy,-0.9228,0.4504,2.0476,2.962,1.5653,0.0052,1.5653,3.9226,0.3556,0.0052,0.3556,1.4645
buffoon,-1.6187,-1.3136,0.7166,2.6385,0.5914,0.0345,0.5914,3.0321,-0.1238,0.0345,-0.1238,5.2515
myself as i would like to be,3.1596,2.4294,0.8883,1.3371,0.747,0.2982,0.747,1.7411,0.6734,0.2982,0.6734,2.4473
maid,1.5423,-1.0325,-0.7747,1.0886,0.0091,0.297,0.0091,1.4184,0.742,0.297,0.742,2.3227
firefighter,3.2389,2.9585,2.277,0.785,0.4743,0.4048,0.4743,1.2036,0.7197,0.4048,0.7197,1.6317
spook,-1.1596,0.2804,1.0182,1.7395,-0.3161,0.3823,-0.3161,3.2637,0.3603,0.3823,0.3603,3.4709
backstabber,-3.6864,0.9328,-0.0132,0.5116,-0.272,0.0204,-0.272,6.294,0.3885,0.0204,0.3885,5.8734
conformist,-1.065,-2.0054,-0.9054,2.6414,1.5799,0.5598,1.5799,2.6167,1.075,0.5598,1.075,3.6981
neurotic,-1.1614,-0.4553,1.4433,1.758,0.5277,-0.2425,0.5277,3.0319,0.1633,-0.2425,0.1633,1.8033
hairdresser,1.5736,-0.0174,1.1147,0.7982,0.2223,0.2053,0.2223,2.3343,0.0701,0.2053,0.0701,1.8368
chatterbox,-0.4189,0.265,2.9581,2.4026,0.6487,-0.24,0.6487,1.61,0.3418,-0.24,0.3418,1.3075
clown,-0.1762,-1.1547,2.0272,2.8799,1.1851,0.598,1.1851,2.1263,0.1908,0.598,0.1908,3.1451
loafer,-0.9576,-1.3434,-1.7,1.5218,0.6353,1.0593,0.6353,1.8062,1.2316,1.0593,1.2316,2.2014
brunette,1.346,0.7611,0.417,2.4236,1.0884,0.5337,1.0884,1.8934,0.7627,0.5337,0.7627,1.3754
dropout,-1.9785,-2.2989,-1.0094,1.795,1.0629,0.749,1.0629,2.0164,1.1282,0.749,1.1282,2.7287
pharmacist,2.0834,1.3521,-0.2585,1.6537,0.753,0.6029,0.753,2.6635,0.92,0.6029,0.92,2.5722
chain-smoker,-2.4019,-1.6958,-0.6488,2.3401,0.6276,0.9395,0.6276,2.2473,0.46,0.9395,0.46,4.4427
ex-convict,-1.1257,-0.9698,0.3351,1.6661,0.5025,-0.2915,0.5025,3.3139,0.9168,-0.2915,0.9168,2.0603
spouse,2.9192,1.9687,0.4593,1.2284,0.6081,0.159,0.6081,1.4883,0.2157,0.159,0.2157,1.9255
farmer,2.1641,0.4208,-0.5098,1.131,0.0181,0.1275,0.0181,2.3431,0.673,0.1275,0.673,2.5746
pawnbroker,-0.3404,0.4698,0.964,1.1688,0.1775,-0.4025,0.1775,1.3866,0.1681,-0.4025,0.1681,1.5296
shrew,-1.1583,-1.3656,-0.0395,2.3527,0.644,0.2282,0.644,2.8039,1.4846,0.2282,1.4846,4.2719
daughter in law,1.3325,0.2426,0.1343,1.6536,0.2856,-0.2168,0.2856,1.242,-0.1539,-0.2168,-0.1539,1.1578
mastermind,0.723,2.8683,0.7906,2.5083,0.5416,0.7601,0.5416,2.3342,0.5155,0.7601,0.5155,4.4928
novice,-0.1868,-1.5582,-0.8332,1.4324,0.9446,0.0257,0.9446,1.9388,0.324,0.0257,0.324,2.1112
breadwinner,2.1943,2.2788,0.8992,2.0644,1.3694,0.2617,1.3694,2.0426,0.4863,0.2617,0.4863,1.7301
missionary,2.2332,1.3932,0.1264,2.4787,1.9156,-0.2535,1.9156,3.2494,0.3583,-0.2535,0.3583,3.0049
mail carrier,2.0325,-0.0796,-0.1921,1.3176,0.1078,0.1001,0.1078,2.3033,0.9613,0.1001,0.9613,2.8685
hero,3.6807,3.4826,1.4573,0.6258,0.2777,0.0747,0.2777,0.8117,0.0154,0.0747,0.0154,3.2794
brother-in-law,1.0668,0.257,0.4362,1.1641,0.3376,0.3634,0.3376,0.7372,0.149,0.3634,0.149,0.9043
little sister,1.9566,-0.4694,1.5743,1.637,0.8245,0.0951,0.8245,3.2596,-0.0019,0.0951,-0.0019,2.0625
lawyer,0.883,2.6457,1.7788,1.7782,0.2501,0.1172,0.2501,1.7086,0.0861,0.1172,0.0861,2.2446
child,1.9721,-1.1668,1.9887,1.5398,0.0046,-0.2536,0.0046,2.2291,-0.7024,-0.2536,-0.7024,2.6669
cop,0.9649,2.6581,1.0453,3.0276,0.7881,0.3641,0.7881,1.2178,0.3249,0.3641,0.3249,3.5265
blockhead,-1.6259,-1.2644,-0.839,1.5699,0.995,0.2533,0.995,2.8694,1.5253,0.2533,1.5253,3.4398
brute,-2.0298,1.7921,1.5098,2.2264,-0.6095,-0.4184,-0.6095,2.2462,1.175,-0.4184,1.175,3.8559
unwanted child,-1.9084,-1.914,-0.6248,2.7243,0.5856,-0.2102,0.5856,4.2397,1.5082,-0.2102,1.5082,4.6014
extrovert,1.2898,1.62,2.6412,1.8015,0.9066,0.8488,0.9066,1.7119,0.9237,0.8488,0.9237,2.0154
conservative,0.4773,0.5465,-0.2465,3.0442,1.2433,0.5386,1.2433,2.1642,1.174,0.5386,1.174,3.0961
sidekick,1.6747,-0.0223,0.3143,1.5974,0.6078,0.6079,0.6078,3.0239,1.4239,0.6079,1.4239,2.4699
prude,-1.2162,-0.5275,-0.603,3.3311,1.69,-1.4723,1.69,3.4982,-0.4022,-1.4723,-0.4022,4.9196
in-law,0.4353,0.9567,1.1916,2.7123,0.5334,-0.6147,0.5334,2.5179,0.1422,-0.6147,0.1422,1.8752
smart-aleck,-1.2337,-0.1758,2.2245,2.362,0.9503,-0.5076,0.9503,2.4368,-0.3928,-0.5076,-0.3928,1.2249
bill collector,-1.1514,1.6214,0.8307,1.9708,-0.2093,-0.4856,-0.2093,1.6253,0.6673,-0.4856,0.6673,3.0404
athlete,1.7993,2.5474,2.4235,1.8633,0.8603,0.3502,0.8603,1.1176,0.5336,0.3502,0.5336,2.076
little brother,1.7682,-0.4279,1.9675,2.6304,0.4003,0.0776,0.4003,3.9591,0.1531,0.0776,0.1531,2.786
adolescent,0.673,-0.8624,2.1225,2.4891,0.7338,-0.3596,0.7338,3.0095,-0.3111,-0.3596,-0.3111,1.5126
client,1.3975,1.3032,0.9282,1.5519,1.0339,0.3191,1.0339,2.5137,0.4231,0.3191,0.4231,2.0128
bum,-1.8796,-2.5106,-1.5793,2.3777,0.6658,0.7543,0.6658,2.3236,1.5824,0.7543,1.5824,4.3301
grandchild,2.4829,-0.5475,2.2182,1.5604,0.4115,0.7934,0.4115,4.6833,-0.3189,0.7934,-0.3189,1.723
chap,1.1243,0.0752,0.4478,1.4319,0.29,0.4079,0.29,1.5475,0.065,0.4079,0.065,1.959
crane operator,0.9033,1.2956,0.0516,1.157,0.1287,-0.1692,0.1287,1.8721,0.5784,-0.1692,0.5784,2.5872
machine repairer,1.4032,1.0972,0.6723,1.2975,0.5578,0.1464,0.5578,1.306,0.1784,0.1464,0.1784,2.5933
doctor,2.7207,2.953,0.2312,1.6237,0.8382,0.6504,0.8382,1.4233,0.3568,0.6504,0.3568,5.0821
construction laborer,1.2047,0.69,1.5857,1.0894,0.593,0.3619,0.593,2.3788,0.0419,0.3619,0.0419,1.3342
superior,0.6951,2.6656,1.0954,1.916,0.6868,0.4491,0.6868,1.4466,0.0972,0.4491,0.0972,2.3751
photographer,1.5688,1.0474,-0.7365,1.5266,0.527,-0.7769,0.527,2.0483,-0.519,-0.7769,-0.519,4.1099
freeloader,-2.3218,-1.9879,-0.5439,1.9449,0.2726,0.2691,0.2726,2.0751,0.3588,0.2691,0.3588,4.4463
drug dealer,-2.2723,1.5719,-0.7179,1.9395,0.0182,0.4254,0.0182,2.3818,0.2421,0.4254,0.2421,5.5894
blogger,0.4228,0.4102,1.0162,1.5195,0.7665,0.0854,0.7665,3.2228,1.3149,0.0854,1.3149,4.0001
dummy,-1.4075,-2.2486,-1.5332,2.4355,0.8868,0.1607,0.8868,2.1239,0.1893,0.1607,0.1893,3.6915
private eye,0.4039,1.473,-1.347,2.0962,1.1563,0.5322,1.1563,2.2899,0.2905,0.5322,0.2905,3.1321
telephone installer,0.9639,-0.2063,-0.1056,1.5995,0.4496,0.1574,0.4496,1.5278,0.8267,0.1574,0.8267,1.8562
evangelist,0.8653,1.2071,1.1867,3.2347,0.663,-1.1136,0.663,2.5791,0.2173,-1.1136,0.2173,3.7522
pothead,-0.7918,-1.5271,-1.7807,3.3006,1.1153,-0.0669,1.1153,2.8641,0.722,-0.0669,0.722,4.5049
braggart,-1.7297,-0.754,1.8751,1.7841,0.7119,-1.7532,0.7119,2.2203,-0.8409,-1.7532,-0.8409,2.9019
counselor,2.5937,1.613,-0.8642,1.3798,1.0469,-0.0126,1.0469,2.5382,-0.0481,-0.0126,-0.0481,3.636
manager of branch store,1.1989,1.3875,1.2129,2.0183,0.4944,0.1993,0.4944,2.1905,0.0607,0.1993,0.0607,2.0659
landlord,0.1256,2.086,0.62,2.5804,0.4208,-0.1369,0.4208,1.1285,0.1136,-0.1369,0.1136,2.8094
felon,-2.6807,-0.2575,0.8793,1.4183,0.001,0.1201,0.001,4.2789,1.0429,0.1201,1.0429,2.9659
coal miner,0.7782,0.0054,0.4714,1.8904,0.4388,1.0839,0.4388,3.072,0.4168,1.0839,0.4168,3.1888
quack,-1.2344,-1.1732,1.3144,2.0388,-0.3156,-0.502,-0.3156,1.7869,0.0036,-0.502,0.0036,2.9395
bigamist,-1.9074,-0.0626,0.9716,2.4083,0.3649,-1.0741,0.3649,3.1716,-0.1795,-1.0741,-0.1795,2.6757
marine,2.5711,2.8272,1.0971,1.8475,1.0613,0.4515,1.0613,1.8955,0.1694,0.4515,0.1694,4.2932
lobbyist,-0.0287,1.5513,1.6862,2.4681,-0.4453,-0.5922,-0.4453,2.3235,0.9407,-0.5922,0.9407,3.1226
wife,2.6932,2.2857,1.1207,1.5629,0.8406,0.1733,0.8406,2.2611,0.2638,0.1733,0.2638,3.2122
myself as others see me,2.2353,1.1668,0.4171,1.4048,0.3593,0.4492,0.3593,1.3853,0.5684,0.4492,0.5684,3.5681
geek,1.501,0.5614,-1.0888,1.9464,1.4248,-0.1911,1.4248,4.4769,0.8643,-0.1911,0.8643,2.9042
building contractor,1.1128,1.4098,0.9754,1.3103,0.7915,0.4545,0.7915,1.1732,0.391,0.4545,0.391,2.1125
beginner,0.3017,-1.4153,-0.8683,1.867,0.5391,-0.3707,0.5391,2.1402,0.4588,-0.3707,0.4588,2.3714
dental assistant,1.3078,-0.0908,0.0159,2.3954,0.4184,-0.0058,0.4184,1.5585,0.238,-0.0058,0.238,2.4675
Protestant,1.0532,0.601,0.4796,1.8722,0.9943,0.134,0.9943,1.8416,0.5228,0.134,0.5228,1.6821
visitor,1.228,-0.1043,0.0137,1.5738,0.6652,0.4659,0.6652,1.8859,0.4665,0.4659,0.4665,1.153
person,0.9525,0.841,0.3751,1.8452,-0.0035,-0.1658,-0.0035,2.2394,0.983,-0.1658,0.983,1.495
tease,-1.5193,0.559,0.758,1.6348,0.8101,-0.5041,0.8101,2.5586,-0.2654,-0.5041,-0.2654,2.5515
feminist,0.7026,0.9351,1.7082,2.385,0.8705,-0.6345,0.8705,1.9361,-0.2133,-0.6345,-0.2133,1.9195
redneck,-0.8849,-0.3751,1.8869,3.1747,1.1786,-0.0767,1.1786,2.61,0.6197,-0.0767,0.6197,3.4597
stenographer,0.5846,-0.1692,-0.2177,0.7711,0.0739,-0.1169,0.0739,0.9718,0.4438,-0.1169,0.4438,1.9764
skilled worker,2.46,2.1443,0.6754,1.6232,0.715,0.4504,0.715,1.7347,0.4802,0.4504,0.4802,3.561
speech-language pathologist,1.7894,1.1396,-0.3257,1.7994,1.553,-0.72,1.553,2.3975,-0.5623,-0.72,-0.5623,2.2683
alcoholic,-2.4426,-1.801,1.3007,1.8113,0.8987,-0.2976,0.8987,3.7177,0.0863,-0.2976,0.0863,4.6144
maverick,0.7367,1.2457,1.4548,2.4243,1.5242,1.0238,1.5242,2.1771,1.111,1.0238,1.111,1.9995
acquaintance,1.1237,-0.0543,-0.2173,1.309,0.476,0.1981,0.476,1.595,0.4198,0.1981,0.4198,1.473
mafioso,-0.8745,1.3242,0.2903,1.9895,-1.3455,-0.5411,-1.3455,1.8243,0.4377,-0.5411,0.4377,1.7016
unwed mother,-0.0367,0.3287,0.393,1.6247,1.0788,0.4621,1.0788,3.25,0.6166,0.4621,0.6166,1.1693
punk,-1.3846,-1.0849,1.2049,1.9257,1.2271,0.0181,1.2271,2.6367,0.2635,0.0181,0.2635,3.0273
follower,-0.0764,-1.2495,-1.0505,2.3572,0.8306,0.0336,0.8306,2.3921,0.5248,0.0336,0.5248,1.5332
temporary worker,0.438,-1.3927,-0.3377,1.4246,0.3972,0.5234,0.3972,1.4715,0.4847,0.5234,0.4847,1.5621
minority,1.0099,-0.7332,0.1492,2.0128,0.625,-0.7037,0.625,3.0458,0.1832,-0.7037,0.1832,2.1508
do-nothing,-1.9627,-2.588,-2.2747,1.6271,0.8863,0.4383,0.8863,2.1991,1.4248,0.4383,1.4248,2.462
attorney general,0.8977,2.688,0.9807,1.8978,0.1753,-0.1697,0.1753,1.258,0.0626,-0.1697,0.0626,2.0639
lesbian,0.5695,0.1264,0.4617,2.6024,0.8586,-0.1869,0.8586,1.4699,0.3891,-0.1869,0.3891,1.2049
aunt,2.0437,0.6784,0.678,1.8967,0.9459,0.1038,0.9459,1.8408,0.4261,0.1038,0.4261,2.2806
Turk,0.29,0.1156,0.0608,0.765,-0.0369,0.2363,-0.0369,0.6773,0.207,0.2363,0.207,0.3686
church deacon,1.4424,1.4288,-0.1281,2.7454,1.1505,0.5095,1.1505,2.2105,1.0998,0.5095,1.0998,3.2281
connoisseur,1.3547,0.9669,-0.042,1.4922,0.4307,-0.1868,0.4307,1.6341,0.4826,-0.1868,0.4826,1.5465
pusher,-1.3233,1.3084,1.4063,2.1189,0.0026,-0.3711,0.0026,2.1453,0.4076,-0.3711,0.4076,2.1685
inspector,0.5495,1.5793,-0.7069,1.9895,0.6964,-0.5668,0.6964,1.5039,-0.1949,-0.5668,-0.1949,2.6544
guy,0.8269,1.3544,1.1525,1.3231,1.0949,0.6269,1.0949,1.6157,0.9109,0.6269,0.9109,1.1652
Buddhist,1.3271,0.6648,-1.879,2.0759,1.1246,-0.3436,1.1246,2.0368,-0.1868,-0.3436,-0.1868,1.636
music director,1.5046,1.3315,1.379,1.2576,0.3153,0.0047,0.3153,1.5885,0.2981,0.0047,0.2981,1.5457
socialist,-0.2548,0.3635,0.5728,3.3248,1.2477,0.2496,1.2477,3.1265,1.0107,0.2496,1.0107,2.3675
grandmother,2.7307,0.8347,-1.0583,1.5978,0.8474,-0.3686,0.8474,3.7235,0.744,-0.3686,0.744,3.8018
anti-Semite,-2.8253,-0.4351,1.4893,2.8233,0.1462,-1.018,0.1462,4.6981,1.3139,-1.018,1.3139,2.6053
Christian,1.6239,1.5043,0.7341,3.3606,1.9502,-0.1754,1.9502,2.3878,0.1037,-0.1754,0.1037,2.229
clergy,0.9389,1.4157,-0.6407,2.3974,0.6176,0.057,0.6176,1.8707,0.5344,0.057,0.5344,2.4976
fanatic,-0.2908,0.5039,2.5446,2.7084,0.0054,-0.3071,0.0054,1.6529,0.424,-0.3071,0.424,1.4703
tourist,0.5141,-0.9096,1.3022,2.5841,0.7943,-0.2236,0.7943,2.5472,0.4483,-0.2236,0.4483,3.2198
friend,3.4415,2.5967,1.0956,0.7534,0.2177,0.2444,0.2177,2.5185,0.1683,0.2444,0.1683,2.5871
criminal,-2.6019,-0.2841,0.6048,2.0132,1.3053,0.0244,1.3053,5.1236,0.408,0.0244,0.408,3.6673
hipster,-0.0218,-0.5089,-0.3189,2.214,1.3172,0.0087,1.3172,2.4262,0.3765,0.0087,0.3765,2.6486
assassin,-2.6241,2.6778,-0.4185,4.0269,0.4736,0.0237,0.4736,1.7557,0.7693,0.0237,0.7693,9.668
craftsman,1.6933,0.9259,-0.1763,1.3884,0.0608,0.5369,0.0608,1.6715,0.6536,0.5369,0.6536,3.9866
film star,0.4119,1.78,1.7437,1.5244,0.296,0.1126,0.296,2.0403,0.4382,0.1126,0.4382,1.3073
railroad conductor,1.0785,1.1419,1.1126,1.3159,0.1905,0.2214,0.1905,0.9092,0.5347,0.2214,0.5347,2.0356
employee,1.1607,-0.4111,0.3056,1.1063,-0.0204,0.4511,-0.0204,1.934,-0.4308,0.4511,-0.4308,1.3311
mechanical engineer,1.6633,1.7115,-0.0445,1.1794,0.6437,-0.1386,0.6437,1.0761,-0.2043,-0.1386,-0.2043,2.8314
taxpayer,1.2293,-0.18,-0.057,2.7342,2.0287,-0.6193,2.0287,3.9525,-0.6011,-0.6193,-0.6011,2.0432
machine operator in a factory,0.9166,0.3272,1.1196,1.3431,1.1502,0.6664,1.1502,3.1846,1.3231,0.6664,1.3231,2.5086
stepparent,-0.1075,-0.0047,0.0118,2.2043,0.8981,-0.2408,0.8981,3.3631,-0.0679,-0.2408,-0.0679,1.2717
city councilor,0.5746,1.9493,0.8377,1.4641,-0.0009,-0.4756,-0.0009,1.3289,0.7847,-0.4756,0.7847,2.5421
Army officer,1.493,2.4441,1.7111,2.0762,0.5934,0.2039,0.5934,1.3765,0.9098,0.2039,0.9098,1.9948
soldier,2.1078,2.0178,1.547,2.6287,1.2269,0.6048,1.2269,2.3825,1.0824,0.6048,1.0824,2.5239
dolt,-1.0907,-1.46,-0.5187,0.9506,0.3938,0.426,0.3938,1.2306,-0.3947,0.426,-0.3947,2.721
dishwasher,1.7989,0.0985,1.4815,2.9954,1.4429,0.8321,1.4429,2.8246,0.5645,0.8321,0.5645,2.1483
businessman,0.7056,1.8392,1.2334,1.5295,0.4557,0.1288,0.4557,1.6691,0.0389,0.1288,0.0389,2.0971
patriot,1.8468,1.7128,1.6532,2.3405,0.9382,-0.09,0.9382,2.2928,0.0965,-0.09,0.0965,2.3314
slob,-2.49,-1.1693,-1.1504,1.1979,0.2585,0.1706,0.2585,4.3897,2.5363,0.1706,2.5363,5.0233
author,1.3774,1.827,-1.2052,1.2296,0.4814,-0.0161,0.4814,1.3996,-0.4366,-0.0161,-0.4366,1.8267
army chaplain,2.0619,1.4447,0.4795,2.0683,0.7463,0.2176,0.7463,2.8993,1.0283,0.2176,1.0283,3.1997
pest,-2.3933,-0.0411,1.5922,1.1847,0.0853,-0.5473,0.0853,4.0502,0.4476,-0.5473,0.4476,2.5173
accomplice,-0.1922,0.2552,0.0526,3.2426,0.7997,0.8396,0.7997,2.7525,-0.2526,0.8396,-0.2526,2.3305
killjoy,-2.2384,0.6882,-0.2992,1.612,-0.5575,0.612,-0.5575,2.9486,0.572,0.612,0.572,4.6394
infant,2.2526,-2.3267,1.0911,2.136,0.3809,-0.884,0.3809,3.7176,-0.0335,-0.884,-0.0335,4.7414
legislator,-0.0536,2.286,0.2875,2.2234,-0.4213,-0.3552,-0.4213,1.6027,0.6805,-0.3552,0.6805,3.5235
pickpocket,-2.9341,0.4359,0.22,1.342,0.1486,-0.4171,0.1486,3.7468,1.8704,-0.4171,1.8704,6.3933
politician,-0.8952,2.2889,1.493,2.065,0.1633,-0.3953,0.1633,2.3478,0.51,-0.3953,0.51,3.3897
medic,2.8262,2.6627,2.0096,1.7975,0.6925,1.002,0.6925,1.1099,0.6569,1.002,0.6569,2.5492
diner,1.4185,-0.2162,1.6508,1.6381,0.1029,0.0228,0.1029,1.7668,0.5538,0.0228,0.5538,2.5546
Hispanic man,0.5955,-0.197,0.4872,1.8512,0.6264,0.1407,0.6264,1.2144,-0.0679,0.1407,-0.0679,1.6061
ticket taker,0.3241,-0.6485,0.0689,1.1708,-0.0897,0.162,-0.0897,1.6055,1.004,0.162,1.004,3.5752
laid-off worker,-1.4204,-2.1356,-1.0522,1.9336,0.2805,0.5595,0.2805,1.3934,0.5469,0.5595,0.5469,2.7593
cashier,0.6215,-0.7659,0.4352,1.4008,0.4391,0.9991,0.4391,1.4498,0.7872,0.9991,0.7872,2.1187
bellhop,1.2212,-0.9544,0.9912,1.6842,0.3823,0.8242,0.3823,1.8527,0.0997,0.8242,0.0997,2.6146
divorce,-1.2333,1.7133,-0.0444,1.5616,-0.4274,0.3327,-0.4274,2.2956,-0.8412,0.3327,-0.8412,2.1632
clod,-1.176,-0.48,-0.3368,1.9185,0.7038,-1.1151,0.7038,2.0822,-0.2112,-1.1151,-0.2112,4.0961
terrorist,-3.7779,2.3466,1.3497,0.5262,0.0013,-0.0437,0.0013,3.4406,0.366,-0.0437,0.366,4.9301
juror,0.9669,2.4624,-1.2221,2.3027,0.2414,-0.0855,0.2414,1.8031,-0.1137,-0.0855,-0.1137,2.6338
computer programmer,1.5938,1.5421,-0.0297,1.3289,0.3321,0.2891,0.3321,2.1863,0.7142,0.2891,0.7142,2.6029
dunce,-1.6868,-2.1444,-0.9648,2.2921,0.917,0.2676,0.917,2.2246,0.2525,0.2676,0.2525,4.3754
elementary school teacher,2.7241,1.7207,0.9265,1.6367,0.0514,-0.1389,0.0514,4.6599,1.5665,-0.1389,1.5665,3.4622
bigot,-2.6867,-0.4831,1.4627,3.2251,0.3983,-0.3089,0.3983,4.7925,0.6768,-0.3089,0.6768,4.0476
Christian missionary,1.7703,1.6914,0.5735,5.1049,3.8581,-0.6016,3.8581,4.5468,-0.3454,-0.6016,-0.3454,3.6736
smoker,-1.7848,-1.1403,-0.5452,2.5423,1.094,1.1363,1.094,2.507,1.0083,1.1363,1.0083,3.343
convict,-2.179,-1.0249,0.3642,1.4252,0.3338,-0.0591,0.3338,3.0083,0.6118,-0.0591,0.6118,2.8534
secretary,1.6345,-0.2417,-0.2627,1.5296,0.1724,0.0177,0.1724,2.8831,0.6661,0.0177,0.6661,3.6502
miser,-1.5756,-0.6576,-1.1234,2.1127,0.1418,0.9845,0.1418,4.4066,1.8913,0.9845,1.8913,3.0053
social worker,2.1303,1.2831,-0.049,1.8037,0.4075,-0.3277,0.4075,3.3637,1.6648,-0.3277,1.6648,3.6821
police officer,0.9893,2.5414,1.5355,3.927,0.7983,0.37,0.7983,1.8991,0.4831,0.37,0.4831,2.3619
imbecile,-2.4898,-1.9464,-0.009,1.3546,0.3422,-0.3612,0.3422,2.4982,-0.3899,-0.3612,-0.3899,4.5716
chaperon,0.9291,1.3256,-0.1228,2.3464,0.4425,0.5511,0.4425,1.2144,0.2077,0.5511,0.2077,2.4222
entrepreneur,1.6235,1.9931,2.1307,2.0889,0.696,0.9552,0.696,1.7712,0.2355,0.9552,0.2355,1.9933
Muslim,0.7145,0.2579,-0.1183,1.7411,0.6675,-0.0351,0.6675,1.5367,0.5203,-0.0351,0.5203,1.384
stripper,-1.1646,-1.154,1.207,3.807,1.3574,0.0632,1.3574,2.72,-0.2976,0.0632,-0.2976,3.1203
graduate student,1.9876,1.1086,0.13,1.4937,0.828,0.1168,0.828,2.9563,0.0184,0.1168,0.0184,2.3068
housebreaker,-2.8396,0.9658,0.964,2.1255,-0.0785,-0.1651,-0.0785,3.5237,0.2354,-0.1651,0.2354,4.7848
white-collar worker,1.1664,1.4404,0.4758,1.9283,0.7811,0.1443,0.7811,2.8844,1.7719,0.1443,1.7719,3.2588
writer,1.6517,2.1297,-1.1469,2.0098,0.8689,-0.0204,0.8689,2.1535,0.2493,-0.0204,0.2493,2.7875
steel worker,0.8741,0.4944,1.0284,1.285,0.1274,-0.0701,0.1274,2.9372,0.5586,-0.0701,0.5586,3.0194
newscaster,0.8017,1.6341,2.2445,1.9709,0.7034,0.4866,0.7034,2.3902,0.5955,0.4866,0.5955,1.2298
widower,-0.3295,-0.9951,-1.5074,1.5595,0.214,0.5111,0.214,2.1282,1.1447,0.5111,1.1447,1.3805
speeder,-1.3083,0.7352,2.8248,1.7769,0.2287,-0.2124,0.2287,2.125,0.2112,-0.2124,0.2112,1.7903
comedian,1.8517,1.1569,2.9662,2.1,0.9894,0.1545,0.9894,2.5188,0.2394,0.1545,0.2394,0.9534
computer support specialist,1.4466,0.7631,0.0652,2.4461,1.2291,0.3931,1.2291,2.5186,0.8063,0.3931,0.8063,3.1779
psychologist,1.539,1.3428,-0.8548,1.5092,0.89,-0.7184,0.89,2.827,-0.0845,-0.7184,-0.0845,2.7225
best man,2.539,1.44,0.5855,0.9774,0.3073,0.0418,0.3073,1.6907,0.3001,0.0418,0.3001,2.3826
manager,1.201,2.6565,1.2966,1.3074,0.3962,0.6557,0.3962,0.9214,0.503,0.6557,0.503,2.3808
disabled person,0.3072,-1.0014,-1.3014,1.8309,0.2367,0.5487,0.2367,3.2425,1.3149,0.5487,1.3149,1.7229
underdog,1.2241,-0.6631,-0.1793,2.3485,1.1295,0.7867,1.1295,3.8342,1.0269,0.7867,1.0269,4.2353
foster parent,2.2655,1.87,0.4745,2,0.4537,0.0937,0.4537,3.2699,-0.1486,0.0937,-0.1486,2.2869
poser,-2.0937,-1.7958,0.4379,1.321,0.1578,-0.0914,0.1578,2.1374,-0.8811,-0.0914,-0.8811,3.1261
scoundrel,-2.603,-0.4774,1.6804,1.2242,0.219,-0.6691,0.219,2.8395,-0.1681,-0.6691,-0.1681,2.0695
prosecutor,0.1768,2.7504,1.5582,2.253,-0.1892,0.0271,-0.1892,0.7809,0.2263,0.0271,0.2263,1.9028
stepchild,0.1897,-0.2448,0.23,1.2173,0.5283,-0.3197,0.5283,1.484,-0.3721,-0.3197,-0.3721,0.9959
president,1.2137,3.0711,1.113,3.6215,0.9851,0.8171,0.9851,2.3694,1.1279,0.8171,1.1279,3.4337
fire investigator,1.8679,1.6668,0.4838,1.5712,0.4125,0.1906,0.4125,1.149,0.5893,0.1906,0.5893,3.0285
academic,2.267,2.3074,-0.1648,2.0776,1.448,0.7069,1.448,2.8008,0.7243,0.7069,0.7243,3.4793
offender,-2.3933,0.5622,1.2659,1.67,0.0861,-0.3289,0.0861,4.1304,1.1778,-0.3289,1.1778,2.0115
shyster,-0.7342,-1.08,-1.0736,2.5936,-0.5372,-1.484,-0.5372,2.5302,2.0214,-1.484,2.0214,4.5815
sinner,-1.7192,-0.537,0.6841,2.9988,1.1208,-0.2059,1.1208,4.7007,1.1581,-0.2059,1.1581,2.6489
informant,0.3851,1.4416,-0.1231,2.1265,0.1623,0.3498,0.1623,2.8728,0.6187,0.3498,0.6187,2.9441
vagrant,-1.3544,-1.4625,-0.2887,1.6232,0.2608,0.0189,0.2608,1.887,1.2666,0.0189,1.2666,2.6218
forest ranger,1.9758,1.0088,-0.14,1.5722,0.5786,-0.0467,0.5786,1.2663,0.4912,-0.0467,0.4912,2.5562
accounting clerk,0.9351,0.4464,-0.9838,1.5461,0.2143,-0.2691,0.2143,2.468,0.8128,-0.2691,0.8128,1.9157
autistic person,0.6351,-0.9332,-0.2034,2.1492,1.0539,-0.4939,1.0539,2.4666,0.0632,-0.4939,0.0632,2.7204
servant,0.6585,-1.8463,-1.0952,2.5768,0.4303,0.3804,0.4303,2.0577,1.0656,0.3804,1.0656,1.966
banker,0.9891,1.2453,-0.5845,1.308,-0.1765,-0.7844,-0.1765,1.9451,0.2272,-0.7844,0.2272,2.4815
custodian,1.4355,-0.8468,-0.9438,1.6864,0.5562,-0.4299,0.5562,2.3751,-0.1917,-0.4299,-0.1917,1.7265
law student,1.5511,1.6978,0.213,1.5489,0.5194,0.412,0.5194,1.6938,0.1351,0.412,0.1351,4.0903
girlfriend,2.1567,1.3485,1.0782,1.9415,0.9735,0.5135,0.9735,2.1509,0.4666,0.5135,0.4666,1.7968
janitor,1.3985,-0.9855,-0.9848,1.2181,0.05,0.1031,0.05,1.9077,0.8769,0.1031,0.8769,1.4229
illegitimate child,-0.7169,-0.8428,-0.1086,1.6667,0.5922,0.6118,0.5922,1.9629,0.4782,0.6118,0.4782,1.528
sewing machine operator,1.0639,-0.6285,-0.1715,1.1188,-0.092,0.5557,-0.092,2.1256,0.7865,0.5557,0.7865,3.9405
anesthetist,1.5161,1.9483,-1.0366,2.1321,1.0221,-0.6741,1.0221,2.0885,-0.7263,-0.6741,-0.7263,2.5991
schizophrenic,-0.9604,-1.1488,1.4222,1.6329,0.0849,-0.1931,0.0849,2.6871,0.0821,-0.1931,0.0821,2.4752
computer security specialist,1.4661,1.4162,-0.6008,1.3908,0.9502,-0.0574,0.9502,2.3555,0.1216,-0.0574,0.1216,1.6888
mayor,1.0467,2.0367,0.9363,2.0604,0.5113,0.4108,0.5113,1.5339,0.8349,0.4108,0.8349,2.5714
sister-in-law,0.914,0.1981,0.3438,1.2549,0.3904,0.1943,0.3904,1.1828,0.671,0.1943,0.671,1.3766
butcher,0.5977,0.8011,0.6687,2.3279,-0.7445,0.0043,-0.7445,2.182,0.0201,0.0043,0.0201,2.5094
witness,1.3611,1.7367,-0.0767,1.8068,0.7246,0.1729,0.7246,2.5333,0.5666,0.1729,0.5666,1.8936
Black,0.8492,0.7408,1.1319,2.5671,1.196,0.5076,1.196,1.8574,0.8539,0.5076,0.8539,2.4721
patient,0.64,-1.4715,-1.2767,1.173,0.0754,-0.2134,0.0754,1.1339,0.5085,-0.2134,0.5085,2.0391
eyewitness,1.4841,1.863,-0.047,1.2736,1.0044,-0.1724,1.0044,1.9455,0.0569,-0.1724,0.0569,2.0897
rat,-1.8985,-1.7848,0.5852,2.8602,0.6805,0.084,0.6805,2.822,0.6493,0.084,0.6493,5.6044
stepsister,0.4304,0.1092,0.2131,0.7797,0.2158,0.0178,0.2158,0.7078,0.0814,0.0178,0.0814,0.7325
youngster,1.1634,-0.8762,2.2,1.7899,0.5566,0.498,0.5566,2.4374,0.4004,0.498,0.4004,2.4548
bastard,-1.6264,-0.7508,0.6028,1.8221,0.4976,-0.7138,0.4976,2.1458,0.0946,-0.7138,0.0946,1.9283
thug,-2.6611,0.5307,1.4778,1.69,0.2087,-0.7177,0.2087,4.6696,1.5562,-0.7177,1.5562,4.4951
streetwalker,-0.6541,-1.2196,0.07,1.8866,0.4602,-0.5589,0.4602,1.6169,0.1431,-0.5589,0.1431,3.0981
self-employed worker,1.8111,1.7759,0.9156,1.7735,1.4225,0.395,1.4225,2.855,0.8576,0.395,0.8576,2.0541
copycat,-1.9925,-1.1989,-0.0457,1.9465,1.0375,0.2725,1.0375,3.2328,0.4566,0.2725,0.4566,3.4339
scholar,2.607,2.4311,-0.2896,1.3387,0.9676,0.095,0.9676,1.8974,0.8473,0.095,0.8473,4
Hispanic woman,0.9548,0.0285,0.9104,1.531,0.5974,0.4277,0.5974,1.8472,1.0589,0.4277,1.0589,2.1829
ninny,-1.3018,-1.9152,-0.586,1.24,0.7848,-0.3399,0.7848,1.9524,0.5984,-0.3399,0.5984,4.2587
male,1.0766,1.9868,1.02,2.0037,0.9493,0.6459,0.9493,1.4311,0.7084,0.6459,0.7084,1.9008
queer,0.1458,-0.5236,0.9407,3.9825,1.9773,0.2851,1.9773,2.5107,-0.4971,0.2851,-0.4971,2.1969
warden,0.0305,2.412,0.876,2.9313,0.4985,-0.3558,0.4985,1.5943,0.6937,-0.3558,0.6937,2.5613
firstborn,1.7971,1.6036,0.6818,2.2012,0.9523,0.6699,0.9523,3.3737,-0.4365,0.6699,-0.4365,3.1123
companion,3.1336,2.1018,0.4046,0.8883,0.6946,0.0019,0.6946,1.7259,-0.0484,0.0019,-0.0484,2.2258
stepmother,0.0593,0.3032,0.4771,1.3355,0.0883,-0.486,0.0883,1.7385,0.4737,-0.486,0.4737,1.2269
detective,1.7311,1.9721,-0.6943,1.4978,0.8491,-0.0559,0.8491,1.3191,0.1282,-0.0559,0.1282,3.901
telemarketer,-1.6332,-1.6736,1.6686,2.7533,1.461,-0.586,1.461,3.38,0.542,-0.586,0.542,4.618
kid,1.1832,-1.4646,2.445,1.6793,0.3267,0.3033,0.3267,2.2661,-0.5383,0.3033,-0.5383,1.8011
Catholic,0.5275,0.5143,-0.1671,2.4407,1.0146,-0.3413,1.0146,1.9613,-0.1416,-0.3413,-0.1416,2.1004
senior citizen,1.6254,-0.7865,-1.8571,2.0631,0.2326,-0.2669,0.2326,2.9486,0.5683,-0.2669,0.5683,2.21
troublemaker,-2.24,0.7218,2.325,2.1163,0.5547,-0.6963,0.5547,3.8448,-0.0878,-0.6963,-0.0878,2.3642
drunk,-1.4782,-1.16,1.6407,2.91,1.2487,0.168,1.2487,4.4173,1.2153,0.168,1.2153,4.2439
saint,3.0889,2.7654,-1.1014,1.615,0.8573,-0.2113,0.8573,1.5236,-0.2592,-0.2113,-0.2592,3.2428
district attorney,1.02,2.5321,1.0847,1.6435,1.0956,0.7219,1.0956,1.7722,0.8458,0.7219,0.8458,2.6459
Air Force enlistee,2.1411,1.6918,0.9164,1.8634,1.7002,0.4284,1.7002,2.7638,0.3898,0.4284,0.3898,2.499
blabbermouth,-1.9697,-0.0993,2.9564,2.2746,-0.08,-0.817,-0.08,4.3826,-0.1555,-0.817,-0.1555,1.6457
salesclerk,0.6797,-0.0536,1.1111,0.8425,0.0165,-0.0985,0.0165,2.06,0.8337,-0.0985,0.8337,1.8589
creditor,-0.57,1.6224,0.6252,3.2506,-0.0229,-1.5773,-0.0229,1.8328,0.5372,-1.5773,0.5372,3.3475
intimate,2.1282,1.8925,0.0225,3.1275,1.9371,0.6007,1.9371,3.2184,0.6731,0.6007,0.6731,4.1732
physicist,1.6473,1.5018,-0.3913,2.1048,0.986,-0.1215,0.986,2.1126,-0.5654,-0.1215,-0.5654,2.9588
night watchman,1.595,1.2097,-1.4497,2.4444,0.5443,-0.3722,0.5443,1.9496,0.2353,-0.3722,0.2353,2.3384
klutz,-0.7893,-1.3668,1.2972,1.6299,0.5618,-0.1749,0.5618,1.5724,-0.3035,-0.1749,-0.3035,2.835
lobby attendant,1.1957,-0.4782,-0.2411,1.2748,-0.0568,0.2501,-0.0568,1.9927,0.4185,0.2501,0.4185,2.1968
bore,-1.6645,-1.14,-2.0887,1.7521,0.209,0.8747,0.209,2.4815,0.557,0.8747,0.557,2.8666
toddler,1.0368,-1.9232,1.9957,3.5138,0.0576,-0.8374,0.0576,3.3423,0.2594,-0.8374,0.2594,4.6054
adopted daughter,2.0782,0.5111,0.0482,2.0901,0.9778,-0.1012,0.9778,3.2006,0.2045,-0.1012,0.2045,0.7696
blonde,0.7011,0.3043,0.9539,2.1708,1.1818,0.3885,1.1818,2.2011,0.1439,0.3885,0.1439,2.1228
classmate,1.0097,0.2139,0.2618,0.9442,0.2522,0.0591,0.2522,1.3505,-0.339,0.0591,-0.339,0.9922
evangelical Christian,0.7271,0.7319,0.8244,2.6671,0.6981,-0.2864,0.6981,1.9704,0.6007,-0.2864,0.6007,1.9185
jury foreman,0.6384,1.3094,-0.0661,0.9054,0.5552,0.0324,0.5552,1.8188,-0.089,0.0324,-0.089,1.7429
cad,-1.1683,-0.5718,0.973,1.8622,0.3384,-1.651,0.3384,2.1541,-0.6064,-1.651,-0.6064,1.9209
plaintiff,0.2356,0.7098,0.2778,1.1168,0.5825,-0.1631,0.5825,2.199,0.7085,-0.1631,0.7085,1.9878
passerby,0.2835,-0.6396,-0.6292,0.6195,0.103,0.2131,0.103,2.5549,1.066,0.2131,1.066,2.1826
houseguest,1.4654,-0.1914,0.2871,1.574,0.3252,-0.2928,0.3252,2.8997,0.5223,-0.2928,0.5223,1.6883
tramp,-2.2264,-1.4882,0.9325,2.2366,0.7462,-1.0064,0.7462,3.0949,0.4642,-1.0064,0.4642,3.8747
phony,-2.9032,-1.7096,0.8714,1.1396,0.1471,-0.4059,0.1471,3.1416,-0.0678,-0.4059,-0.0678,3.6452
economist,0.9858,1.048,0.0029,1.9006,0.4771,-0.0586,0.4771,1.4501,0.1944,-0.0586,0.1944,2.514
scrooge,-2.1328,-0.1566,-0.9615,1.3094,0.5433,0.5246,0.5433,3.9494,-0.1338,0.5246,-0.1338,3.1886
chiropractor,1.6317,1.2355,-0.2976,1.7783,1.3019,0.1732,1.3019,1.9645,0.271,0.1732,0.271,2.6538
degenerate,-1.6313,-1.3974,-0.4961,1.1672,0.332,-0.2515,0.332,2.631,0.3952,-0.2515,0.3952,2.7789
prisoner,-1.6893,-2.2362,-0.5907,1.4132,0.4078,0.3916,0.4078,3.532,1.7372,0.3916,1.7372,3.9076
aide,1.89,1.3696,0.3666,1.454,0.7627,0.1914,0.7627,1.6682,0.3986,0.1914,0.3986,1.9129
shopper,0.6121,0.6117,0.7438,0.8528,0.3052,0.0635,0.3052,1.1512,0.0294,0.0635,0.0294,1.7656
traitor,-2.8259,0.3038,-0.7303,2.2706,0.9712,0.0952,0.9712,6.5562,0.0287,0.0952,0.0287,2.9576
white supremacist,-3.2007,0.0143,1.2361,1.9583,0.0744,-0.6766,0.0744,5.516,-0.1558,-0.6766,-0.1558,4.6491
cleaning woman,1.5986,-0.0521,-0.009,1.3028,0.2172,0.4463,0.2172,2.6316,0.7119,0.4463,0.7119,2.5111
professor,1.7941,2.2759,0.3373,1.3257,0.4401,0.5778,0.4401,1.2122,0.3831,0.5778,0.3831,2.1816
kook,-0.3365,-0.1469,0.9035,0.9853,0.5787,0.389,0.5787,1.1284,-0.146,0.389,-0.146,1.7245
female,1.7127,0.7734,0.8603,2.8853,0.6079,0.9663,0.6079,4.2832,0.8282,0.9663,0.8282,2.3185
white woman,0.8579,0.7838,0.2176,2.4238,0.8643,0.2741,0.8643,2.1789,-0.0557,0.2741,-0.0557,1.673
blood donor,3.0362,2.2142,-0.3683,0.9912,0.4856,0.0088,0.4856,1.203,0.0391,0.0088,0.0391,1.6763
cabinet maker,1.046,0.627,0.2723,0.877,0.3825,0.5072,0.3825,1.7211,0.7108,0.5072,0.7108,1.9467
elementary school student,1.2411,-0.913,2.199,1.4753,0.2555,0.2618,0.2555,3.3528,-0.8654,0.2618,-0.8654,1.8605
teacher,2.4817,2.1914,0.4372,1.5518,0.6459,0.5409,0.6459,2.0956,0.8537,0.5409,0.8537,2.7263
expert,1.9231,2.6921,0.5193,1.5544,0.6728,0.2378,0.6728,1.2148,0.3962,0.2378,0.3962,2.9465
hermit,-0.1082,-1.4661,-2.3689,1.3027,1.119,0.1702,1.119,3.0999,1.1204,0.1702,1.1204,1.722
underachiever,-1.6148,-1.7597,-1.63,1.9781,0.6972,0.5158,0.6972,2.7178,0.2635,0.5158,0.2635,1.884
Asian-American,1.0738,0.8114,-0.01,1.9282,0.6741,-0.6738,0.6741,1.6155,-0.3227,-0.6738,-0.3227,1.7782
snob,-2.2604,-0.28,0.6886,1.3782,0.2141,-0.0605,0.2141,3.5347,1.1127,-0.0605,1.1127,3.8499
fellow,1.3081,0.5127,-0.0477,1.1283,0.4118,-0.0414,0.4118,1.6397,-0.0266,-0.0414,-0.0266,1.4301
buddy,2.6314,1.9107,1.0652,1.1372,0.769,0.4812,0.769,1.7679,0.3936,0.4812,0.3936,1.7325
wage earner,1.6414,1.0936,0.0621,1.17,0.5106,0.0305,0.5106,2.0349,0.3081,0.0305,0.3081,1.6684
server,1.751,-0.1317,0.7893,1.3272,0.5848,0.5068,0.5848,2.6553,0.1632,0.5068,0.1632,2.8561
superordinate,0.2794,0.5714,0.1463,0.8649,-0.399,-0.453,-0.399,3.5501,1.4407,-0.453,1.4407,1.6375
junkie,-1.9126,-1.913,-0.2519,2.0365,1.2163,0.3637,1.2163,3.1057,0.9499,0.3637,0.9499,4.4519
son,1.5333,1.3077,0.7561,1.7776,0.762,0.3539,0.762,1.8044,-0.378,0.3539,-0.378,1.8766
inmate,-1.6386,-1.4154,0.0523,1.4908,0.5737,-0.1439,0.5737,4.5886,1.6633,-0.1439,1.6633,3.8387
vip,0.9972,2.2583,1.4644,1.2286,0.4549,0.2765,0.4549,1.6206,1.1119,0.2765,1.1119,1.6163
widow,-0.0314,-0.6235,-1.3093,0.8361,0.2668,-0.0432,0.2668,1.411,0.287,-0.0432,0.287,1.0979
usher,1.4397,0.726,-0.5347,1.3696,0.4142,-0.3826,0.4142,1.1185,0.0012,-0.3826,0.0012,2.0723
partner,2.179,1.58,0.5431,1.5021,0.7538,0.3764,0.7538,1.6758,0.3518,0.3764,0.3518,1.349
shoe repairman,1.3872,0.0441,-0.3021,1.3301,0.0811,-0.011,0.0811,1.9462,0.4048,-0.011,0.4048,1.1583
Methodist,1.3109,0.566,0.0421,1.2773,0.6343,0.109,0.6343,0.9582,0.0218,0.109,0.0218,0.8506
psychopath,-2.2779,0.5914,0.899,2.2001,0.151,-0.6684,0.151,3.879,0.4555,-0.6684,0.4555,3.9186
opportunist,1.4058,1.9907,1.8017,2.4059,0.8372,0.1433,0.8372,1.7927,0.3834,0.1433,0.3834,1.7046
real estate agent,0.8621,1.1552,1.1962,0.8885,0.3825,0.2627,0.3825,0.9596,0.2291,0.2627,0.2291,1.9487
millionaire,0.4514,2.5055,1.1807,1.9966,0.1349,0.2992,0.1349,1.691,0.3346,0.2992,0.3346,2.1038
consultant,1.6122,1.5857,0.8182,1.73,1.0202,0.5888,1.0202,1.4698,1.0931,0.5888,1.0931,2.8202
college student,1.7768,0.4036,1.8086,1.8545,0.8865,0.4089,0.8865,3.5113,0.0554,0.4089,0.0554,2.1092
hunk,0.8218,1.5131,0.9975,1.7399,0.3804,-0.049,0.3804,1.3832,0.6775,-0.049,0.6775,1.5312
plumber,1.3927,0.2829,-0.1243,1.2336,0.555,0.3429,0.555,1.5416,0.3843,0.3429,0.3843,1.3007
specialist,2.0546,2.0736,0.4725,1.3032,0.8681,0.393,0.8681,1.4007,0.4142,0.393,0.4142,1.6892
student teacher,1.7311,0.2089,0.3489,1.1973,0.5996,0.2232,0.5996,2.0496,0.4926,0.2232,0.4926,2.4131
collaborator,1.4229,1.3407,0.7621,2.0259,0.147,0.9161,0.147,1.5201,0.48,0.9161,0.48,1.6661
ally,2.4325,2.2261,-0.2443,3.02,2.311,0.808,2.311,2.3152,0.8293,0.808,0.8293,2.5353
bouncer,0.6075,2.3261,0.7443,1.7458,0.2077,0.337,0.2077,1.0458,0.1384,0.337,0.1384,3.2372
robber,-3.1093,0.5239,0.0997,1.117,-0.0999,0.1168,-0.0999,5.2283,-0.2685,0.1168,-0.2685,6.3234
salesperson,0.1875,0.3471,2.3525,2.7,1.3518,-0.01,1.3518,2.1423,0.1212,-0.01,0.1212,1.6299
cheat,-3.0261,-0.5768,-0.1389,1.2786,0.7964,-0.2869,0.7964,6.2492,-0.979,-0.2869,-0.979,6.5727
bohemian,0.785,0.188,0.127,1.4389,0.6359,0.3861,0.6359,2.0869,0.5991,0.3861,0.5991,3.0784
attorney,1.1604,2.4553,1.6183,1.9031,0.5748,0.4986,0.5748,1.2475,0.4064,0.4986,0.4064,2.376
adopted child,1.9513,0.0225,0.0454,2.1843,1.1442,0.6112,1.1442,3.312,0.5432,0.6112,0.5432,2.5839
cheerleader,1.0797,0.0939,3.0475,2.6674,1.3042,0.3355,1.3042,3.9408,-0.1562,0.3355,-0.1562,1.0758
surgeon,3.0857,3.1389,-0.1339,0.7322,0.5409,0.4873,0.5409,0.9149,0.3797,0.4873,0.3797,6.6801
hypochondriac,-1.4052,-1.7105,0.3624,1.3304,0.6353,-0.6435,0.6353,1.4456,0.1268,-0.6435,0.1268,4.1024
single parent,0.9439,1.2057,0.6453,2.5341,1.6408,0.4836,1.6408,3.2563,0.0622,0.4836,0.0622,2.9622
Hispanic-American,1.0761,-0.0279,0.3529,1.5385,0.7886,0.7411,0.7886,1.7034,0.8317,0.7411,0.8317,1.9796
flirt,0.6061,0.9618,1.5915,2.3339,0.7202,-0.0181,0.7202,1.6563,0.1146,-0.0181,0.1146,1.7573
Marine Corps officer,2.0036,2.6504,2.0068,2.8805,0.8007,0.3328,0.8007,2.0004,0.9565,0.3328,0.9565,2.2086
uncle,1.855,0.9686,0.8704,1.6143,0.9313,0.6265,0.9313,1.3551,0.4143,0.6265,0.4143,1.7964
hostage,-1.6248,-2.9164,-1.4633,4.2633,0.0175,0.3247,0.0175,3.1239,0.5816,0.3247,0.5816,4.9695
adult,0.9457,1.895,0.3336,1.7164,0.4607,0.2398,0.4607,1.2464,0.3274,0.2398,0.3274,1.9903
psychiatric patient,-0.2918,-1.4839,0.0439,1.0575,0.6108,-0.4381,0.6108,2.3348,-0.039,-0.4381,-0.039,2.8041
chemist,1.6107,1.7843,-0.6268,1.4639,0.9034,0.6351,0.9034,1.2925,0.5213,0.6351,0.5213,3.4012
principal,1.4873,2.4658,0.8673,2.2088,0.797,0.3724,0.797,0.9189,0.2852,0.3724,0.2852,1.4061
interpreter,2.1557,1.9504,0.8829,1.2011,0.4357,-0.0752,0.4357,1.7593,0.0565,-0.0752,0.0565,2.5762
murderer,-3.8796,1.8004,0.0061,0.8208,-0.0158,0.2303,-0.0158,6.6039,1.7963,0.2303,1.7963,7.0738
gunman,-2.2218,2.3789,1.2068,3.0986,-0.277,-0.2949,-0.277,3.1162,1.0907,-0.2949,1.0907,4.6362
civil engineer,1.8447,1.5771,-0.0265,1.4587,1.2436,-0.0914,1.2436,2.137,-0.2375,-0.0914,-0.2375,2.9388
ass,-1.4366,0.2645,1.3362,4.7983,1.7095,-1.5327,1.7095,4.846,0.2281,-1.5327,0.2281,3.9167
pastor,1.9096,2.1468,0.7711,2.8785,1.5105,-0.9514,1.5105,2.0353,0.0083,-0.9514,0.0083,3.9462
bailsman,0.5853,1.3542,0.4654,0.9972,0.2501,0.4626,0.2501,1.5081,0.1577,0.4626,0.1577,1.748
baptist,0.7343,0.6457,0.835,2.8595,1.3946,0.1683,1.3946,2.0284,0.5032,0.1683,0.5032,3.5056
veterinarian,2.7796,1.9164,0.0057,0.7484,0.4602,0.1823,0.4602,1.1613,0.2357,0.1823,0.2357,2.9191
white man,0.8302,1.6633,0.5273,1.6248,0.967,0.056,0.967,1.9564,0.5857,0.056,0.5857,1.3508
foster mother,2.3436,1.7107,0.2682,2.1104,0.3915,0.0314,0.3915,2.4659,0.1552,0.0314,0.1552,2.4929
star,1.7543,2.2354,0.8507,2.5403,0.8501,-0.9922,0.8501,3.5051,0.2083,-0.9922,0.2083,5.4675
telephone operator,0.2193,-0.4853,0.4679,1.752,1.293,-0.3832,1.293,2.6994,0.155,-0.3832,0.155,3.6283
landscape architect,1.657,1.0993,-0.3363,1.397,0.9444,0.4863,0.9444,2.241,0.5379,0.4863,0.5379,2.978
foreigner,1.0932,-0.6834,0.1173,1.51,0.0688,0.2651,0.0688,1.5729,0.3231,0.2651,0.3231,2.4361
automobile assembler,1.0502,0.3203,0.8753,1.4134,1.1764,0.8444,1.1764,2.4324,1.5282,0.8444,1.5282,3.9521
introvert,0.1625,-0.8582,-2.5444,1.6111,1.1016,0.3269,1.1016,3.1217,1.1626,0.3269,1.1626,2.5873
accused,-1.5197,-1.4138,0.1314,1.7984,0.2325,-0.5223,0.2325,3.3097,0.2095,-0.5223,0.2095,3.4684
tool and die maker,0.8946,-0.1209,-0.2473,1.4675,1.0287,0.5231,1.0287,2.5907,1.2595,0.5231,1.2595,1.8559
handicapped person,0.4647,-0.8868,-1.2651,2.1863,0.6376,-0.0269,0.6376,3.4045,1.3615,-0.0269,1.3615,2.0503
bitch,-2.5305,0.1827,2.2888,1.8379,0.7173,-0.6444,0.7173,5.862,0.9461,-0.6444,0.9461,3.359
mother in law (maternal),0.5597,1.4109,1.3092,2.8834,0.5279,-0.6458,0.5279,2.5317,0.4552,-0.6458,0.4552,2.3251
relative,2.4121,1.58,1.1283,1.452,1.0033,0.5026,1.0033,1.9937,0.8223,0.5026,0.8223,2.4008
gossip,-2.1431,0.9142,1.6248,1.99,-0.6707,-0.2926,-0.6707,6.3623,0.8663,-0.2926,0.8663,4.8894
blacksmith,1.1573,1.1312,0.922,1.6439,0.9132,0.8833,0.9132,2.4192,1.5734,0.8833,1.5734,3.4614
Air Force officer,2.2291,2.519,1.7579,2.2923,1.3797,0.7057,1.3797,1.5238,0.9201,0.7057,0.9201,2.6144
ex-wife,-1.5173,0.2421,0.9797,1.9317,0.0409,-0.725,0.0409,3.8654,1.0555,-0.725,1.0555,2.8837
pupil,1.6877,0.2007,-0.2295,1.5521,0.5422,0.0475,0.5422,2.4531,0.6647,0.0475,0.6647,2.3722
foster daughter,1.5752,0.06,-0.28,1.8986,0.3144,-0.1517,0.3144,2.4186,1.2849,-0.1517,1.2849,2.0322
bonehead,-1.7929,-1.6989,-0.7947,1.7541,0.8552,0.7077,0.8552,2.0736,0.9608,0.7077,0.9608,3.798
mobster,-2.5072,2.5034,1.5842,1.7403,0.1876,-0.6446,0.1876,3.3312,2.0018,-0.6446,2.0018,4.1226
bailiff,0.8949,1.6396,0.2435,2.0458,1.0826,0.0748,1.0826,2.0867,1.0401,0.0748,1.0401,3.1992
chum,-0.7796,-1.1659,-0.7761,3.8384,3.035,2.1641,3.035,3.861,2.1377,2.1641,2.1377,3.9175
probation officer,0.2373,1.9543,0.6776,3.2421,0.73,0.3269,0.73,1.5031,0.5799,0.3269,0.5799,1.822
weirdo,-0.6193,-0.8166,-0.0004,2.9057,1.4698,0.3425,1.4698,2.4313,0.8997,0.3425,0.8997,2.8092
ex-husband,-1.4712,-0.4129,0.1475,1.6443,1.3249,0.2972,1.3249,3.0304,0.8925,0.2972,0.8925,3.0339
capitalist,0.6712,1.7228,1.3035,3.0605,0.7067,0.4085,0.7067,2.4114,1.3153,0.4085,1.3153,1.7985
ship captain,1.8288,2.5081,1.579,1.8279,0.7298,0.2915,0.7298,1.5143,0.4617,0.2915,0.4617,2.9873
switchboard operator,0.7178,0.4357,0.4429,1.3987,0.7069,0.6971,0.7069,2.5278,1.1427,0.6971,1.1427,2.7589
beauty,2.3902,2.0163,0.4112,2.2699,1.3722,0.2675,1.3722,3.4448,0.5805,0.2675,0.5805,3.0528
negotiator,1.8675,2.3458,0.5641,1.7147,0.6476,0.0907,0.6476,1.0469,0.4479,0.0907,0.4479,3.7536
astronaut,2.5417,2.2642,0.7245,1.3101,1.2148,0.4387,1.2148,2.7376,0.5301,0.4387,0.5301,3.7404
liar,-2.7126,0.2627,0.0939,1.838,0.4739,-0.6446,0.4739,5.8185,1.7155,-0.6446,1.7155,6.4561
travel agent,1.3866,0.4317,1.099,2.059,1.0111,1.1941,1.0111,2.6551,1.6762,1.1941,1.6762,2.7061
cynic,-1.363,-0.3887,0.3034,2.076,0.9547,0.1722,0.9547,2.6518,0.5862,0.1722,0.5862,3.8914
ophthalmologist,1.6353,1.5195,-0.1705,1.783,1.3782,0.5388,1.3782,1.6826,0.7718,0.5388,0.7718,2.4674
insider,0.7396,2.0966,-0.4662,1.9866,0.3044,0.4485,0.3044,1.8442,0.6061,0.4485,0.6061,4.4479
winner,2.7268,2.8614,2.1464,1.715,1.1469,0.7024,1.1469,1.351,0.8303,0.7024,0.8303,2.2798
organizer,2.2875,1.5566,0.6132,1.3847,1.2167,0.3492,1.2167,3.0085,1.0528,0.3492,1.0528,4.2012
half sister,0.6669,0.1893,0.4786,1.9335,1.3817,1.079,1.3817,1.6993,0.9394,1.079,0.9394,1.6867
racist,-3.6078,-0.7658,1.4783,1.2567,0.5873,-0.3099,0.5873,8.3341,1.6776,-0.3099,1.6776,6.1515
sophomore,0.8234,-0.1431,0.599,1.9147,0.827,0.5555,0.827,1.8085,0.5289,0.5555,0.5289,1.8991
confidant,2.3491,2.484,-0.5167,2.8478,0.7547,-0.8913,0.7547,1.6426,-0.176,-0.8913,-0.176,3.709
fianc,2.5036,1.7582,1.4836,0.9283,0.9022,0.5868,0.9022,1.8934,0.9886,0.5868,0.9886,1.4197
divorc,-1.4787,0.444,0.2627,2.5042,-1.5271,-1.4673,-1.5271,2.1765,1.3604,-1.4673,1.3604,2.0081
pimp,-2.9249,2.0453,1.7265,1.4325,-0.5625,-0.379,-0.5625,4.1704,0.2626,-0.379,0.2626,4.5911
undergraduate,1.6486,-0.0114,1.1282,1.8471,0.9626,-0.2546,0.9626,4.683,0.2192,-0.2546,0.2192,2.5934
mother-in-law,1.0535,1.3225,1.382,3.0579,2.0247,0.377,2.0247,2.9343,0.343,0.377,0.343,2.1305
malcontent,-1.627,-0.1805,0.3705,2.0998,-1.0173,0.0807,-1.0173,3.242,0.2729,0.0807,0.2729,2.8784
Asian woman,0.9535,0.2192,-0.422,2.7354,1.708,-1.1019,1.708,4.3624,-0.4554,-1.1019,-0.4554,3.6062
teammate,2.8053,2.1192,1.6837,1.5592,1.1571,0.8722,1.1571,2.0129,0.7608,0.8722,0.7608,1.7336
co-worker,1.3922,0.2649,0.4355,1.8189,0.2788,1.2103,0.2788,1.9697,0.1595,1.2103,0.1595,1.9336
drunkard,-2.3851,-1.7685,1.1141,1.8417,0.8134,-0.2768,0.8134,4.2328,0.613,-0.2768,0.613,6.1711
cook,2.0951,1.6327,1.4992,1.8351,1.2805,0.6185,1.2805,2.778,0.7555,0.6185,0.7555,2.6953
Army enlistee,2.5268,1.7532,1.1821,2.3405,1.6505,0.6954,1.6505,3.9531,0.3859,0.6954,0.3859,3.3054
nursing assistant,2.3384,0.8927,0.529,1.7328,0.8075,0.3839,0.8075,2.8312,0.4312,0.3839,0.4312,3.9056
father in law,1.4306,1.8045,0.1339,2.8418,1.2712,0.1621,1.2712,1.9096,0.4902,0.1621,0.4902,3.0797
grouch,-2.4987,-1.3354,-0.46,1.6287,0.7888,-0.44,0.7888,4.1762,1.0604,-0.44,1.0604,5.8432
shop clerk,1.0882,-0.489,0.1175,2.1407,0.5788,1.2271,0.5788,2.3463,1.6585,1.2271,1.6585,3.016
authority,0.738,3.0677,0.56,2.5698,0.3165,0.5876,0.3165,1.6475,-0.0582,0.5876,-0.0582,3.1265
girl scout,2.1004,-0.2576,0.6057,1.682,0.3839,-0.1402,0.3839,3.3734,1.3921,-0.1402,1.3921,2.8092
bridegroom,1.5507,1.2853,0.1093,2.5494,1.7747,-0.2505,1.7747,2.6326,-0.2118,-0.2505,-0.2118,2.3461
vigilante,0.0995,1.1,1.2537,3.097,0.8083,0.8122,0.8083,2.1448,0.3881,0.8122,0.3881,2.2007
Chinese,0.9282,0.4616,0.0792,2.409,1.6818,-0.5131,1.6818,2.7752,-0.4925,-0.5131,-0.4925,2.5755
benefactor,2.0685,2.1634,0.0706,2.1669,1.1554,0.1305,1.1554,1.5669,-0.3533,0.1305,-0.3533,1.8438
blue-collar worker,1.34,-0.2894,0.4395,1.9888,0.9444,0.5825,0.9444,3.1857,0.629,0.5825,0.629,2.4197
brain,3.4135,3.6935,2.1751,1.5165,0.7926,0.9693,0.7926,1.0207,0.8834,0.9693,0.8834,5.3325
gal,1.9383,0.698,0.6375,1.8192,1.0362,0.4482,1.0362,2.8841,0.7172,0.4482,0.7172,2.1854
enemy,-2.7575,1.3567,1.1306,2.5631,-0.7307,-0.3343,-0.7307,5.6532,1.501,-0.3343,1.501,5.1459
black man,1.4008,1.0674,1.0967,2.8789,1.6774,1.1742,1.6774,3.323,1.4452,1.1742,1.4452,2.223
migrant worker,0.7302,-1.0641,0.0665,1.9949,-0.0055,-0.7206,-0.0055,2.4745,0.4697,-0.7206,0.4697,2.1894
nephew,1.9263,-0.2383,1.5054,2.0181,-0.2947,0.7321,-0.2947,3.3023,-0.1905,0.7321,-0.1905,2.0323
mistress,-2.3734,-0.16,0.1294,2.8294,0.4599,-0.0917,0.4599,5.7804,1.4251,-0.0917,1.4251,5.9596
rake,0.9247,-0.1676,0.2851,2.2066,0.5812,1.012,0.5812,4.6289,1.0926,1.012,1.0926,4.2808
hotshot,-1.02,1.1229,2.4979,1.5189,0.9444,-0.2623,0.9444,3.4591,0.3601,-0.2623,0.3601,1.7354
unemployed person,-0.5886,-1.8204,-1.2237,2.1271,1.185,0.9448,1.185,2.7054,1.3605,0.9448,1.3605,2.3255
rookie cop,0.0952,-0.7187,0.1461,2.7022,0.0914,0.7561,0.0914,2.8168,0.9283,0.7561,0.9283,3.1518
peer,1.8918,0.8853,0.4151,1.7234,0.5513,0.0631,0.5513,1.9924,0.1577,0.0631,0.1577,1.2619
bank manager,0.989,1.911,0.1963,1.8024,0.7009,0.6046,0.7009,2.2613,0.1578,0.6046,0.1578,2.8306
bureaucrat,-0.6813,1.3244,0.2404,2.434,0.4733,0.4348,0.4733,3.5774,2.3228,0.4348,2.3228,4.1991
roommate,1.3894,0.74,0.6829,2.6395,1.2996,0.8909,1.2996,1.7091,0.2548,0.8909,0.2548,2.6242
slave,-1.7392,-2.8862,-1.3454,6.4219,0.3184,-0.7133,0.3184,4.523,2.1936,-0.7133,2.1936,6.0043
oldgeezer,0.3133,-0.8693,-1.9187,2.4025,0.5751,-0.4712,0.5751,2.3498,0.5164,-0.4712,0.5164,1.9302
unemployedperson,-0.5466,-1.7384,-0.9192,1.4695,0.7174,0.6712,0.7174,2.0871,0.4627,0.6712,0.4627,1.6107
divorc,-1.8724,1.0448,0.6551,2.3876,-1.8301,-0.7586,-1.8301,3.8389,1.8813,-0.7586,1.8813,4.202
disregard,-1.4,0.65,-0.125,1.4857,-0.3032,-0.6129,-0.3032,2.7581,1.2165,-0.6129,1.2165,3.4524
advertising executive,0.36,2.1429,1.3286,2.1513,-0.5386,-0.0621,-0.5386,2.616,0.9475,-0.0621,0.9475,2.0962
public relations specialists,1.4945,1.7278,1.4028,0.824,0.6328,0.0254,0.6328,1.3038,0.0828,0.0254,0.0828,1.7123
Murderess,-3.1569,1.6354,0.1661,2.1944,-0.6717,-1.3801,-0.6717,4.8848,0.5354,-1.3801,0.5354,5.4938
grind,0.4345,1.5448,0.9965,2.3709,1.2044,0.4087,1.2044,1.6154,0.4548,0.4087,0.4548,3.7624
Penticostal,0.45,0.2727,0.9864,0.9255,0.2671,0.0074,0.2671,1.3993,0.0429,0.0074,0.0429,2.5137
oldman,1.6644,-0.583,-2.0712,1.6965,0.5181,-0.5519,0.5181,2.5998,0.4106,-0.5519,0.4106,1.7462
fianc,2.3152,1.9879,-0.0121,2.0213,1.4111,0.0001,1.4111,1.7962,0.3102,0.0001,0.3102,3.2767
fiancee,2.5061,1.7121,0.7303,1.8487,1.1368,0.2726,1.1368,1.503,0.5068,0.2726,0.5068,2.6272
blackm,0.6606,0.3727,1.1031,2.0168,0.8836,0.7986,0.8836,2.0921,0.4398,0.7986,0.4398,2.0085
educatedm,3.4057,3.3114,-0.4686,1.5823,0.9337,-0.1107,0.9337,1.1698,-0.1274,-0.1107,-0.1274,4.1516
elderlym,0.5975,-0.44,-2.15,1.8019,0.163,-0.2303,0.163,2.6804,0.3842,-0.2303,0.3842,1.0753
employedm,3.0286,2.0829,0.1686,1.5963,0.9328,-0.1188,0.9328,2.0938,0.141,-0.1188,0.141,2.2452
femalem,1.9677,1.2647,0.2618,3.2605,1.4894,0.5481,1.4894,3.2218,0.9243,0.5481,0.9243,1.7102
lower classm,-1.1423,-1.8847,-0.3615,1.3682,0.8074,0.5866,0.8074,1.102,0.4234,0.5866,0.4234,2.1041
malem,1.8767,1.7867,0.8967,2.7197,1.2117,0.2541,1.2117,2.4385,0.8507,0.2541,0.8507,2.2507
middle-agedm,0.2353,1.0912,-0.5853,2.3727,-0.026,1.3895,-0.026,1.6572,-0.2923,1.3895,-0.2923,2.2353
middle-classm,0.9436,0.5231,0.0923,1.6599,0.4919,-0.1065,0.4919,1.4007,0.5491,-0.1065,0.5491,1.3108
oldm,0.3421,0.5395,-1.9947,3.2431,1.2467,0.4808,1.2467,3.5063,-0.0432,0.4808,-0.0432,1.0427
poorm,-1.9167,-2.2806,-1.3195,2.5814,1.7597,1.1634,1.7597,3.3969,1.0572,1.1634,1.0572,2.0793
richm,2.4077,3.0115,1.2347,2.2263,0.8306,0.3813,0.8306,1.1603,0.3964,0.3813,0.3964,2.4695
uneducatedm,-2.71,-1.9467,-1.54,2.2533,0.7371,1.4189,0.7371,5.2674,2.5092,1.4189,2.5092,4.4576
unemployedm,-2.6781,-2.4406,-2.1156,1.3734,0.8909,0.3406,0.8909,3.9037,1.349,0.3406,1.349,2.5122
wealthym,2.1084,2.8306,0.7944,1.87,0.7552,0.0427,0.7552,2.0246,0.5208,0.0427,0.5208,2.9542
whitem,0.8912,1.6471,0.5795,1.8239,0.8792,1.2283,0.8792,1.7983,1.1292,1.2283,1.1292,2.1011
youngm,2.425,0.7125,2.4094,1.8394,1.86,0.5256,1.86,5.1206,0.4086,0.5256,0.4086,1.5577